step,phase,consolidation/count,eval/code/exact_match,eval/code/forgetting_delta,eval/code/loss,eval/code/ppl,eval/code/retention_delta,eval/code/samples,eval/code/tokens,eval/general/forgetting_delta,eval/general/loss,eval/general/ppl,eval/general/retention_delta,eval/general/samples,eval/general/tokens,eval/macro_loss,eval/macro_ppl,eval/math/exact_match,eval/math/forgetting_delta,eval/math/loss,eval/math/ppl,eval/math/retention_delta,eval/math/samples,eval/math/tokens,eval/medical/exact_match,eval/medical/forgetting_delta,eval/medical/loss,eval/medical/ppl,eval/medical/retention_delta,eval/medical/samples,eval/medical/tokens,eval/retrieval/buffer_size,eval/retrieval/hit_rate,loss/ce,loss/kd,loss/kd_row_hit_frac,loss/reg,loss/teacher_conf_mean,loss/total,retrieval/buffer_size,signals/repetition_mean,signals/stability_C_mean,signals/stability_adam_mean,signals/surprise_mean,write/coords_opened,write/f_count,write/p_count,write/r_count,write/replay_count
0,general_warm,0,,,,,,,,,,,,,,,,,,,,,,,,,,,,,,,,1.2278996706008911,0.0,0.0,0.0,0.7789499759674072,1.2278996706008911,0,0.0,0.0,0.0,0.0,0,0,0,0,0
20,general_warm,0,,,,,,,,,,,,,,,,,,,,,,,,,,,,,,,,1.563488245010376,0.0,0.0,0.0,0.8402999639511108,1.563488245010376,0,0.0,0.0,0.0,0.0,0,0,0,0,0
40,general_warm,0,,,,,,,,,,,,,,,,,,,,,,,,,,,,,,,,1.3728560209274292,0.0,0.0,0.0,0.7899500131607056,1.3728560209274292,0,0.0,0.0,0.0,0.0,0,0,0,0,0
60,general_warm,0,,,,,,,,,,,,,,,,,,,,,,,,,,,,,,,,1.372955560684204,0.0,0.0,0.0,0.8260500431060791,1.372955560684204,0,0.0,0.0,0.0,0.0,0,0,0,0,0
80,general_warm,0,,,,,,,,,,,,,,,,,,,,,,,,,,,,,,,,1.2600618600845337,0.0,0.0,0.0,0.8059999942779541,1.2600618600845337,0,0.0,0.0,0.0,0.0,0,0,0,0,0
100,general_warm,0,,,,,,,,,,,,,,,,,,,,,,,,,,,,,,,,1.3919577598571777,0.0,0.0,0.0,0.8016999959945679,1.3919577598571777,0,0.0,0.0,0.0,0.0,0,0,0,0,0
120,general_warm,0,,,,,,,,,,,,,,,,,,,,,,,,,,,,,,,,1.4134740829467773,0.0,0.0,0.0,0.8324999809265137,1.4134740829467773,0,0.0,0.0,0.0,0.0,0,0,0,0,0
140,general_warm,0,,,,,,,,,,,,,,,,,,,,,,,,,,,,,,,,1.5354278087615967,0.0,0.0,0.0,0.8324500322341919,1.5354278087615967,0,0.0,0.0,0.0,0.0,0,0,0,0,0
160,general_warm,0,,,,,,,,,,,,,,,,,,,,,,,,,,,,,,,,1.412954568862915,0.0,0.0,0.0,0.8214000463485718,1.412954568862915,0,0.0,0.0,0.0,0.0,0,0,0,0,0
180,general_warm,0,,,,,,,,,,,,,,,,,,,,,,,,,,,,,,,,1.4756481647491455,0.0,0.0,0.0,0.8349000215530396,1.4756481647491455,0,0.0,0.0,0.0,0.0,0,0,0,0,0
200,general_warm,0,,,,,,,,,,,,,,,,,,,,,,,,,,,,,,,,1.2729876041412354,0.0,0.0,0.0,0.7782000303268433,1.2729876041412354,0,0.0,0.0,0.0,0.0,0,0,0,0,0
220,general_warm,0,,,,,,,,,,,,,,,,,,,,,,,,,,,,,,,,1.4579492807388306,0.0,0.0,0.0,0.857699990272522,1.4579492807388306,0,0.0,0.0,0.0,0.0,0,0,0,0,0
240,general_warm,0,,,,,,,,,,,,,,,,,,,,,,,,,,,,,,,,1.3000686168670654,0.0,0.0,0.0,0.8436499834060669,1.3000686168670654,0,0.0,0.0,0.0,0.0,0,0,0,0,0
250,,,,,1.4724991470309714,4.360118112561132,,32,8415,,1.7044739355183562,5.498492344715977,,32,14382,1.6234981886291928,5.070797933886523,,,0.865035457135328,2.375090298382264,,32,6174,,,2.451984214832115,11.611363316048198,,32,3861,0,0.0,,,,,,,,,,,,,,,,
260,general_warm,0,,,,,,,,,,,,,,,,,,,,,,,,,,,,,,,,1.2054860591888428,0.0,0.0,0.0,0.7975000143051147,1.2054860591888428,0,0.0,0.0,0.0,0.0,0,0,0,0,0
280,general_warm,0,,,,,,,,,,,,,,,,,,,,,,,,,,,,,,,,1.2313563823699951,0.0,0.0,0.0,0.8166000247001648,1.2313563823699951,0,0.0,0.0,0.0,0.0,0,0,0,0,0
300,general_warm,0,,,,,,,,,,,,,,,,,,,,,,,,,,,,,,,,1.1784045696258545,0.0,0.0,0.0,0.8094000220298767,1.1784045696258545,0,0.0,0.0,0.0,0.0,0,0,0,0,0
320,general_warm,0,,,,,,,,,,,,,,,,,,,,,,,,,,,,,,,,1.3608745336532593,0.0,0.0,0.0,0.8196499943733215,1.3608745336532593,0,0.0,0.0,0.0,0.0,0,0,0,0,0
340,general_warm,0,,,,,,,,,,,,,,,,,,,,,,,,,,,,,,,,1.366599440574646,0.0,0.0,0.0,0.8153499960899353,1.366599440574646,0,0.0,0.0,0.0,0.0,0,0,0,0,0
360,general_warm,0,,,,,,,,,,,,,,,,,,,,,,,,,,,,,,,,1.5638411045074463,0.0,0.0,0.0,0.8234000205993652,1.5638411045074463,0,0.0,0.0,0.0,0.0,0,0,0,0,0
380,general_warm,0,,,,,,,,,,,,,,,,,,,,,,,,,,,,,,,,1.2611488103866577,0.0,0.0,0.0,0.7907500267028809,1.2611488103866577,0,0.0,0.0,0.0,0.0,0,0,0,0,0
400,general_warm,0,,,,,,,,,,,,,,,,,,,,,,,,,,,,,,,,1.4522287845611572,0.0,0.0,0.0,0.8598499894142151,1.4522287845611572,0,0.0,0.0,0.0,0.0,0,0,0,0,0
420,general_warm,0,,,,,,,,,,,,,,,,,,,,,,,,,,,,,,,,1.2910329103469849,0.0,0.0,0.0,0.8220999836921692,1.2910329103469849,0,0.0,0.0,0.0,0.0,0,0,0,0,0
440,general_warm,0,,,,,,,,,,,,,,,,,,,,,,,,,,,,,,,,1.2716161012649536,0.0,0.0,0.0,0.8135499954223633,1.2716161012649536,0,0.0,0.0,0.0,0.0,0,0,0,0,0
460,general_warm,0,,,,,,,,,,,,,,,,,,,,,,,,,,,,,,,,1.4962081909179688,0.0,0.0,0.0,0.8706499934196472,1.4962081909179688,0,0.0,0.0,0.0,0.0,0,0,0,0,0
480,general_warm,0,,,,,,,,,,,,,,,,,,,,,,,,,,,,,,,,1.3693974018096924,0.0,0.0,0.0,0.7969000339508057,1.3693974018096924,0,0.0,0.0,0.0,0.0,0,0,0,0,0
499,,,0.15625,0.023648827428698782,1.4961479744596702,4.46445869680027,,32,8415,-0.037322798585579964,1.6671511369327763,5.297055694912736,,32,14382,1.6212736372760583,5.0595302209309185,0.046875,0.006389893487622089,0.8714253506229501,2.3903154642018416,,32,6174,0.0,-0.001614127743278182,2.450370087088837,11.592636210418835,,32,3861,0,0.0,,,,,,,,,,,,,,,,
500,code_recurrent,0,,,,,,,,,,,,,,,,,,,,,,,,,,,,,,,,1.4147013425827026,0.0,0.0,0.0,0.8467999696731567,1.4147013425827026,0,0.0,0.0,0.0,0.0,0,0,0,0,0
500,,,,-0.056429529671716994,1.4160696173592544,4.120891886993786,,32,8415,-0.035005083801583625,1.6694688517167726,5.30934699757323,,32,14382,1.6032221036785714,4.96901734709941,,0.0036457779726474238,0.8686812351079755,2.3837651539652276,,32,6174,,0.006684495698167758,2.458668710530283,11.689239415435283,,32,3861,0,0.0,,,,,,,,,,,,,,,,
520,code_recurrent,0,,,,,,,,,,,,,,,,,,,,,,,,,,,,,,,,1.5476336479187012,0.0,0.0,0.0,0.9101499915122986,1.5476336479187012,0,0.0,0.0,0.0,0.0,0,0,0,0,0
540,code_recurrent,0,,,,,,,,,,,,,,,,,,,,,,,,,,,,,,,,1.2749855518341064,0.0,0.0,0.0,0.8571000099182129,1.2749855518341064,0,0.0,0.0,0.0,0.0,0,0,0,0,0
560,code_recurrent,0,,,,,,,,,,,,,,,,,,,,,,,,,,,,,,,,1.460838794708252,0.0,0.0,0.0,0.8988499641418457,1.460838794708252,0,0.0,0.0,0.0,0.0,0,0,0,0,0
580,code_recurrent,0,,,,,,,,,,,,,,,,,,,,,,,,,,,,,,,,0.7459844350814819,0.0,0.0,0.0,0.8467999696731567,0.7459844350814819,0,0.0,0.0,0.0,0.0,0,0,0,0,0
600,code_recurrent,0,,,,,,,,,,,,,,,,,,,,,,,,,,,,,,,,0.8069816827774048,0.0,0.0,0.0,0.9101499915122986,0.8069816827774048,0,0.0,0.0,0.0,0.0,0,0,0,0,0
620,code_recurrent,0,,,,,,,,,,,,,,,,,,,,,,,,,,,,,,,,0.5420069694519043,0.0,0.0,0.0,0.8571000099182129,0.5420069694519043,0,0.0,0.0,0.0,0.0,0,0,0,0,0
640,code_recurrent,0,,,,,,,,,,,,,,,,,,,,,,,,,,,,,,,,0.6387680768966675,0.0,0.0,0.0,0.8988499641418457,0.6387680768966675,0,0.0,0.0,0.0,0.0,0,0,0,0,0
660,code_recurrent,0,,,,,,,,,,,,,,,,,,,,,,,,,,,,,,,,0.4194216728210449,0.0,0.0,0.0,0.8467999696731567,0.4194216728210449,0,0.0,0.0,0.0,0.0,0,0,0,0,0
680,code_recurrent,0,,,,,,,,,,,,,,,,,,,,,,,,,,,,,,,,0.33966171741485596,0.0,0.0,0.0,0.9101499915122986,0.33966171741485596,0,0.0,0.0,0.0,0.0,0,0,0,0,0
700,code_recurrent,0,,,,,,,,,,,,,,,,,,,,,,,,,,,,,,,,0.1855456531047821,0.0,0.0,0.0,0.8571000099182129,0.1855456531047821,0,0.0,0.0,0.0,0.0,0,0,0,0,0
720,code_recurrent,0,,,,,,,,,,,,,,,,,,,,,,,,,,,,,,,,0.2942870557308197,0.0,0.0,0.0,0.8988499641418457,0.2942870557308197,0,0.0,0.0,0.0,0.0,0,0,0,0,0
740,code_recurrent,0,,,,,,,,,,,,,,,,,,,,,,,,,,,,,,,,0.12235276401042938,0.0,0.0,0.0,0.8467999696731567,0.12235276401042938,0,0.0,0.0,0.0,0.0,0,0,0,0,0
750,,,,0.04040046460700775,1.5128996116379791,4.539875603818902,,32,8415,0.25766197038018457,1.9621359058985408,7.114506765145209,,32,14382,2.063182259913122,7.870977494897533,,0.5342949266992885,1.3993303838346165,4.052485448337179,,32,6174,,0.9263789234492359,3.378363138281351,29.32273454773994,,32,3861,0,0.0,,,,,,,,,,,,,,,,
760,code_recurrent,0,,,,,,,,,,,,,,,,,,,,,,,,,,,,,,,,0.1583184003829956,0.0,0.0,0.0,0.9101499915122986,0.1583184003829956,0,0.0,0.0,0.0,0.0,0,0,0,0,0
780,code_recurrent,0,,,,,,,,,,,,,,,,,,,,,,,,,,,,,,,,0.09059460461139679,0.0,0.0,0.0,0.8571000099182129,0.09059460461139679,0,0.0,0.0,0.0,0.0,0,0,0,0,0
800,code_recurrent,0,,,,,,,,,,,,,,,,,,,,,,,,,,,,,,,,0.14156746864318848,0.0,0.0,0.0,0.8988499641418457,0.14156746864318848,0,0.0,0.0,0.0,0.0,0,0,0,0,0
820,code_recurrent,0,,,,,,,,,,,,,,,,,,,,,,,,,,,,,,,,0.0554434135556221,0.0,0.0,0.0,0.8467999696731567,0.0554434135556221,0,0.0,0.0,0.0,0.0,0,0,0,0,0
840,code_recurrent,0,,,,,,,,,,,,,,,,,,,,,,,,,,,,,,,,0.10788621008396149,0.0,0.0,0.0,0.9101499915122986,0.10788621008396149,0,0.0,0.0,0.0,0.0,0,0,0,0,0
860,code_recurrent,0,,,,,,,,,,,,,,,,,,,,,,,,,,,,,,,,0.10645932704210281,0.0,0.0,0.0,0.8571000099182129,0.10645932704210281,0,0.0,0.0,0.0,0.0,0,0,0,0,0
880,code_recurrent,0,,,,,,,,,,,,,,,,,,,,,,,,,,,,,,,,0.07530482113361359,0.0,0.0,0.0,0.8988499641418457,0.07530482113361359,0,0.0,0.0,0.0,0.0,0,0,0,0,0
900,code_recurrent,0,,,,,,,,,,,,,,,,,,,,,,,,,,,,,,,,0.06169111281633377,0.0,0.0,0.0,0.8467999696731567,0.06169111281633377,0,0.0,0.0,0.0,0.0,0,0,0,0,0
920,code_recurrent,0,,,,,,,,,,,,,,,,,,,,,,,,,,,,,,,,0.20492048561573029,0.0,0.0,0.0,0.9101499915122986,0.20492048561573029,0,0.0,0.0,0.0,0.0,0,0,0,0,0
940,code_recurrent,0,,,,,,,,,,,,,,,,,,,,,,,,,,,,,,,,0.0806058943271637,0.0,0.0,0.0,0.8571000099182129,0.0806058943271637,0,0.0,0.0,0.0,0.0,0,0,0,0,0
960,code_recurrent,0,,,,,,,,,,,,,,,,,,,,,,,,,,,,,,,,0.10337801277637482,0.0,0.0,0.0,0.8988499641418457,0.10337801277637482,0,0.0,0.0,0.0,0.0,0,0,0,0,0
980,code_recurrent,0,,,,,,,,,,,,,,,,,,,,,,,,,,,,,,,,0.04260505363345146,0.0,0.0,0.0,0.8467999696731567,0.04260505363345146,0,0.0,0.0,0.0,0.0,0,0,0,0,0
1000,code_recurrent,0,,,,,,,,,,,,,,,,,,,,,,,,,,,,,,,,0.039284732192754745,0.0,0.0,0.0,0.9101499915122986,0.039284732192754745,0,0.0,0.0,0.0,0.0,0,0,0,0,0
1000,,,,0.07754519865474596,1.5500443456857174,4.711679120599441,,32,8415,0.3197118838462356,2.024185819364592,7.5699451321971685,,32,14382,2.194691930318265,8.977235016840218,,0.5773470291320584,1.4423824862673864,4.230763555181105,,32,6174,,1.3101708551232476,3.7621550699553628,43.04108264615937,,32,3861,0,0.0,,,,,,,,,,,,,,,,
1020,code_recurrent,0,,,,,,,,,,,,,,,,,,,,,,,,,,,,,,,,0.03388398885726929,0.0,0.0,0.0,0.8571000099182129,0.03388398885726929,0,0.0,0.0,0.0,0.0,0,0,0,0,0
1040,code_recurrent,0,,,,,,,,,,,,,,,,,,,,,,,,,,,,,,,,0.03867693990468979,0.0,0.0,0.0,0.8988499641418457,0.03867693990468979,0,0.0,0.0,0.0,0.0,0,0,0,0,0
1060,code_recurrent,0,,,,,,,,,,,,,,,,,,,,,,,,,,,,,,,,0.014677297323942184,0.0,0.0,0.0,0.8467999696731567,0.014677297323942184,0,0.0,0.0,0.0,0.0,0,0,0,0,0
1080,code_recurrent,0,,,,,,,,,,,,,,,,,,,,,,,,,,,,,,,,0.026472492143511772,0.0,0.0,0.0,0.9101499915122986,0.026472492143511772,0,0.0,0.0,0.0,0.0,0,0,0,0,0
1100,code_recurrent,0,,,,,,,,,,,,,,,,,,,,,,,,,,,,,,,,0.009857968427240849,0.0,0.0,0.0,0.8571000099182129,0.009857968427240849,0,0.0,0.0,0.0,0.0,0,0,0,0,0
1120,code_recurrent,0,,,,,,,,,,,,,,,,,,,,,,,,,,,,,,,,0.0063689230009913445,0.0,0.0,0.0,0.8988499641418457,0.0063689230009913445,0,0.0,0.0,0.0,0.0,0,0,0,0,0
1140,code_recurrent,0,,,,,,,,,,,,,,,,,,,,,,,,,,,,,,,,0.009295715019106865,0.0,0.0,0.0,0.8467999696731567,0.009295715019106865,0,0.0,0.0,0.0,0.0,0,0,0,0,0
1160,code_recurrent,0,,,,,,,,,,,,,,,,,,,,,,,,,,,,,,,,0.007744660601019859,0.0,0.0,0.0,0.9101499915122986,0.007744660601019859,0,0.0,0.0,0.0,0.0,0,0,0,0,0
1180,code_recurrent,0,,,,,,,,,,,,,,,,,,,,,,,,,,,,,,,,0.014671566896140575,0.0,0.0,0.0,0.8571000099182129,0.014671566896140575,0,0.0,0.0,0.0,0.0,0,0,0,0,0
1200,code_recurrent,0,,,,,,,,,,,,,,,,,,,,,,,,,,,,,,,,0.00674844766035676,0.0,0.0,0.0,0.8988499641418457,0.00674844766035676,0,0.0,0.0,0.0,0.0,0,0,0,0,0
1220,code_recurrent,0,,,,,,,,,,,,,,,,,,,,,,,,,,,,,,,,0.007157311774790287,0.0,0.0,0.0,0.8467999696731567,0.007157311774790287,0,0.0,0.0,0.0,0.0,0,0,0,0,0
1240,code_recurrent,0,,,,,,,,,,,,,,,,,,,,,,,,,,,,,,,,0.010678138583898544,0.0,0.0,0.0,0.9101499915122986,0.010678138583898544,0,0.0,0.0,0.0,0.0,0,0,0,0,0
1250,,,,-0.01690431573315876,1.4555948312978126,4.287032768589853,,32,8415,0.3072377611907462,2.0117116967091024,7.476103222710218,,32,14382,2.7221260815682644,15.212631181826495,,0.5808812948658817,1.4459167520012097,4.245742652304902,,32,6174,,3.523296831432818,5.975281046264933,393.57869937216674,,32,3861,0,0.0,,,,,,,,,,,,,,,,
1260,code_recurrent,0,,,,,,,,,,,,,,,,,,,,,,,,,,,,,,,,0.02609969489276409,0.0,0.0,0.0,0.8571000099182129,0.02609969489276409,0,0.0,0.0,0.0,0.0,0,0,0,0,0
1280,code_recurrent,0,,,,,,,,,,,,,,,,,,,,,,,,,,,,,,,,0.02210623398423195,0.0,0.0,0.0,0.8988499641418457,0.02210623398423195,0,0.0,0.0,0.0,0.0,0,0,0,0,0
1300,code_recurrent,0,,,,,,,,,,,,,,,,,,,,,,,,,,,,,,,,0.006814584136009216,0.0,0.0,0.0,0.8467999696731567,0.006814584136009216,0,0.0,0.0,0.0,0.0,0,0,0,0,0
1320,code_recurrent,0,,,,,,,,,,,,,,,,,,,,,,,,,,,,,,,,0.004267320968210697,0.0,0.0,0.0,0.9101499915122986,0.004267320968210697,0,0.0,0.0,0.0,0.0,0,0,0,0,0
1340,code_recurrent,0,,,,,,,,,,,,,,,,,,,,,,,,,,,,,,,,0.015754424035549164,0.0,0.0,0.0,0.8571000099182129,0.015754424035549164,0,0.0,0.0,0.0,0.0,0,0,0,0,0
1360,code_recurrent,0,,,,,,,,,,,,,,,,,,,,,,,,,,,,,,,,0.020575467497110367,0.0,0.0,0.0,0.8988499641418457,0.020575467497110367,0,0.0,0.0,0.0,0.0,0,0,0,0,0
1380,code_recurrent,0,,,,,,,,,,,,,,,,,,,,,,,,,,,,,,,,0.0196743905544281,0.0,0.0,0.0,0.8467999696731567,0.0196743905544281,0,0.0,0.0,0.0,0.0,0,0,0,0,0
1400,code_recurrent,0,,,,,,,,,,,,,,,,,,,,,,,,,,,,,,,,0.0020294426940381527,0.0,0.0,0.0,0.9101499915122986,0.0020294426940381527,0,0.0,0.0,0.0,0.0,0,0,0,0,0
1420,code_recurrent,0,,,,,,,,,,,,,,,,,,,,,,,,,,,,,,,,0.03682718798518181,0.0,0.0,0.0,0.8571000099182129,0.03682718798518181,0,0.0,0.0,0.0,0.0,0,0,0,0,0
1440,code_recurrent,0,,,,,,,,,,,,,,,,,,,,,,,,,,,,,,,,0.011045468971133232,0.0,0.0,0.0,0.8988499641418457,0.011045468971133232,0,0.0,0.0,0.0,0.0,0,0,0,0,0
1460,code_recurrent,0,,,,,,,,,,,,,,,,,,,,,,,,,,,,,,,,0.01300303265452385,0.0,0.0,0.0,0.8467999696731567,0.01300303265452385,0,0.0,0.0,0.0,0.0,0,0,0,0,0
1480,code_recurrent,0,,,,,,,,,,,,,,,,,,,,,,,,,,,,,,,,0.003974698483943939,0.0,0.0,0.0,0.9101499915122986,0.003974698483943939,0,0.0,0.0,0.0,0.0,0,0,0,0,0
1500,code_recurrent,0,,,,,,,,,,,,,,,,,,,,,,,,,,,,,,,,0.011201750487089157,0.0,0.0,0.0,0.8571000099182129,0.011201750487089157,0,0.0,0.0,0.0,0.0,0,0,0,0,0
1500,,,,-0.08765766871379221,1.3848414783171792,3.9941926884822108,,32,8415,0.25685783580386956,1.9613317713222258,7.108788043880838,,32,14382,2.6309196851391716,13.886535271293571,,0.6844398540549963,1.5494753111903243,4.708998775325381,,32,6174,,3.1760459648948416,5.628030179726957,278.11374362083683,,32,3861,0,0.0,,,,,,,,,,,,,,,,
1520,code_recurrent,0,,,,,,,,,,,,,,,,,,,,,,,,,,,,,,,,0.008821321651339531,0.0,0.0,0.0,0.8988499641418457,0.008821321651339531,0,0.0,0.0,0.0,0.0,0,0,0,0,0
1540,code_recurrent,0,,,,,,,,,,,,,,,,,,,,,,,,,,,,,,,,0.005811694078147411,0.0,0.0,0.0,0.8467999696731567,0.005811694078147411,0,0.0,0.0,0.0,0.0,0,0,0,0,0
1560,code_recurrent,0,,,,,,,,,,,,,,,,,,,,,,,,,,,,,,,,0.011553428135812283,0.0,0.0,0.0,0.9101499915122986,0.011553428135812283,0,0.0,0.0,0.0,0.0,0,0,0,0,0
1580,code_recurrent,0,,,,,,,,,,,,,,,,,,,,,,,,,,,,,,,,0.0027516514528542757,0.0,0.0,0.0,0.8571000099182129,0.0027516514528542757,0,0.0,0.0,0.0,0.0,0,0,0,0,0
1600,code_recurrent,0,,,,,,,,,,,,,,,,,,,,,,,,,,,,,,,,0.005608217790722847,0.0,0.0,0.0,0.8988499641418457,0.005608217790722847,0,0.0,0.0,0.0,0.0,0,0,0,0,0
1620,code_recurrent,0,,,,,,,,,,,,,,,,,,,,,,,,,,,,,,,,0.0009683742537163198,0.0,0.0,0.0,0.8467999696731567,0.0009683742537163198,0,0.0,0.0,0.0,0.0,0,0,0,0,0
1640,code_recurrent,0,,,,,,,,,,,,,,,,,,,,,,,,,,,,,,,,0.0023815652821213007,0.0,0.0,0.0,0.9101499915122986,0.0023815652821213007,0,0.0,0.0,0.0,0.0,0,0,0,0,0
1660,code_recurrent,0,,,,,,,,,,,,,,,,,,,,,,,,,,,,,,,,0.0038541231770068407,0.0,0.0,0.0,0.8571000099182129,0.0038541231770068407,0,0.0,0.0,0.0,0.0,0,0,0,0,0
1680,code_recurrent,0,,,,,,,,,,,,,,,,,,,,,,,,,,,,,,,,0.0032314700074493885,0.0,0.0,0.0,0.8988499641418457,0.0032314700074493885,0,0.0,0.0,0.0,0.0,0,0,0,0,0
1700,code_recurrent,0,,,,,,,,,,,,,,,,,,,,,,,,,,,,,,,,0.009992485865950584,0.0,0.0,0.0,0.8467999696731567,0.009992485865950584,0,0.0,0.0,0.0,0.0,0,0,0,0,0
1720,code_recurrent,0,,,,,,,,,,,,,,,,,,,,,,,,,,,,,,,,0.0031723398715257645,0.0,0.0,0.0,0.9101499915122986,0.0031723398715257645,0,0.0,0.0,0.0,0.0,0,0,0,0,0
1740,code_recurrent,0,,,,,,,,,,,,,,,,,,,,,,,,,,,,,,,,0.011611634865403175,0.0,0.0,0.0,0.8571000099182129,0.011611634865403175,0,0.0,0.0,0.0,0.0,0,0,0,0,0
1750,,,,-0.14543157839307597,1.3270675686378954,3.7699719783651098,,32,8415,0.24227325138139255,1.9467471868997488,7.005861717808625,,32,14382,3.5387250016977885,34.423001930572134,,0.6570015163687313,1.5220369735040593,4.5815481888412,,32,6174,,6.9070640629173345,9.35904827774945,11603.34012838743,,32,3861,0,0.0,,,,,,,,,,,,,,,,
1760,code_recurrent,0,,,,,,,,,,,,,,,,,,,,,,,,,,,,,,,,0.014743417501449585,0.0,0.0,0.0,0.8988499641418457,0.014743417501449585,0,0.0,0.0,0.0,0.0,0,0,0,0,0
1780,code_recurrent,0,,,,,,,,,,,,,,,,,,,,,,,,,,,,,,,,0.017413854598999023,0.0,0.0,0.0,0.8467999696731567,0.017413854598999023,0,0.0,0.0,0.0,0.0,0,0,0,0,0
1800,code_recurrent,0,,,,,,,,,,,,,,,,,,,,,,,,,,,,,,,,0.002665323205292225,0.0,0.0,0.0,0.9101499915122986,0.002665323205292225,0,0.0,0.0,0.0,0.0,0,0,0,0,0
1820,code_recurrent,0,,,,,,,,,,,,,,,,,,,,,,,,,,,,,,,,0.017839625477790833,0.0,0.0,0.0,0.8571000099182129,0.017839625477790833,0,0.0,0.0,0.0,0.0,0,0,0,0,0
1840,code_recurrent,0,,,,,,,,,,,,,,,,,,,,,,,,,,,,,,,,0.013862799853086472,0.0,0.0,0.0,0.8988499641418457,0.013862799853086472,0,0.0,0.0,0.0,0.0,0,0,0,0,0
1860,code_recurrent,0,,,,,,,,,,,,,,,,,,,,,,,,,,,,,,,,0.009413170628249645,0.0,0.0,0.0,0.8467999696731567,0.009413170628249645,0,0.0,0.0,0.0,0.0,0,0,0,0,0
1880,code_recurrent,0,,,,,,,,,,,,,,,,,,,,,,,,,,,,,,,,0.011821426451206207,0.0,0.0,0.0,0.9101499915122986,0.011821426451206207,0,0.0,0.0,0.0,0.0,0,0,0,0,0
1900,code_recurrent,0,,,,,,,,,,,,,,,,,,,,,,,,,,,,,,,,0.022799905389547348,0.0,0.0,0.0,0.8571000099182129,0.022799905389547348,0,0.0,0.0,0.0,0.0,0,0,0,0,0
1920,code_recurrent,0,,,,,,,,,,,,,,,,,,,,,,,,,,,,,,,,0.010748397558927536,0.0,0.0,0.0,0.8988499641418457,0.010748397558927536,0,0.0,0.0,0.0,0.0,0,0,0,0,0
1940,code_recurrent,0,,,,,,,,,,,,,,,,,,,,,,,,,,,,,,,,0.011329356580972672,0.0,0.0,0.0,0.8467999696731567,0.011329356580972672,0,0.0,0.0,0.0,0.0,0,0,0,0,0
1960,code_recurrent,0,,,,,,,,,,,,,,,,,,,,,,,,,,,,,,,,0.024483874440193176,0.0,0.0,0.0,0.9101499915122986,0.024483874440193176,0,0.0,0.0,0.0,0.0,0,0,0,0,0
1980,code_recurrent,0,,,,,,,,,,,,,,,,,,,,,,,,,,,,,,,,0.013974491506814957,0.0,0.0,0.0,0.8571000099182129,0.013974491506814957,0,0.0,0.0,0.0,0.0,0,0,0,0,0
1999,,,0.078125,-0.10102123820349629,1.3714779088274751,3.9411710849455965,,32,8415,0.28475425485741734,1.9892281903757736,7.309889741280512,0.3220770534429973,32,14382,2.954650613597395,19.195015070857167,0.0625,0.7139352514861972,1.5789707086215252,4.849961217964904,,32,6174,0.015625,4.426941431732692,6.878925646564807,971.5819764399587,,32,3861,0,0.0,,,,,,,,,,,,,,,,
2000,novel_inject,0,,,,,,,,,,,,,,,,,,,,,,,,,,,,,,,,1.689711570739746,0.0,0.0,0.0,0.8203999996185303,1.689711570739746,0,0.0,0.0,0.0,0.0,0,0,0,0,0
2000,,,,-0.10612308821788652,1.3663760588130849,3.921115026194,,32,8415,0.2561032525058451,1.9605771880242013,7.103425894502343,,32,14382,2.9290118012127864,18.709133016027977,,0.6948981005511394,1.5599335576864675,4.758505068548508,,32,6174,,4.377176185495277,6.8291604003273925,924.4143485808315,,32,3861,0,0.0,,,,,,,,,,,,,,,,
2020,novel_inject,0,,,,,,,,,,,,,,,,,,,,,,,,,,,,,,,,1.4204379320144653,0.0,0.0,0.0,0.805649995803833,1.4204379320144653,0,0.0,0.0,0.0,0.0,0,0,0,0,0
2040,novel_inject,0,,,,,,,,,,,,,,,,,,,,,,,,,,,,,,,,1.3226302862167358,0.0,0.0,0.0,0.838450014591217,1.3226302862167358,0,0.0,0.0,0.0,0.0,0,0,0,0,0
2060,novel_inject,0,,,,,,,,,,,,,,,,,,,,,,,,,,,,,,,,1.5403465032577515,0.0,0.0,0.0,0.8425999879837036,1.5403465032577515,0,0.0,0.0,0.0,0.0,0,0,0,0,0
2080,novel_inject,0,,,,,,,,,,,,,,,,,,,,,,,,,,,,,,,,1.4142649173736572,0.0,0.0,0.0,0.7991999983787537,1.4142649173736572,0,0.0,0.0,0.0,0.0,0,0,0,0,0
2100,novel_inject,0,,,,,,,,,,,,,,,,,,,,,,,,,,,,,,,,1.195068120956421,0.0,0.0,0.0,0.784000039100647,1.195068120956421,0,0.0,0.0,0.0,0.0,0,0,0,0,0
2120,novel_inject,0,,,,,,,,,,,,,,,,,,,,,,,,,,,,,,,,1.319856882095337,0.0,0.0,0.0,0.8192499876022339,1.319856882095337,0,0.0,0.0,0.0,0.0,0,0,0,0,0
2140,novel_inject,0,,,,,,,,,,,,,,,,,,,,,,,,,,,,,,,,1.3255130052566528,0.0,0.0,0.0,0.7951500415802002,1.3255130052566528,0,0.0,0.0,0.0,0.0,0,0,0,0,0
2149,,,0.03125,-0.04957450916564543,1.422924637865326,4.149237730049542,0.05144672903785086,32,8415,0.016636014133878385,1.7211099496522346,5.590730451012651,,32,14382,1.8361810788890054,6.2725381345986415,0.09375,0.33010198446705696,1.195137441602385,3.3040118479790737,,32,6174,0.0,0.5535680716039604,3.0055522864360755,20.197367748502675,,32,3861,0,0.0,,,,,,,,,,,,,,,,
2160,math_recurrent,0,,,,,,,,,,,,,,,,,,,,,,,,,,,,,,,,0.8503373861312866,0.0,0.0,0.0,0.8722000122070312,0.8503373861312866,0,0.0,0.0,0.0,0.0,0,0,0,0,0
2180,math_recurrent,0,,,,,,,,,,,,,,,,,,,,,,,,,,,,,,,,1.0030983686447144,0.0,0.0,0.0,0.9068000316619873,1.0030983686447144,0,0.0,0.0,0.0,0.0,0,0,0,0,0
2200,math_recurrent,0,,,,,,,,,,,,,,,,,,,,,,,,,,,,,,,,0.9362537860870361,0.0,0.0,0.0,0.8489999771118164,0.9362537860870361,0,0.0,0.0,0.0,0.0,0,0,0,0,0
2220,math_recurrent,0,,,,,,,,,,,,,,,,,,,,,,,,,,,,,,,,0.8235725164413452,0.0,0.0,0.0,0.9018000364303589,0.8235725164413452,0,0.0,0.0,0.0,0.0,0,0,0,0,0
2240,math_recurrent,0,,,,,,,,,,,,,,,,,,,,,,,,,,,,,,,,1.0188682079315186,0.0,0.0,0.0,0.8722000122070312,1.0188682079315186,0,0.0,0.0,0.0,0.0,0,0,0,0,0
2250,,,,6.744410760871583,8.216909907902554,3703.0419440776004,,32,8415,7.431657057215617,9.136130992733973,9284.772696206772,,32,14382,8.925785558857935,7523.491157327202,,7.445313384782391,8.310348841917719,4065.731033764312,,32,6174,,7.587768278045378,10.039752492877493,22919.709423200864,,32,3861,0,0.0,,,,,,,,,,,,,,,,
2260,math_recurrent,0,,,,,,,,,,,,,,,,,,,,,,,,,,,,,,,,5.546758651733398,0.0,0.0,0.0,0.9068000316619873,5.546758651733398,0,0.0,0.0,0.0,0.0,0,0,0,0,0
2280,math_recurrent,0,,,,,,,,,,,,,,,,,,,,,,,,,,,,,,,,4.678492069244385,0.0,0.0,0.0,0.8489999771118164,4.678492069244385,0,0.0,0.0,0.0,0.0,0,0,0,0,0
2300,math_recurrent,0,,,,,,,,,,,,,,,,,,,,,,,,,,,,,,,,4.612718105316162,0.0,0.0,0.0,0.9018000364303589,4.612718105316162,0,0.0,0.0,0.0,0.0,0,0,0,0,0
2320,math_recurrent,0,,,,,,,,,,,,,,,,,,,,,,,,,,,,,,,,4.692871570587158,0.0,0.0,0.0,0.8722000122070312,4.692871570587158,0,0.0,0.0,0.0,0.0,0,0,0,0,0
2340,math_recurrent,0,,,,,,,,,,,,,,,,,,,,,,,,,,,,,,,,4.929734230041504,0.0,0.0,0.0,0.9068000316619873,4.929734230041504,0,0.0,0.0,0.0,0.0,0,0,0,0,0
2360,math_recurrent,0,,,,,,,,,,,,,,,,,,,,,,,,,,,,,,,,4.230609893798828,0.0,0.0,0.0,0.8489999771118164,4.230609893798828,0,0.0,0.0,0.0,0.0,0,0,0,0,0
2380,math_recurrent,0,,,,,,,,,,,,,,,,,,,,,,,,,,,,,,,,4.1684441566467285,0.0,0.0,0.0,0.9018000364303589,4.1684441566467285,0,0.0,0.0,0.0,0.0,0,0,0,0,0
2400,math_recurrent,0,,,,,,,,,,,,,,,,,,,,,,,,,,,,,,,,4.335598945617676,0.0,0.0,0.0,0.8722000122070312,4.335598945617676,0,0.0,0.0,0.0,0.0,0,0,0,0,0
2420,math_recurrent,0,,,,,,,,,,,,,,,,,,,,,,,,,,,,,,,,4.722455024719238,0.0,0.0,0.0,0.9068000316619873,4.722455024719238,0,0.0,0.0,0.0,0.0,0,0,0,0,0
2440,math_recurrent,0,,,,,,,,,,,,,,,,,,,,,,,,,,,,,,,,4.057727336883545,0.0,0.0,0.0,0.8489999771118164,4.057727336883545,0,0.0,0.0,0.0,0.0,0,0,0,0,0
2460,math_recurrent,0,,,,,,,,,,,,,,,,,,,,,,,,,,,,,,,,4.059069633483887,0.0,0.0,0.0,0.9018000364303589,4.059069633483887,0,0.0,0.0,0.0,0.0,0,0,0,0,0
2480,math_recurrent,0,,,,,,,,,,,,,,,,,,,,,,,,,,,,,,,,4.141750812530518,0.0,0.0,0.0,0.8722000122070312,4.141750812530518,0,0.0,0.0,0.0,0.0,0,0,0,0,0
2500,math_recurrent,0,,,,,,,,,,,,,,,,,,,,,,,,,,,,,,,,4.551876068115234,0.0,0.0,0.0,0.9068000316619873,4.551876068115234,0,0.0,0.0,0.0,0.0,0,0,0,0,0
2500,,,,4.923888442095588,6.39638758912656,599.674848481016,,32,8415,6.537750503015923,8.24222443853428,3797.9792901779224,,32,14382,7.405427549744122,1644.8879571818036,,4.697832770512875,5.562868227648202,260.5691371344028,,32,6174,,6.968245728835329,9.420229943667444,12335.418344967658,,32,3861,0,0.0,,,,,,,,,,,,,,,,
2520,math_recurrent,0,,,,,,,,,,,,,,,,,,,,,,,,,,,,,,,,3.959233283996582,0.0,0.0,0.0,0.8489999771118164,3.959233283996582,0,0.0,0.0,0.0,0.0,0,0,0,0,0
2540,math_recurrent,0,,,,,,,,,,,,,,,,,,,,,,,,,,,,,,,,3.9381701946258545,0.0,0.0,0.0,0.9018000364303589,3.9381701946258545,0,0.0,0.0,0.0,0.0,0,0,0,0,0
2560,math_recurrent,0,,,,,,,,,,,,,,,,,,,,,,,,,,,,,,,,3.9716315269470215,0.0,0.0,0.0,0.8722000122070312,3.9716315269470215,0,0.0,0.0,0.0,0.0,0,0,0,0,0
2580,math_recurrent,0,,,,,,,,,,,,,,,,,,,,,,,,,,,,,,,,4.485170841217041,0.0,0.0,0.0,0.9068000316619873,4.485170841217041,0,0.0,0.0,0.0,0.0,0,0,0,0,0
2600,math_recurrent,0,,,,,,,,,,,,,,,,,,,,,,,,,,,,,,,,3.834160804748535,0.0,0.0,0.0,0.8489999771118164,3.834160804748535,0,0.0,0.0,0.0,0.0,0,0,0,0,0
2620,math_recurrent,0,,,,,,,,,,,,,,,,,,,,,,,,,,,,,,,,3.8114380836486816,0.0,0.0,0.0,0.9018000364303589,3.8114380836486816,0,0.0,0.0,0.0,0.0,0,0,0,0,0
2640,math_recurrent,0,,,,,,,,,,,,,,,,,,,,,,,,,,,,,,,,3.8077313899993896,0.0,0.0,0.0,0.8722000122070312,3.8077313899993896,0,0.0,0.0,0.0,0.0,0,0,0,0,0
2660,math_recurrent,0,,,,,,,,,,,,,,,,,,,,,,,,,,,,,,,,4.264890193939209,0.0,0.0,0.0,0.9068000316619873,4.264890193939209,0,0.0,0.0,0.0,0.0,0,0,0,0,0
2680,math_recurrent,0,,,,,,,,,,,,,,,,,,,,,,,,,,,,,,,,3.7127394676208496,0.0,0.0,0.0,0.8489999771118164,3.7127394676208496,0,0.0,0.0,0.0,0.0,0,0,0,0,0
2700,math_recurrent,0,,,,,,,,,,,,,,,,,,,,,,,,,,,,,,,,3.722001552581787,0.0,0.0,0.0,0.9018000364303589,3.722001552581787,0,0.0,0.0,0.0,0.0,0,0,0,0,0
2720,math_recurrent,0,,,,,,,,,,,,,,,,,,,,,,,,,,,,,,,,3.709559917449951,0.0,0.0,0.0,0.8722000122070312,3.709559917449951,0,0.0,0.0,0.0,0.0,0,0,0,0,0
2740,math_recurrent,0,,,,,,,,,,,,,,,,,,,,,,,,,,,,,,,,4.21465539932251,0.0,0.0,0.0,0.9068000316619873,4.21465539932251,0,0.0,0.0,0.0,0.0,0,0,0,0,0
2750,,,,4.872509765625,6.345008912655971,569.6424667201353,,32,8415,6.755163110789528,8.459637046307884,4720.3444202431265,,32,14382,7.4851792264950685,1781.4434230401162,,4.408534275817377,5.273569732952705,195.1112157090083,,32,6174,,7.410516999231599,9.862501214063714,19196.84485539012,,32,3861,0,0.0,,,,,,,,,,,,,,,,
2760,math_recurrent,0,,,,,,,,,,,,,,,,,,,,,,,,,,,,,,,,3.61914324760437,0.0,0.0,0.0,0.8489999771118164,3.61914324760437,0,0.0,0.0,0.0,0.0,0,0,0,0,0
2780,math_recurrent,0,,,,,,,,,,,,,,,,,,,,,,,,,,,,,,,,3.6013646125793457,0.0,0.0,0.0,0.9018000364303589,3.6013646125793457,0,0.0,0.0,0.0,0.0,0,0,0,0,0
2800,math_recurrent,0,,,,,,,,,,,,,,,,,,,,,,,,,,,,,,,,3.5985465049743652,0.0,0.0,0.0,0.8722000122070312,3.5985465049743652,0,0.0,0.0,0.0,0.0,0,0,0,0,0
2820,math_recurrent,0,,,,,,,,,,,,,,,,,,,,,,,,,,,,,,,,4.116052150726318,0.0,0.0,0.0,0.9068000316619873,4.116052150726318,0,0.0,0.0,0.0,0.0,0,0,0,0,0
2840,math_recurrent,0,,,,,,,,,,,,,,,,,,,,,,,,,,,,,,,,3.5452747344970703,0.0,0.0,0.0,0.8489999771118164,3.5452747344970703,0,0.0,0.0,0.0,0.0,0,0,0,0,0
2860,math_recurrent,0,,,,,,,,,,,,,,,,,,,,,,,,,,,,,,,,3.7531485557556152,0.0,0.0,0.0,0.9018000364303589,3.7531485557556152,0,0.0,0.0,0.0,0.0,0,0,0,0,0
2880,math_recurrent,0,,,,,,,,,,,,,,,,,,,,,,,,,,,,,,,,3.6641247272491455,0.0,0.0,0.0,0.8722000122070312,3.6641247272491455,0,0.0,0.0,0.0,0.0,0,0,0,0,0
2900,math_recurrent,0,,,,,,,,,,,,,,,,,,,,,,,,,,,,,,,,4.070098400115967,0.0,0.0,0.0,0.9068000316619873,4.070098400115967,0,0.0,0.0,0.0,0.0,0,0,0,0,0
2920,math_recurrent,0,,,,,,,,,,,,,,,,,,,,,,,,,,,,,,,,3.48429274559021,0.0,0.0,0.0,0.8489999771118164,3.48429274559021,0,0.0,0.0,0.0,0.0,0,0,0,0,0
2940,math_recurrent,0,,,,,,,,,,,,,,,,,,,,,,,,,,,,,,,,3.523139238357544,0.0,0.0,0.0,0.9018000364303589,3.523139238357544,0,0.0,0.0,0.0,0.0,0,0,0,0,0
2960,math_recurrent,0,,,,,,,,,,,,,,,,,,,,,,,,,,,,,,,,3.5424506664276123,0.0,0.0,0.0,0.8722000122070312,3.5424506664276123,0,0.0,0.0,0.0,0.0,0,0,0,0,0
2980,math_recurrent,0,,,,,,,,,,,,,,,,,,,,,,,,,,,,,,,,3.94956636428833,0.0,0.0,0.0,0.9068000316619873,3.94956636428833,0,0.0,0.0,0.0,0.0,0,0,0,0,0
3000,math_recurrent,0,,,,,,,,,,,,,,,,,,,,,,,,,,,,,,,,3.375831365585327,0.0,0.0,0.0,0.8489999771118164,3.375831365585327,0,0.0,0.0,0.0,0.0,0,0,0,0,0
3000,,,,4.725831354677288,6.198330501708259,491.9270837300161,,32,8415,6.839086713752433,8.54356064927079,5133.590774079396,,32,14382,7.43103867918094,1687.5594962816126,,4.207082987526762,5.072118444662091,159.51188677164214,,32,6174,,7.458160906250506,9.910145121082621,20133.59558837491,,32,3861,0,0.0,,,,,,,,,,,,,,,,
3020,math_recurrent,0,,,,,,,,,,,,,,,,,,,,,,,,,,,,,,,,3.459348440170288,0.0,0.0,0.0,0.9018000364303589,3.459348440170288,0,0.0,0.0,0.0,0.0,0,0,0,0,0
3040,math_recurrent,0,,,,,,,,,,,,,,,,,,,,,,,,,,,,,,,,3.471219301223755,0.0,0.0,0.0,0.8722000122070312,3.471219301223755,0,0.0,0.0,0.0,0.0,0,0,0,0,0
3060,math_recurrent,0,,,,,,,,,,,,,,,,,,,,,,,,,,,,,,,,3.853771686553955,0.0,0.0,0.0,0.9068000316619873,3.853771686553955,0,0.0,0.0,0.0,0.0,0,0,0,0,0
3080,math_recurrent,0,,,,,,,,,,,,,,,,,,,,,,,,,,,,,,,,3.296579599380493,0.0,0.0,0.0,0.8489999771118164,3.296579599380493,0,0.0,0.0,0.0,0.0,0,0,0,0,0
3100,math_recurrent,0,,,,,,,,,,,,,,,,,,,,,,,,,,,,,,,,3.345566511154175,0.0,0.0,0.0,0.9018000364303589,3.345566511154175,0,0.0,0.0,0.0,0.0,0,0,0,0,0
3120,math_recurrent,0,,,,,,,,,,,,,,,,,,,,,,,,,,,,,,,,3.290980100631714,0.0,0.0,0.0,0.8722000122070312,3.290980100631714,0,0.0,0.0,0.0,0.0,0,0,0,0,0
3140,math_recurrent,0,,,,,,,,,,,,,,,,,,,,,,,,,,,,,,,,3.772982120513916,0.0,0.0,0.0,0.9068000316619873,3.772982120513916,0,0.0,0.0,0.0,0.0,0,0,0,0,0
3160,math_recurrent,0,,,,,,,,,,,,,,,,,,,,,,,,,,,,,,,,3.245417594909668,0.0,0.0,0.0,0.8489999771118164,3.245417594909668,0,0.0,0.0,0.0,0.0,0,0,0,0,0
3180,math_recurrent,0,,,,,,,,,,,,,,,,,,,,,,,,,,,,,,,,3.315358877182007,0.0,0.0,0.0,0.9018000364303589,3.315358877182007,0,0.0,0.0,0.0,0.0,0,0,0,0,0
3200,math_recurrent,0,,,,,,,,,,,,,,,,,,,,,,,,,,,,,,,,3.307469367980957,0.0,0.0,0.0,0.8722000122070312,3.307469367980957,0,0.0,0.0,0.0,0.0,0,0,0,0,0
3220,math_recurrent,0,,,,,,,,,,,,,,,,,,,,,,,,,,,,,,,,3.7363133430480957,0.0,0.0,0.0,0.9068000316619873,3.7363133430480957,0,0.0,0.0,0.0,0.0,0,0,0,0,0
3240,math_recurrent,0,,,,,,,,,,,,,,,,,,,,,,,,,,,,,,,,3.16357159614563,0.0,0.0,0.0,0.8489999771118164,3.16357159614563,0,0.0,0.0,0.0,0.0,0,0,0,0,0
3250,,,,4.595766691501411,6.068265838532382,431.93099363655364,,32,8415,6.654476067632283,8.358950003150639,4268.21080483721,,32,14382,7.25060312704925,1408.9543704860096,,4.051167425384868,4.916202882520196,136.48338457902787,,32,6174,,7.207009569161669,9.658993783993784,15662.017364201225,,32,3861,0,0.0,,,,,,,,,,,,,,,,
3260,math_recurrent,0,,,,,,,,,,,,,,,,,,,,,,,,,,,,,,,,3.1772711277008057,0.0,0.0,0.0,0.9018000364303589,3.1772711277008057,0,0.0,0.0,0.0,0.0,0,0,0,0,0
3280,math_recurrent,0,,,,,,,,,,,,,,,,,,,,,,,,,,,,,,,,3.1878883838653564,0.0,0.0,0.0,0.8722000122070312,3.1878883838653564,0,0.0,0.0,0.0,0.0,0,0,0,0,0
3300,math_recurrent,0,,,,,,,,,,,,,,,,,,,,,,,,,,,,,,,,3.6875293254852295,0.0,0.0,0.0,0.9068000316619873,3.6875293254852295,0,0.0,0.0,0.0,0.0,0,0,0,0,0
3320,math_recurrent,0,,,,,,,,,,,,,,,,,,,,,,,,,,,,,,,,3.1564788818359375,0.0,0.0,0.0,0.8489999771118164,3.1564788818359375,0,0.0,0.0,0.0,0.0,0,0,0,0,0
3340,math_recurrent,0,,,,,,,,,,,,,,,,,,,,,,,,,,,,,,,,3.087731122970581,0.0,0.0,0.0,0.9018000364303589,3.087731122970581,0,0.0,0.0,0.0,0.0,0,0,0,0,0
3360,math_recurrent,0,,,,,,,,,,,,,,,,,,,,,,,,,,,,,,,,3.1217713356018066,0.0,0.0,0.0,0.8722000122070312,3.1217713356018066,0,0.0,0.0,0.0,0.0,0,0,0,0,0
3380,math_recurrent,0,,,,,,,,,,,,,,,,,,,,,,,,,,,,,,,,3.5824146270751953,0.0,0.0,0.0,0.9068000316619873,3.5824146270751953,0,0.0,0.0,0.0,0.0,0,0,0,0,0
3400,math_recurrent,0,,,,,,,,,,,,,,,,,,,,,,,,,,,,,,,,3.102964401245117,0.0,0.0,0.0,0.8489999771118164,3.102964401245117,0,0.0,0.0,0.0,0.0,0,0,0,0,0
3420,math_recurrent,0,,,,,,,,,,,,,,,,,,,,,,,,,,,,,,,,3.1236166954040527,0.0,0.0,0.0,0.9018000364303589,3.1236166954040527,0,0.0,0.0,0.0,0.0,0,0,0,0,0
3440,math_recurrent,0,,,,,,,,,,,,,,,,,,,,,,,,,,,,,,,,3.1337320804595947,0.0,0.0,0.0,0.8722000122070312,3.1337320804595947,0,0.0,0.0,0.0,0.0,0,0,0,0,0
3460,math_recurrent,0,,,,,,,,,,,,,,,,,,,,,,,,,,,,,,,,3.571662187576294,0.0,0.0,0.0,0.9068000316619873,3.571662187576294,0,0.0,0.0,0.0,0.0,0,0,0,0,0
3480,math_recurrent,0,,,,,,,,,,,,,,,,,,,,,,,,,,,,,,,,3.1028478145599365,0.0,0.0,0.0,0.8489999771118164,3.1028478145599365,0,0.0,0.0,0.0,0.0,0,0,0,0,0
3500,math_recurrent,0,,,,,,,,,,,,,,,,,,,,,,,,,,,,,,,,3.5192015171051025,0.0,0.0,0.0,0.9018000364303589,3.5192015171051025,0,0.0,0.0,0.0,0.0,0,0,0,0,0
3500,,,,4.8435472312741386,6.31604637830511,553.3808034139518,,32,8415,6.846073562819409,8.550547498337766,5169.58399115662,,32,14382,7.380361590876671,1604.1697161081702,,4.183121063657513,5.048156520792841,155.7351052690163,,32,6174,,7.1547117512388505,9.606695966070966,14863.977778594439,,32,3861,0,0.0,,,,,,,,,,,,,,,,
3520,math_recurrent,0,,,,,,,,,,,,,,,,,,,,,,,,,,,,,,,,3.1587915420532227,0.0,0.0,0.0,0.8722000122070312,3.1587915420532227,0,0.0,0.0,0.0,0.0,0,0,0,0,0
3540,math_recurrent,0,,,,,,,,,,,,,,,,,,,,,,,,,,,,,,,,3.542832136154175,0.0,0.0,0.0,0.9068000316619873,3.542832136154175,0,0.0,0.0,0.0,0.0,0,0,0,0,0
3560,math_recurrent,0,,,,,,,,,,,,,,,,,,,,,,,,,,,,,,,,3.0842273235321045,0.0,0.0,0.0,0.8489999771118164,3.0842273235321045,0,0.0,0.0,0.0,0.0,0,0,0,0,0
3580,math_recurrent,0,,,,,,,,,,,,,,,,,,,,,,,,,,,,,,,,3.072726011276245,0.0,0.0,0.0,0.9018000364303589,3.072726011276245,0,0.0,0.0,0.0,0.0,0,0,0,0,0
3600,math_recurrent,0,,,,,,,,,,,,,,,,,,,,,,,,,,,,,,,,2.972670793533325,0.0,0.0,0.0,0.8722000122070312,2.972670793533325,0,0.0,0.0,0.0,0.0,0,0,0,0,0
3620,math_recurrent,0,,,,,,,,,,,,,,,,,,,,,,,,,,,,,,,,3.4503211975097656,0.0,0.0,0.0,0.9068000316619873,3.4503211975097656,0,0.0,0.0,0.0,0.0,0,0,0,0,0
3640,math_recurrent,0,,,,,,,,,,,,,,,,,,,,,,,,,,,,,,,,2.8245654106140137,0.0,0.0,0.0,0.8489999771118164,2.8245654106140137,0,0.0,0.0,0.0,0.0,0,0,0,0,0
3649,,,0.046875,4.479086563010621,5.951585710041592,384.3623433088205,4.580107801214117,32,8415,6.69880509273745,8.403279028255806,4461.672738862886,6.682169078603572,32,14382,7.176987215571049,1308.9587012579416,0.046875,3.814423897523574,4.679459354658902,107.71182293137205,,32,6174,0.0,7.221640554495779,9.673624769327894,15892.852666709585,,32,3861,0,0.0,,,,,,,,,,,,,,,,
3660,medical_recurrent,0,,,,,,,,,,,,,,,,,,,,,,,,,,,,,,,,4.804610729217529,0.0,0.0,0.0,0.6237499713897705,4.804610729217529,0,0.0,0.0,0.0,0.0,0,0,0,0,0
3680,medical_recurrent,0,,,,,,,,,,,,,,,,,,,,,,,,,,,,,,,,3.942042589187622,0.0,0.0,0.0,0.5874999761581421,3.942042589187622,0,0.0,0.0,0.0,0.0,0,0,0,0,0
3700,medical_recurrent,0,,,,,,,,,,,,,,,,,,,,,,,,,,,,,,,,3.9870784282684326,0.0,0.0,0.0,0.624750018119812,3.9870784282684326,0,0.0,0.0,0.0,0.0,0,0,0,0,0
3720,medical_recurrent,0,,,,,,,,,,,,,,,,,,,,,,,,,,,,,,,,4.172436237335205,0.0,0.0,0.0,0.6500500440597534,4.172436237335205,0,0.0,0.0,0.0,0.0,0,0,0,0,0
3740,medical_recurrent,0,,,,,,,,,,,,,,,,,,,,,,,,,,,,,,,,3.7212014198303223,0.0,0.0,0.0,0.6237499713897705,3.7212014198303223,0,0.0,0.0,0.0,0.0,0,0,0,0,0
3750,,,,5.238089738144311,6.710588885175282,821.0540036445078,,32,8415,5.708644730609443,7.413118666127799,1657.5877571154365,,32,14382,6.723350951871725,831.5994976205023,,5.398800918188611,6.263836375323939,525.2300595768007,,32,6174,,4.053875666027766,6.505859880859881,669.0507259924923,,32,3861,0,0.0,,,,,,,,,,,,,,,,
3760,medical_recurrent,0,,,,,,,,,,,,,,,,,,,,,,,,,,,,,,,,3.5135700702667236,0.0,0.0,0.0,0.5874999761581421,3.5135700702667236,0,0.0,0.0,0.0,0.0,0,0,0,0,0
3780,medical_recurrent,0,,,,,,,,,,,,,,,,,,,,,,,,,,,,,,,,3.6743667125701904,0.0,0.0,0.0,0.624750018119812,3.6743667125701904,0,0.0,0.0,0.0,0.0,0,0,0,0,0
3800,medical_recurrent,0,,,,,,,,,,,,,,,,,,,,,,,,,,,,,,,,3.8893392086029053,0.0,0.0,0.0,0.6500500440597534,3.8893392086029053,0,0.0,0.0,0.0,0.0,0,0,0,0,0
3820,medical_recurrent,0,,,,,,,,,,,,,,,,,,,,,,,,,,,,,,,,3.4769747257232666,0.0,0.0,0.0,0.6237499713897705,3.4769747257232666,0,0.0,0.0,0.0,0.0,0,0,0,0,0
3840,medical_recurrent,0,,,,,,,,,,,,,,,,,,,,,,,,,,,,,,,,3.341780185699463,0.0,0.0,0.0,0.5874999761581421,3.341780185699463,0,0.0,0.0,0.0,0.0,0,0,0,0,0
3860,medical_recurrent,0,,,,,,,,,,,,,,,,,,,,,,,,,,,,,,,,3.440767765045166,0.0,0.0,0.0,0.624750018119812,3.440767765045166,0,0.0,0.0,0.0,0.0,0,0,0,0,0
3880,medical_recurrent,0,,,,,,,,,,,,,,,,,,,,,,,,,,,,,,,,3.644383430480957,0.0,0.0,0.0,0.6500500440597534,3.644383430480957,0,0.0,0.0,0.0,0.0,0,0,0,0,0
3900,medical_recurrent,0,,,,,,,,,,,,,,,,,,,,,,,,,,,,,,,,3.318225383758545,0.0,0.0,0.0,0.6237499713897705,3.318225383758545,0,0.0,0.0,0.0,0.0,0,0,0,0,0
3920,medical_recurrent,0,,,,,,,,,,,,,,,,,,,,,,,,,,,,,,,,3.2323215007781982,0.0,0.0,0.0,0.5874999761581421,3.2323215007781982,0,0.0,0.0,0.0,0.0,0,0,0,0,0
3940,medical_recurrent,0,,,,,,,,,,,,,,,,,,,,,,,,,,,,,,,,3.3352584838867188,0.0,0.0,0.0,0.624750018119812,3.3352584838867188,0,0.0,0.0,0.0,0.0,0,0,0,0,0
3960,medical_recurrent,0,,,,,,,,,,,,,,,,,,,,,,,,,,,,,,,,3.4901256561279297,0.0,0.0,0.0,0.6500500440597534,3.4901256561279297,0,0.0,0.0,0.0,0.0,0,0,0,0,0
3980,medical_recurrent,0,,,,,,,,,,,,,,,,,,,,,,,,,,,,,,,,3.203359603881836,0.0,0.0,0.0,0.6237499713897705,3.203359603881836,0,0.0,0.0,0.0,0.0,0,0,0,0,0
4000,medical_recurrent,0,,,,,,,,,,,,,,,,,,,,,,,,,,,,,,,,3.1088781356811523,0.0,0.0,0.0,0.5874999761581421,3.1088781356811523,0,0.0,0.0,0.0,0.0,0,0,0,0,0
4000,,,,5.436332737995767,6.908831885026738,1001.0771857929237,,32,8415,5.95767957559797,7.662153511116326,2126.3315802625502,,32,14382,6.828505776670044,923.8094031064705,,5.6110427950360755,6.476078252171404,649.4190877717436,,32,6174,,3.814975243533593,6.266959458365708,526.872960791998,,32,3861,0,0.0,,,,,,,,,,,,,,,,
4020,medical_recurrent,0,,,,,,,,,,,,,,,,,,,,,,,,,,,,,,,,3.1937167644500732,0.0,0.0,0.0,0.624750018119812,3.1937167644500732,0,0.0,0.0,0.0,0.0,0,0,0,0,0
4040,medical_recurrent,0,,,,,,,,,,,,,,,,,,,,,,,,,,,,,,,,3.354640007019043,0.0,0.0,0.0,0.6500500440597534,3.354640007019043,0,0.0,0.0,0.0,0.0,0,0,0,0,0
4060,medical_recurrent,0,,,,,,,,,,,,,,,,,,,,,,,,,,,,,,,,3.1058170795440674,0.0,0.0,0.0,0.6237499713897705,3.1058170795440674,0,0.0,0.0,0.0,0.0,0,0,0,0,0
4080,medical_recurrent,0,,,,,,,,,,,,,,,,,,,,,,,,,,,,,,,,3.055298089981079,0.0,0.0,0.0,0.5874999761581421,3.055298089981079,0,0.0,0.0,0.0,0.0,0,0,0,0,0
4100,medical_recurrent,0,,,,,,,,,,,,,,,,,,,,,,,,,,,,,,,,3.1383697986602783,0.0,0.0,0.0,0.624750018119812,3.1383697986602783,0,0.0,0.0,0.0,0.0,0,0,0,0,0
4120,medical_recurrent,0,,,,,,,,,,,,,,,,,,,,,,,,,,,,,,,,3.2808163166046143,0.0,0.0,0.0,0.6500500440597534,3.2808163166046143,0,0.0,0.0,0.0,0.0,0,0,0,0,0
4140,medical_recurrent,0,,,,,,,,,,,,,,,,,,,,,,,,,,,,,,,,2.9911651611328125,0.0,0.0,0.0,0.6237499713897705,2.9911651611328125,0,0.0,0.0,0.0,0.0,0,0,0,0,0
4160,medical_recurrent,0,,,,,,,,,,,,,,,,,,,,,,,,,,,,,,,,3.1098902225494385,0.0,0.0,0.0,0.5874999761581421,3.1098902225494385,0,0.0,0.0,0.0,0.0,0,0,0,0,0
4180,medical_recurrent,0,,,,,,,,,,,,,,,,,,,,,,,,,,,,,,,,3.1356284618377686,0.0,0.0,0.0,0.624750018119812,3.1356284618377686,0,0.0,0.0,0.0,0.0,0,0,0,0,0
4200,medical_recurrent,0,,,,,,,,,,,,,,,,,,,,,,,,,,,,,,,,3.242255449295044,0.0,0.0,0.0,0.6500500440597534,3.242255449295044,0,0.0,0.0,0.0,0.0,0,0,0,0,0
4220,medical_recurrent,0,,,,,,,,,,,,,,,,,,,,,,,,,,,,,,,,3.0046534538269043,0.0,0.0,0.0,0.6237499713897705,3.0046534538269043,0,0.0,0.0,0.0,0.0,0,0,0,0,0
4240,medical_recurrent,0,,,,,,,,,,,,,,,,,,,,,,,,,,,,,,,,2.983159303665161,0.0,0.0,0.0,0.5874999761581421,2.983159303665161,0,0.0,0.0,0.0,0.0,0,0,0,0,0
4250,,,,5.65536497210153,7.127864119132502,1246.2123611469954,,32,8415,6.183113413250939,7.887587348769295,2664.0088367930734,,32,14382,6.985040709381767,1080.3503972340598,,5.837352771221491,6.702388228356819,814.3483544749513,,32,6174,,3.770338926436339,6.222323141268454,503.8724402364098,,32,3861,0,0.0,,,,,,,,,,,,,,,,
4260,medical_recurrent,0,,,,,,,,,,,,,,,,,,,,,,,,,,,,,,,,3.025768756866455,0.0,0.0,0.0,0.624750018119812,3.025768756866455,0,0.0,0.0,0.0,0.0,0,0,0,0,0
4280,medical_recurrent,0,,,,,,,,,,,,,,,,,,,,,,,,,,,,,,,,3.131110191345215,0.0,0.0,0.0,0.6500500440597534,3.131110191345215,0,0.0,0.0,0.0,0.0,0,0,0,0,0
4300,medical_recurrent,0,,,,,,,,,,,,,,,,,,,,,,,,,,,,,,,,3.049990177154541,0.0,0.0,0.0,0.6237499713897705,3.049990177154541,0,0.0,0.0,0.0,0.0,0,0,0,0,0
4320,medical_recurrent,0,,,,,,,,,,,,,,,,,,,,,,,,,,,,,,,,2.9024598598480225,0.0,0.0,0.0,0.5874999761581421,2.9024598598480225,0,0.0,0.0,0.0,0.0,0,0,0,0,0
4340,medical_recurrent,0,,,,,,,,,,,,,,,,,,,,,,,,,,,,,,,,3.0714409351348877,0.0,0.0,0.0,0.624750018119812,3.0714409351348877,0,0.0,0.0,0.0,0.0,0,0,0,0,0
4360,medical_recurrent,0,,,,,,,,,,,,,,,,,,,,,,,,,,,,,,,,3.0817790031433105,0.0,0.0,0.0,0.6500500440597534,3.0817790031433105,0,0.0,0.0,0.0,0.0,0,0,0,0,0
4380,medical_recurrent,0,,,,,,,,,,,,,,,,,,,,,,,,,,,,,,,,2.892145872116089,0.0,0.0,0.0,0.6237499713897705,2.892145872116089,0,0.0,0.0,0.0,0.0,0,0,0,0,0
4400,medical_recurrent,0,,,,,,,,,,,,,,,,,,,,,,,,,,,,,,,,2.9020638465881348,0.0,0.0,0.0,0.5874999761581421,2.9020638465881348,0,0.0,0.0,0.0,0.0,0,0,0,0,0
4420,medical_recurrent,0,,,,,,,,,,,,,,,,,,,,,,,,,,,,,,,,2.957151174545288,0.0,0.0,0.0,0.624750018119812,2.957151174545288,0,0.0,0.0,0.0,0.0,0,0,0,0,0
4440,medical_recurrent,0,,,,,,,,,,,,,,,,,,,,,,,,,,,,,,,,3.014878511428833,0.0,0.0,0.0,0.6500500440597534,3.014878511428833,0,0.0,0.0,0.0,0.0,0,0,0,0,0
4460,medical_recurrent,0,,,,,,,,,,,,,,,,,,,,,,,,,,,,,,,,2.7610421180725098,0.0,0.0,0.0,0.6237499713897705,2.7610421180725098,0,0.0,0.0,0.0,0.0,0,0,0,0,0
4480,medical_recurrent,0,,,,,,,,,,,,,,,,,,,,,,,,,,,,,,,,2.8877174854278564,0.0,0.0,0.0,0.5874999761581421,2.8877174854278564,0,0.0,0.0,0.0,0.0,0,0,0,0,0
4500,medical_recurrent,0,,,,,,,,,,,,,,,,,,,,,,,,,,,,,,,,2.990471839904785,0.0,0.0,0.0,0.624750018119812,2.990471839904785,0,0.0,0.0,0.0,0.0,0,0,0,0,0
4500,,,,5.947170202716503,7.419669349747474,1668.4817326212622,,32,8415,6.540663758300306,8.245137693818663,3809.0599059093624,,32,14382,7.2340684818294445,1385.8493528699832,,6.1826405329035445,7.047675990038873,1150.1825984788902,,32,6174,,3.7718066788806537,6.223790893712769,504.6125432533288,,32,3861,0,0.0,,,,,,,,,,,,,,,,
4520,medical_recurrent,0,,,,,,,,,,,,,,,,,,,,,,,,,,,,,,,,3.0313668251037598,0.0,0.0,0.0,0.6500500440597534,3.0313668251037598,0,0.0,0.0,0.0,0.0,0,0,0,0,0
4540,medical_recurrent,0,,,,,,,,,,,,,,,,,,,,,,,,,,,,,,,,2.6841964721679688,0.0,0.0,0.0,0.6237499713897705,2.6841964721679688,0,0.0,0.0,0.0,0.0,0,0,0,0,0
4560,medical_recurrent,0,,,,,,,,,,,,,,,,,,,,,,,,,,,,,,,,2.668163299560547,0.0,0.0,0.0,0.5874999761581421,2.668163299560547,0,0.0,0.0,0.0,0.0,0,0,0,0,0
4580,medical_recurrent,0,,,,,,,,,,,,,,,,,,,,,,,,,,,,,,,,2.8990893363952637,0.0,0.0,0.0,0.624750018119812,2.8990893363952637,0,0.0,0.0,0.0,0.0,0,0,0,0,0
4600,medical_recurrent,0,,,,,,,,,,,,,,,,,,,,,,,,,,,,,,,,3.0091540813446045,0.0,0.0,0.0,0.6500500440597534,3.0091540813446045,0,0.0,0.0,0.0,0.0,0,0,0,0,0
4620,medical_recurrent,0,,,,,,,,,,,,,,,,,,,,,,,,,,,,,,,,2.6834912300109863,0.0,0.0,0.0,0.6237499713897705,2.6834912300109863,0,0.0,0.0,0.0,0.0,0,0,0,0,0
4640,medical_recurrent,0,,,,,,,,,,,,,,,,,,,,,,,,,,,,,,,,2.6960744857788086,0.0,0.0,0.0,0.5874999761581421,2.6960744857788086,0,0.0,0.0,0.0,0.0,0,0,0,0,0
4660,medical_recurrent,0,,,,,,,,,,,,,,,,,,,,,,,,,,,,,,,,2.9666945934295654,0.0,0.0,0.0,0.624750018119812,2.9666945934295654,0,0.0,0.0,0.0,0.0,0,0,0,0,0
4680,medical_recurrent,0,,,,,,,,,,,,,,,,,,,,,,,,,,,,,,,,3.4130165576934814,0.0,0.0,0.0,0.6500500440597534,3.4130165576934814,0,0.0,0.0,0.0,0.0,0,0,0,0,0
4700,medical_recurrent,0,,,,,,,,,,,,,,,,,,,,,,,,,,,,,,,,2.6843483448028564,0.0,0.0,0.0,0.6237499713897705,2.6843483448028564,0,0.0,0.0,0.0,0.0,0,0,0,0,0
4720,medical_recurrent,0,,,,,,,,,,,,,,,,,,,,,,,,,,,,,,,,2.6470210552215576,0.0,0.0,0.0,0.5874999761581421,2.6470210552215576,0,0.0,0.0,0.0,0.0,0,0,0,0,0
4740,medical_recurrent,0,,,,,,,,,,,,,,,,,,,,,,,,,,,,,,,,2.7213237285614014,0.0,0.0,0.0,0.624750018119812,2.7213237285614014,0,0.0,0.0,0.0,0.0,0,0,0,0,0
4750,,,,6.258010916843063,7.730510063874035,2276.7631993281498,,32,8415,6.857235824294257,8.561709759812613,5227.611495974125,,32,14382,7.494445850227894,1798.0281123027687,,6.5347193108432915,7.39975476797862,1635.583283416216,,32,6174,,3.833824594414194,6.285808809246309,536.8983634334634,,32,3861,0,0.0,,,,,,,,,,,,,,,,
4760,medical_recurrent,0,,,,,,,,,,,,,,,,,,,,,,,,,,,,,,,,2.8460347652435303,0.0,0.0,0.0,0.6500500440597534,2.8460347652435303,0,0.0,0.0,0.0,0.0,0,0,0,0,0
4780,medical_recurrent,0,,,,,,,,,,,,,,,,,,,,,,,,,,,,,,,,2.582070827484131,0.0,0.0,0.0,0.6237499713897705,2.582070827484131,0,0.0,0.0,0.0,0.0,0,0,0,0,0
4800,medical_recurrent,0,,,,,,,,,,,,,,,,,,,,,,,,,,,,,,,,2.5504150390625,0.0,0.0,0.0,0.5874999761581421,2.5504150390625,0,0.0,0.0,0.0,0.0,0,0,0,0,0
4820,medical_recurrent,0,,,,,,,,,,,,,,,,,,,,,,,,,,,,,,,,2.6322367191314697,0.0,0.0,0.0,0.624750018119812,2.6322367191314697,0,0.0,0.0,0.0,0.0,0,0,0,0,0
4840,medical_recurrent,0,,,,,,,,,,,,,,,,,,,,,,,,,,,,,,,,2.7202322483062744,0.0,0.0,0.0,0.6500500440597534,2.7202322483062744,0,0.0,0.0,0.0,0.0,0,0,0,0,0
4860,medical_recurrent,0,,,,,,,,,,,,,,,,,,,,,,,,,,,,,,,,2.5241739749908447,0.0,0.0,0.0,0.6237499713897705,2.5241739749908447,0,0.0,0.0,0.0,0.0,0,0,0,0,0
4880,medical_recurrent,0,,,,,,,,,,,,,,,,,,,,,,,,,,,,,,,,2.5176756381988525,0.0,0.0,0.0,0.5874999761581421,2.5176756381988525,0,0.0,0.0,0.0,0.0,0,0,0,0,0
4900,medical_recurrent,0,,,,,,,,,,,,,,,,,,,,,,,,,,,,,,,,2.5623927116394043,0.0,0.0,0.0,0.624750018119812,2.5623927116394043,0,0.0,0.0,0.0,0.0,0,0,0,0,0
4920,medical_recurrent,0,,,,,,,,,,,,,,,,,,,,,,,,,,,,,,,,2.6177549362182617,0.0,0.0,0.0,0.6500500440597534,2.6177549362182617,0,0.0,0.0,0.0,0.0,0,0,0,0,0
4940,medical_recurrent,0,,,,,,,,,,,,,,,,,,,,,,,,,,,,,,,,2.386652946472168,0.0,0.0,0.0,0.6237499713897705,2.386652946472168,0,0.0,0.0,0.0,0.0,0,0,0,0,0
4949,,,0.015625,6.214184671856432,7.686683818887404,2179.136156765087,6.3152059100599285,32,8415,6.826468028340548,8.530941963858904,5069.218607298174,6.80983201420667,32,14382,7.485043974600672,1781.2024957356946,0.0,6.3945697800488315,7.259605237184159,1421.695194011705,2.5801458825252572,32,6174,0.0,4.010960663640107,6.462944878472222,640.9457875071816,,32,3861,0,0.0,,,,,,,,,,,,,,,,
4950,,,,5.99976636191882,7.472265508949792,1758.5862689134058,,32,8415,6.692810491467199,8.397284426985555,4435.006795497924,,32,14382,7.352430052889209,1559.9827662223704,,6.210712196836974,7.075747653972303,1182.9275907789097,,32,6174,,4.012438406817069,6.4644226216491845,641.8936409409577,,32,3861,0,0.0,,,,,,,,,,,,,,,,
4960,code_revisit,0,,,,,,,,,,,,,,,,,,,,,,,,,,,,,,,,5.032104015350342,0.0,0.0,0.0,0.853950023651123,5.032104015350342,0,0.0,0.0,0.0,0.0,0,0,0,0,0
4980,code_revisit,0,,,,,,,,,,,,,,,,,,,,,,,,,,,,,,,,4.745538234710693,0.0,0.0,0.0,0.8731499910354614,4.745538234710693,0,0.0,0.0,0.0,0.0,0,0,0,0,0
5000,code_revisit,0,,,,,,,,,,,,,,,,,,,,,,,,,,,,,,,,4.368284225463867,0.0,0.0,0.0,0.8532500267028809,4.368284225463867,0,0.0,0.0,0.0,0.0,0,0,0,0,0
5000,,,,3.5831072385156713,5.055606385546643,156.89964317962693,,32,8415,5.611098413489953,7.315572349008309,1503.5320949251739,,32,14382,6.208404233287968,496.90766955152804,,4.330877310873662,5.19591276800899,180.53285222690934,,32,6174,,4.814541215755815,7.26652543058793,1431.5677202120075,,32,3861,0,0.0,,,,,,,,,,,,,,,,
5020,code_revisit,0,,,,,,,,,,,,,,,,,,,,,,,,,,,,,,,,4.728524208068848,0.0,0.0,0.0,0.8864499926567078,4.728524208068848,0,0.0,0.0,0.0,0.0,0,0,0,0,0
5040,code_revisit,0,,,,,,,,,,,,,,,,,,,,,,,,,,,,,,,,4.053797721862793,0.0,0.0,0.0,0.853950023651123,4.053797721862793,0,0.0,0.0,0.0,0.0,0,0,0,0,0
5050,,,,3.429411503592915,4.901910650623886,134.54660581064024,,32,8415,5.610782330995342,7.315256266513698,1503.0569298495197,,32,14382,6.183557676722876,484.713345851269,,4.324142604342239,5.189178061477567,179.32110142095226,,32,6174,,4.875901513444238,7.327885728276353,1522.1601073795753,,32,3861,0,0.0,,,,,,,,,,,,,,,,
5060,code_revisit,0,,,,,,,,,,,,,,,,,,,,,,,,,,,,,,,,4.268959999084473,0.0,0.0,0.0,0.8731499910354614,4.268959999084473,0,0.0,0.0,0.0,0.0,0,0,0,0,0
5080,code_revisit,0,,,,,,,,,,,,,,,,,,,,,,,,,,,,,,,,4.069299697875977,0.0,0.0,0.0,0.8532500267028809,4.069299697875977,0,0.0,0.0,0.0,0.0,0,0,0,0,0
5100,code_revisit,0,,,,,,,,,,,,,,,,,,,,,,,,,,,,,,,,4.456229209899902,0.0,0.0,0.0,0.8864499926567078,4.456229209899902,0,0.0,0.0,0.0,0.0,0,0,0,0,0
5100,,,,3.3419462026050955,4.814445349636067,123.27841692535664,,32,8415,5.657451588791545,7.3619255243099015,1574.8660882471495,,32,14382,6.207774653959223,496.594925213499,,4.321869020057335,5.1869044771926625,178.91386290378048,,32,6174,,5.015839049866149,7.467823264698264,1750.7915250656843,,32,3861,0,0.0,,,,,,,,,,,,,,,,
5120,code_revisit,0,,,,,,,,,,,,,,,,,,,,,,,,,,,,,,,,3.885617971420288,0.0,0.0,0.0,0.853950023651123,3.885617971420288,0,0.0,0.0,0.0,0.0,0,0,0,0,0
5140,code_revisit,0,,,,,,,,,,,,,,,,,,,,,,,,,,,,,,,,4.055794715881348,0.0,0.0,0.0,0.8731499910354614,4.055794715881348,0,0.0,0.0,0.0,0.0,0,0,0,0,0
5150,,,,3.298121582321375,4.770620729352347,117.99246061749587,,32,8415,5.661912052609164,7.36638598812752,1581.9064113318648,,32,14382,6.220425319739837,502.91708710326736,,4.387602874983234,5.252638332118562,191.0697093955867,,32,6174,,5.040072014528802,7.492056229360917,1793.7366363485735,,32,3861,0,0.0,,,,,,,,,,,,,,,,
5160,code_revisit,0,,,,,,,,,,,,,,,,,,,,,,,,,,,,,,,,3.8836984634399414,0.0,0.0,0.0,0.8532500267028809,3.8836984634399414,0,0.0,0.0,0.0,0.0,0,0,0,0,0
5180,code_revisit,0,,,,,,,,,,,,,,,,,,,,,,,,,,,,,,,,4.246862888336182,0.0,0.0,0.0,0.8864499926567078,4.246862888336182,0,0.0,0.0,0.0,0.0,0,0,0,0,0
5200,code_revisit,0,,,,,,,,,,,,,,,,,,,,,,,,,,,,,,,,3.742278575897217,0.0,0.0,0.0,0.853950023651123,3.742278575897217,0,0.0,0.0,0.0,0.0,0,0,0,0,0
5200,,,,3.259468623505273,4.731967770536245,113.518721509139,,32,8415,5.720721017102542,7.425194952620898,1677.726618338551,,32,14382,6.253573299033708,519.867150451368,,4.409251354873701,5.27428681200903,195.25117605076488,,32,6174,,5.1308594461365455,7.582843660968661,1964.2065687769868,,32,3861,0,0.0,,,,,,,,,,,,,,,,
5220,code_revisit,0,,,,,,,,,,,,,,,,,,,,,,,,,,,,,,,,3.901585102081299,0.0,0.0,0.0,0.8731499910354614,3.901585102081299,0,0.0,0.0,0.0,0.0,0,0,0,0,0
5240,code_revisit,0,,,,,,,,,,,,,,,,,,,,,,,,,,,,,,,,3.726412057876587,0.0,0.0,0.0,0.8532500267028809,3.726412057876587,0,0.0,0.0,0.0,0.0,0,0,0,0,0
5250,,,,3.203197038166593,4.675696185197564,107.30724681039175,,32,8415,5.768166900791789,7.472640836310145,1759.2464383377442,,32,14382,6.287711953840743,537.9211315807254,,4.468551902659781,5.333587359795109,207.17987137547632,,32,6174,,5.2169392192280375,7.668923434060153,2140.7755182214473,,32,3861,0,0.0,,,,,,,,,,,,,,,,
5260,code_revisit,0,,,,,,,,,,,,,,,,,,,,,,,,,,,,,,,,4.059715270996094,0.0,0.0,0.0,0.8864499926567078,4.059715270996094,0,0.0,0.0,0.0,0.0,0,0,0,0,0
5280,code_revisit,0,,,,,,,,,,,,,,,,,,,,,,,,,,,,,,,,3.59182071685791,0.0,0.0,0.0,0.853950023651123,3.59182071685791,0,0.0,0.0,0.0,0.0,0,0,0,0,0
5300,code_revisit,0,,,,,,,,,,,,,,,,,,,,,,,,,,,,,,,,3.7601022720336914,0.0,0.0,0.0,0.8731499910354614,3.7601022720336914,0,0.0,0.0,0.0,0.0,0,0,0,0,0
5300,,,,3.2026961654690282,4.6751953125,107.25351299823669,,32,8415,5.8187839644390555,7.523257899957412,1850.5865094388491,,32,14382,6.305806573979728,547.7432054795408,,4.478122420785185,5.343157877920514,209.172208732798,,32,6174,,5.229630990708872,7.681615205540987,2168.118902844247,,32,3861,0,0.0,,,,,,,,,,,,,,,,
5320,code_revisit,0,,,,,,,,,,,,,,,,,,,,,,,,,,,,,,,,3.6077969074249268,0.0,0.0,0.0,0.8532500267028809,3.6077969074249268,0,0.0,0.0,0.0,0.0,0,0,0,0,0
5340,code_revisit,0,,,,,,,,,,,,,,,,,,,,,,,,,,,,,,,,3.929908514022827,0.0,0.0,0.0,0.8864499926567078,3.929908514022827,0,0.0,0.0,0.0,0.0,0,0,0,0,0
5350,,,,3.159843349626783,4.632342496657754,102.75448444502216,,32,8415,5.88196749707751,7.5864414325958665,1971.2860630054495,,32,14382,6.35099692834044,573.0637278050973,,4.5054355246911815,5.37047098182651,214.9640880448153,,32,6174,,5.3627485874495155,7.814732802281631,2476.825062584199,,32,3861,0,0.0,,,,,,,,,,,,,,,,
5360,code_revisit,0,,,,,,,,,,,,,,,,,,,,,,,,,,,,,,,,3.502747058868408,0.0,0.0,0.0,0.853950023651123,3.502747058868408,0,0.0,0.0,0.0,0.0,0,0,0,0,0
5380,code_revisit,0,,,,,,,,,,,,,,,,,,,,,,,,,,,,,,,,3.6607234477996826,0.0,0.0,0.0,0.8731499910354614,3.6607234477996826,0,0.0,0.0,0.0,0.0,0,0,0,0,0
5399,,,0.15625,3.1633045470792487,4.63580369411022,103.1107542091401,,32,8415,5.953250584226376,7.657724519744733,2116.9349003080474,5.936614570092498,32,14382,6.40467074150852,604.6626755784407,0.0,4.568469043530266,5.4335045006655935,228.95019725481686,0.7540451460066917,32,6174,0.015625,5.439666036681418,7.891650251513533,2674.8544630498745,1.4287053730413106,32,3861,0,0.0,,,,,,,,,,,,,,,,
5400,mixed_tail,0,,,,,,,,,,,,,,,,,,,,,,,,,,,,,,,,5.7161865234375,0.0,0.0,0.0,0.8862999677658081,5.7161865234375,0,0.0,0.0,0.0,0.0,0,0,0,0,0
5420,mixed_tail,0,,,,,,,,,,,,,,,,,,,,,,,,,,,,,,,,4.854061126708984,0.0,0.0,0.0,0.7821500301361084,4.854061126708984,0,0.0,0.0,0.0,0.0,0,0,0,0,0
5440,mixed_tail,0,,,,,,,,,,,,,,,,,,,,,,,,,,,,,,,,4.098676681518555,0.0,0.0,0.0,0.8551000356674194,4.098676681518555,0,0.0,0.0,0.0,0.0,0,0,0,0,0
5460,mixed_tail,0,,,,,,,,,,,,,,,,,,,,,,,,,,,,,,,,4.892047882080078,0.0,0.0,0.0,0.7953000068664551,4.892047882080078,0,0.0,0.0,0.0,0.0,0,0,0,0,0
5480,mixed_tail,0,,,,,,,,,,,,,,,,,,,,,,,,,,,,,,,,3.977252244949341,0.0,0.0,0.0,0.8328999876976013,3.977252244949341,0,0.0,0.0,0.0,0.0,0,0,0,0,0
5500,mixed_tail,0,,,,,,,,,,,,,,,,,,,,,,,,,,,,,,,,2.167215585708618,0.0,0.0,0.0,0.3343999981880188,2.167215585708618,0,0.0,0.0,0.0,0.0,0,0,0,0,0
5500,,,,3.4181015984755643,4.890600745506536,133.0334693094278,,32,8415,4.747618890475073,6.45209282599343,634.0278151767762,,32,14382,5.5998918141729925,270.3971527041223,,4.076725259428082,4.941760716563411,140.0165621331557,,32,6174,,3.663128753796478,6.115112968628593,452.6471794140766,,32,3861,0,0.0,,,,,,,,,,,,,,,,
5520,mixed_tail,0,,,,,,,,,,,,,,,,,,,,,,,,,,,,,,,,3.961667060852051,0.0,0.0,0.0,0.6294500231742859,3.961667060852051,0,0.0,0.0,0.0,0.0,0,0,0,0,0
5540,mixed_tail,0,,,,,,,,,,,,,,,,,,,,,,,,,,,,,,,,3.994643211364746,0.0,0.0,0.0,0.8891000151634216,3.994643211364746,0,0.0,0.0,0.0,0.0,0,0,0,0,0
5560,mixed_tail,0,,,,,,,,,,,,,,,,,,,,,,,,,,,,,,,,4.83134651184082,0.0,0.0,0.0,0.796049952507019,4.83134651184082,0,0.0,0.0,0.0,0.0,0,0,0,0,0
5580,mixed_tail,0,,,,,,,,,,,,,,,,,,,,,,,,,,,,,,,,4.167253494262695,0.0,0.0,0.0,0.9056999683380127,4.167253494262695,0,0.0,0.0,0.0,0.0,0,0,0,0,0
5600,mixed_tail,0,,,,,,,,,,,,,,,,,,,,,,,,,,,,,,,,4.7953596115112305,0.0,0.0,0.0,0.6389000415802002,4.7953596115112305,0,0.0,0.0,0.0,0.0,0,0,0,0,0
5620,mixed_tail,0,,,,,,,,,,,,,,,,,,,,,,,,,,,,,,,,4.40860652923584,0.0,0.0,0.0,0.7738000154495239,4.40860652923584,0,0.0,0.0,0.0,0.0,0,0,0,0,0
5640,mixed_tail,0,,,,,,,,,,,,,,,,,,,,,,,,,,,,,,,,3.8145365715026855,0.0,0.0,0.0,0.8064000010490417,3.8145365715026855,0,0.0,0.0,0.0,0.0,0,0,0,0,0
5660,mixed_tail,0,,,,,,,,,,,,,,,,,,,,,,,,,,,,,,,,4.951846599578857,0.0,0.0,0.0,0.8125499486923218,4.951846599578857,0,0.0,0.0,0.0,0.0,0,0,0,0,0
5680,mixed_tail,0,,,,,,,,,,,,,,,,,,,,,,,,,,,,,,,,5.046782493591309,0.0,0.0,0.0,0.8077000379562378,5.046782493591309,0,0.0,0.0,0.0,0.0,0,0,0,0,0
5700,mixed_tail,0,,,,,,,,,,,,,,,,,,,,,,,,,,,,,,,,3.7216758728027344,0.0,0.0,0.0,0.8340499997138977,3.7216758728027344,0,0.0,0.0,0.0,0.0,0,0,0,0,0
5720,mixed_tail,0,,,,,,,,,,,,,,,,,,,,,,,,,,,,,,,,5.142033100128174,0.0,0.0,0.0,0.8477500081062317,5.142033100128174,0,0.0,0.0,0.0,0.0,0,0,0,0,0
5740,mixed_tail,0,,,,,,,,,,,,,,,,,,,,,,,,,,,,,,,,3.968303918838501,0.0,0.0,0.0,0.6450999975204468,3.968303918838501,0,0.0,0.0,0.0,0.0,0,0,0,0,0
5750,,,,3.157340378741459,4.6298395257724305,102.49761456513967,,32,8415,4.56552749992395,6.270001435442306,528.4781364770179,,32,14382,5.356961672610542,212.07959930274046,,3.66154589713257,4.526581354267898,92.44199384707963,,32,6174,,3.549440160127416,6.001424374959531,404.00383680556496,,32,3861,0,0.0,,,,,,,,,,,,,,,,
5760,mixed_tail,0,,,,,,,,,,,,,,,,,,,,,,,,,,,,,,,,5.258810043334961,0.0,0.0,0.0,0.866599977016449,5.258810043334961,0,0.0,0.0,0.0,0.0,0,0,0,0,0
5780,mixed_tail,0,,,,,,,,,,,,,,,,,,,,,,,,,,,,,,,,3.9814717769622803,0.0,0.0,0.0,0.8416000008583069,3.9814717769622803,0,0.0,0.0,0.0,0.0,0,0,0,0,0
5800,mixed_tail,0,,,,,,,,,,,,,,,,,,,,,,,,,,,,,,,,4.544600963592529,0.0,0.0,0.0,0.7038500308990479,4.544600963592529,0,0.0,0.0,0.0,0.0,0,0,0,0,0
5820,mixed_tail,0,,,,,,,,,,,,,,,,,,,,,,,,,,,,,,,,4.8318047523498535,0.0,0.0,0.0,0.826449990272522,4.8318047523498535,0,0.0,0.0,0.0,0.0,0,0,0,0,0
5840,mixed_tail,0,,,,,,,,,,,,,,,,,,,,,,,,,,,,,,,,3.3325579166412354,0.0,0.0,0.0,0.6465499997138977,3.3325579166412354,0,0.0,0.0,0.0,0.0,0,0,0,0,0
5860,mixed_tail,0,,,,,,,,,,,,,,,,,,,,,,,,,,,,,,,,4.002477645874023,0.0,0.0,0.0,0.8545500040054321,4.002477645874023,0,0.0,0.0,0.0,0.0,0,0,0,0,0
5880,mixed_tail,0,,,,,,,,,,,,,,,,,,,,,,,,,,,,,,,,4.631450176239014,0.0,0.0,0.0,0.777999997138977,4.631450176239014,0,0.0,0.0,0.0,0.0,0,0,0,0,0
5900,mixed_tail,0,,,,,,,,,,,,,,,,,,,,,,,,,,,,,,,,4.17031717300415,0.0,0.0,0.0,0.8579000234603882,4.17031717300415,0,0.0,0.0,0.0,0.0,0,0,0,0,0
5920,mixed_tail,0,,,,,,,,,,,,,,,,,,,,,,,,,,,,,,,,3.6103265285491943,0.0,0.0,0.0,0.9255000352859497,3.6103265285491943,0,0.0,0.0,0.0,0.0,0,0,0,0,0
5940,mixed_tail,0,,,,,,,,,,,,,,,,,,,,,,,,,,,,,,,,1.6239322423934937,0.0,0.0,0.0,0.3206000030040741,1.6239322423934937,0,0.0,0.0,0.0,0.0,0,0,0,0,0
5960,mixed_tail,0,,,,,,,,,,,,,,,,,,,,,,,,,,,,,,,,3.5312047004699707,0.0,0.0,0.0,0.6498500108718872,3.5312047004699707,0,0.0,0.0,0.0,0.0,0,0,0,0,0
5980,mixed_tail,0,,,,,,,,,,,,,,,,,,,,,,,,,,,,,,,,3.7133779525756836,0.0,0.0,0.0,0.6042500138282776,3.7133779525756836,0,0.0,0.0,0.0,0.0,0,0,0,0,0
5999,mixed_tail,0,,,,,,,,,,,,,,,,,,,,,,,,,,,,,,,,3.7066681385040283,0.0,0.0,0.0,0.8126000165939331,3.7066681385040283,0,0.0,0.0,0.0,0.0,0,0,0,0,0
5999,,,0.09375,3.093517058220068,4.56601620525104,96.16026294643142,,32,8415,4.4112125291162565,6.115686464634613,452.9068452151395,,32,14382,5.210308934057623,183.1506309222139,0.0,3.531489865000595,4.396525322135923,81.16834425950908,,32,6174,0.0,3.3110235293768007,5.763007744208916,318.30426840643196,,32,3861,0,0.0,,,,,,,,,,,,,,,,
