run,spec_id,seed,teacher,phase,R_count,F_count,P_count,replay_count,coords_opened_F,coords_opened_P,consolidations_attributed,merged_coords_attributed
fp_only-seed1337,fp_only,1337,general_teacher_hf,general_warm,0,2981,19,0,0,135266304,0.0,0.0
fp_only-seed1337,fp_only,1337,code_teacher_hf,code_recurrent,0,8974,26,0,0,198180864,0.0,0.0
fp_only-seed1337,fp_only,1337,general_teacher_hf,novel_inject,0,900,0,0,0,0,0.0,0.0
fp_only-seed1337,fp_only,1337,math_teacher_hf,math_recurrent,0,8995,5,0,0,37748736,0.0,0.0
fp_only-seed1337,fp_only,1337,medical_teacher_hf,medical_recurrent,0,7763,37,0,0,289406976,0.0,0.0
fp_only-seed1337,fp_only,1337,code_teacher_hf,code_revisit,0,2667,33,0,0,279969792,0.0,0.0
fp_only-seed1337,fp_only,1337,medical_teacher_hf,mixed_tail,0,918,0,0,81920,0,0.0,0.0
fp_only-seed1337,fp_only,1337,general_teacher_hf,mixed_tail,0,822,0,0,0,0,0.0,0.0
fp_only-seed1337,fp_only,1337,math_teacher_hf,mixed_tail,0,978,0,0,0,0,0.0,0.0
fp_only-seed1337,fp_only,1337,code_teacher_hf,mixed_tail,0,882,0,0,0,0,0.0,0.0
fp_only-seed2024,fp_only,2024,general_teacher_hf,general_warm,0,2980,20,0,0,138412032,0.0,0.0
fp_only-seed2024,fp_only,2024,code_teacher_hf,code_recurrent,0,8979,21,0,0,154140672,0.0,0.0
fp_only-seed2024,fp_only,2024,general_teacher_hf,novel_inject,0,900,0,0,0,0,0.0,0.0
fp_only-seed2024,fp_only,2024,math_teacher_hf,math_recurrent,0,8978,22,0,81920,173015040,0.0,0.0
fp_only-seed2024,fp_only,2024,medical_teacher_hf,medical_recurrent,0,7783,17,0,0,122683392,0.0,0.0
fp_only-seed2024,fp_only,2024,code_teacher_hf,code_revisit,0,2676,24,0,0,195035136,0.0,0.0
fp_only-seed2024,fp_only,2024,medical_teacher_hf,mixed_tail,0,930,0,0,0,0,0.0,0.0
fp_only-seed2024,fp_only,2024,general_teacher_hf,mixed_tail,0,912,0,0,0,0,0.0,0.0
fp_only-seed2024,fp_only,2024,code_teacher_hf,mixed_tail,0,864,0,0,0,0,0.0,0.0
fp_only-seed2024,fp_only,2024,math_teacher_hf,mixed_tail,0,894,0,0,0,0,0.0,0.0
fp_only-seed7,fp_only,7,general_teacher_hf,general_warm,0,2970,30,0,0,213909504,0.0,0.0
fp_only-seed7,fp_only,7,code_teacher_hf,code_recurrent,0,8973,27,0,0,198180864,0.0,0.0
fp_only-seed7,fp_only,7,general_teacher_hf,novel_inject,0,900,0,0,0,0,0.0,0.0
fp_only-seed7,fp_only,7,math_teacher_hf,math_recurrent,0,8986,14,0,0,119537664,0.0,0.0
fp_only-seed7,fp_only,7,medical_teacher_hf,medical_recurrent,0,7772,28,0,0,188743680,0.0,0.0
fp_only-seed7,fp_only,7,code_teacher_hf,code_revisit,0,2678,22,0,0,176160768,0.0,0.0
fp_only-seed7,fp_only,7,math_teacher_hf,mixed_tail,0,948,0,0,0,0,0.0,0.0
fp_only-seed7,fp_only,7,code_teacher_hf,mixed_tail,0,858,0,0,0,0,0.0,0.0
fp_only-seed7,fp_only,7,medical_teacher_hf,mixed_tail,0,888,0,0,0,0,0.0,0.0
fp_only-seed7,fp_only,7,general_teacher_hf,mixed_tail,0,906,0,0,0,0,0.0,0.0
p_only-seed1337,p_only,1337,general_teacher_hf,general_warm,0,0,3000,0,0,22919774208,0.0,0.0
p_only-seed1337,p_only,1337,code_teacher_hf,code_recurrent,0,0,9000,0,0,62486740992,0.0,0.0
p_only-seed1337,p_only,1337,general_teacher_hf,novel_inject,0,0,900,0,0,6911164416,0.0,0.0
p_only-seed1337,p_only,1337,math_teacher_hf,math_recurrent,0,0,9000,0,0,67397222400,0.0,0.0
p_only-seed1337,p_only,1337,medical_teacher_hf,medical_recurrent,0,0,7800,0,0,57365495808,0.0,0.0
p_only-seed1337,p_only,1337,code_teacher_hf,code_revisit,0,0,2700,0,0,18984468480,0.0,0.0
p_only-seed1337,p_only,1337,medical_teacher_hf,mixed_tail,0,0,918,0,0,6757023744,0.0,0.0
p_only-seed1337,p_only,1337,general_teacher_hf,mixed_tail,0,0,822,0,0,6398410752,0.0,0.0
p_only-seed1337,p_only,1337,math_teacher_hf,mixed_tail,0,0,978,0,0,7213154304,0.0,0.0
p_only-seed1337,p_only,1337,code_teacher_hf,mixed_tail,0,0,882,0,0,6316621824,0.0,0.0
p_only-seed2024,p_only,2024,general_teacher_hf,general_warm,0,0,3000,0,0,22897754112,0.0,0.0
p_only-seed2024,p_only,2024,code_teacher_hf,code_recurrent,0,0,9000,0,0,62971183104,0.0,0.0
p_only-seed2024,p_only,2024,general_teacher_hf,novel_inject,0,0,900,0,0,6986661888,0.0,0.0
p_only-seed2024,p_only,2024,math_teacher_hf,math_recurrent,0,0,9000,0,0,67293413376,0.0,0.0
p_only-seed2024,p_only,2024,medical_teacher_hf,medical_recurrent,0,0,7800,0,0,57431556096,0.0,0.0
p_only-seed2024,p_only,2024,code_teacher_hf,code_revisit,0,0,2700,0,0,19119734784,0.0,0.0
p_only-seed2024,p_only,2024,medical_teacher_hf,mixed_tail,0,0,930,0,0,6936330240,0.0,0.0
p_only-seed2024,p_only,2024,general_teacher_hf,mixed_tail,0,0,912,0,0,7049576448,0.0,0.0
p_only-seed2024,p_only,2024,code_teacher_hf,mixed_tail,0,0,864,0,0,6156189696,0.0,0.0
p_only-seed2024,p_only,2024,math_teacher_hf,mixed_tail,0,0,894,0,0,6539968512,0.0,0.0
p_only-seed7,p_only,7,general_teacher_hf,general_warm,0,0,3000,0,0,22869442560,0.0,0.0
p_only-seed7,p_only,7,code_teacher_hf,code_recurrent,0,0,9000,0,0,62710087680,0.0,0.0
p_only-seed7,p_only,7,general_teacher_hf,novel_inject,0,0,900,0,0,6923747328,0.0,0.0
p_only-seed7,p_only,7,math_teacher_hf,math_recurrent,0,0,9000,0,0,66698870784,0.0,0.0
p_only-seed7,p_only,7,medical_teacher_hf,medical_recurrent,0,0,7800,0,0,57346621440,0.0,0.0
p_only-seed7,p_only,7,code_teacher_hf,code_revisit,0,0,2700,0,0,18953011200,0.0,0.0
p_only-seed7,p_only,7,math_teacher_hf,mixed_tail,0,0,948,0,0,6942621696,0.0,0.0
p_only-seed7,p_only,7,code_teacher_hf,mixed_tail,0,0,858,0,0,6068109312,0.0,0.0
p_only-seed7,p_only,7,medical_teacher_hf,mixed_tail,0,0,888,0,0,6568280064,0.0,0.0
p_only-seed7,p_only,7,general_teacher_hf,mixed_tail,0,0,906,0,0,7014973440,0.0,0.0
trihope_no_hash_replay-seed1337,trihope_no_hash_replay,1337,general_teacher_hf,general_warm,92,2878,30,156,13647872,217055232,1.0,6291456.0
trihope_no_hash_replay-seed1337,trihope_no_hash_replay,1337,code_teacher_hf,code_recurrent,5,8968,27,0,0,210763776,0.0,0.0
trihope_no_hash_replay-seed1337,trihope_no_hash_replay,1337,general_teacher_hf,novel_inject,111,772,17,0,0,116391936,0.0,0.0
trihope_no_hash_replay-seed1337,trihope_no_hash_replay,1337,math_teacher_hf,math_recurrent,97,8886,17,78,6750208,141557760,3.2087114337568057,29950070.940108895
trihope_no_hash_replay-seed1337,trihope_no_hash_replay,1337,medical_teacher_hf,medical_recurrent,380,7379,41,276,23609344,324009984,1.0,9437184.0
trihope_no_hash_replay-seed1337,trihope_no_hash_replay,1337,code_teacher_hf,code_revisit,15,2656,29,12,1064960,223346688,2.1348334205477064,19851063.59392988
trihope_no_hash_replay-seed1337,trihope_no_hash_replay,1337,medical_teacher_hf,mixed_tail,107,811,0,132,11370496,0,0.0,0.0
trihope_no_hash_replay-seed1337,trihope_no_hash_replay,1337,general_teacher_hf,mixed_tail,90,732,0,96,8323072,0,0.0,0.0
trihope_no_hash_replay-seed1337,trihope_no_hash_replay,1337,math_teacher_hf,mixed_tail,43,935,0,42,3686400,0,0.0,0.0
trihope_no_hash_replay-seed1337,trihope_no_hash_replay,1337,code_teacher_hf,mixed_tail,0,882,0,0,0,0,0.0,0.0
trihope_no_hash_replay-seed1337,trihope_no_hash_replay,1337,general_teacher_hf,code_recurrent,0,0,0,0,0,0,6.0,44040192.0
trihope_no_hash_replay-seed1337,trihope_no_hash_replay,1337,general_teacher_hf,math_recurrent,0,0,0,0,0,0,1.7912885662431943,14090121.059891107
trihope_no_hash_replay-seed1337,trihope_no_hash_replay,1337,math_teacher_hf,code_revisit,0,0,0,0,0,0,0.49263038548752835,3163560.9251700677
trihope_no_hash_replay-seed1337,trihope_no_hash_replay,1337,medical_teacher_hf,code_revisit,0,0,0,0,0,0,2.3725361939647653,17879839.480900053
trihope_no_hash_replay-seed2024,trihope_no_hash_replay,2024,general_teacher_hf,general_warm,97,2868,35,114,9994240,254803968,1.0,6291456.0
trihope_no_hash_replay-seed2024,trihope_no_hash_replay,2024,code_teacher_hf,code_recurrent,8,8960,32,0,0,220200960,0.0,0.0
trihope_no_hash_replay-seed2024,trihope_no_hash_replay,2024,general_teacher_hf,novel_inject,91,781,28,0,0,201326592,0.0,0.0
trihope_no_hash_replay-seed2024,trihope_no_hash_replay,2024,math_teacher_hf,math_recurrent,42,8927,31,12,1064960,223346688,0.05,471859.2
trihope_no_hash_replay-seed2024,trihope_no_hash_replay,2024,medical_teacher_hf,medical_recurrent,404,7369,27,312,26984448,198180864,0.0,0.0
trihope_no_hash_replay-seed2024,trihope_no_hash_replay,2024,code_teacher_hf,code_revisit,9,2659,32,18,1572864,257949696,0.6185822797891763,4489267.247621344
trihope_no_hash_replay-seed2024,trihope_no_hash_replay,2024,medical_teacher_hf,mixed_tail,70,860,0,120,10321920,0,0.0,0.0
trihope_no_hash_replay-seed2024,trihope_no_hash_replay,2024,general_teacher_hf,mixed_tail,139,773,0,150,13041664,0,0.0,0.0
trihope_no_hash_replay-seed2024,trihope_no_hash_replay,2024,code_teacher_hf,mixed_tail,0,864,0,0,0,0,0.0,0.0
trihope_no_hash_replay-seed2024,trihope_no_hash_replay,2024,math_teacher_hf,mixed_tail,5,889,0,0,0,0,0.0,0.0
trihope_no_hash_replay-seed2024,trihope_no_hash_replay,2024,general_teacher_hf,code_recurrent,0,0,0,0,0,0,2.0,15728640.0
trihope_no_hash_replay-seed2024,trihope_no_hash_replay,2024,general_teacher_hf,math_recurrent,0,0,0,0,0,0,2.95,27839692.799999997
trihope_no_hash_replay-seed2024,trihope_no_hash_replay,2024,math_teacher_hf,code_revisit,0,0,0,0,0,0,0.017857142857142856,168521.14285714284
trihope_no_hash_replay-seed2024,trihope_no_hash_replay,2024,medical_teacher_hf,code_revisit,0,0,0,0,0,0,3.90909550219895,30231700.585648835
trihope_no_hash_replay-seed2024,trihope_no_hash_replay,2024,general_teacher_hf,code_revisit,0,0,0,0,0,0,0.45446507515473034,2859247.023872679
trihope_no_hash_replay-seed7,trihope_no_hash_replay,7,general_teacher_hf,general_warm,75,2899,26,108,9289728,169869312,1.0,6291456.0
trihope_no_hash_replay-seed7,trihope_no_hash_replay,7,code_teacher_hf,code_recurrent,0,8951,49,0,0,308281344,0.0,0.0
trihope_no_hash_replay-seed7,trihope_no_hash_replay,7,general_teacher_hf,novel_inject,81,808,11,0,0,69206016,0.0,0.0
trihope_no_hash_replay-seed7,trihope_no_hash_replay,7,math_teacher_hf,math_recurrent,58,8926,16,18,1589248,125829120,1.1,7235174.4
trihope_no_hash_replay-seed7,trihope_no_hash_replay,7,medical_teacher_hf,medical_recurrent,333,7444,23,282,24379392,169869312,3.096072796934866,25661788.395402297
trihope_no_hash_replay-seed7,trihope_no_hash_replay,7,code_teacher_hf,code_revisit,22,2655,23,12,1032192,179306496,0.8333333333333333,6815744.0
trihope_no_hash_replay-seed7,trihope_no_hash_replay,7,math_teacher_hf,mixed_tail,4,944,0,12,1048576,0,0.0,0.0
trihope_no_hash_replay-seed7,trihope_no_hash_replay,7,code_teacher_hf,mixed_tail,0,858,0,0,0,0,0.0,0.0
trihope_no_hash_replay-seed7,trihope_no_hash_replay,7,medical_teacher_hf,mixed_tail,52,836,0,108,9273344,0,1.0,9437184.0
trihope_no_hash_replay-seed7,trihope_no_hash_replay,7,general_teacher_hf,mixed_tail,139,767,0,108,9338880,0,0.0,0.0
trihope_no_hash_replay-seed7,trihope_no_hash_replay,7,general_teacher_hf,code_recurrent,0,0,0,0,0,0,4.0,28311552.0
trihope_no_hash_replay-seed7,trihope_no_hash_replay,7,general_teacher_hf,math_recurrent,0,0,0,0,0,0,0.9,8493465.6
trihope_no_hash_replay-seed7,trihope_no_hash_replay,7,math_teacher_hf,medical_recurrent,0,0,0,0,0,0,0.0789272030651341,605040.4045977012
trihope_no_hash_replay-seed7,trihope_no_hash_replay,7,general_teacher_hf,medical_recurrent,0,0,0,0,0,0,0.825,5190451.2
trihope_no_hash_replay-seed7,trihope_no_hash_replay,7,medical_teacher_hf,code_revisit,0,0,0,0,0,0,1.1666666666666665,8912896.0
trihope_r_terminal-seed1337,trihope_r_terminal,1337,general_teacher_hf,general_warm,148,2831,21,0,0,147849216,0.0,0.0
trihope_r_terminal-seed1337,trihope_r_terminal,1337,code_teacher_hf,code_recurrent,79,8900,21,0,0,160432128,0.0,0.0
trihope_r_terminal-seed1337,trihope_r_terminal,1337,general_teacher_hf,novel_inject,476,424,0,0,0,0,0.0,0.0
trihope_r_terminal-seed1337,trihope_r_terminal,1337,math_teacher_hf,math_recurrent,322,8672,6,0,0,47185920,0.0,0.0
trihope_r_terminal-seed1337,trihope_r_terminal,1337,medical_teacher_hf,medical_recurrent,916,6847,37,0,0,257949696,0.0,0.0
trihope_r_terminal-seed1337,trihope_r_terminal,1337,code_teacher_hf,code_revisit,14,2661,25,0,0,188743680,0.0,0.0
trihope_r_terminal-seed1337,trihope_r_terminal,1337,medical_teacher_hf,mixed_tail,161,757,0,0,0,0,0.0,0.0
trihope_r_terminal-seed1337,trihope_r_terminal,1337,general_teacher_hf,mixed_tail,408,414,0,0,0,0,0.0,0.0
trihope_r_terminal-seed1337,trihope_r_terminal,1337,math_teacher_hf,mixed_tail,20,958,0,0,0,0,0.0,0.0
trihope_r_terminal-seed1337,trihope_r_terminal,1337,code_teacher_hf,mixed_tail,0,882,0,0,0,0,0.0,0.0
trihope_r_terminal-seed2024,trihope_r_terminal,2024,general_teacher_hf,general_warm,151,2819,30,0,0,213909504,0.0,0.0
trihope_r_terminal-seed2024,trihope_r_terminal,2024,code_teacher_hf,code_recurrent,73,8907,20,0,0,128974848,0.0,0.0
trihope_r_terminal-seed2024,trihope_r_terminal,2024,general_teacher_hf,novel_inject,558,342,0,0,0,0,0.0,0.0
trihope_r_terminal-seed2024,trihope_r_terminal,2024,math_teacher_hf,math_recurrent,277,8712,11,0,0,97517568,0.0,0.0
trihope_r_terminal-seed2024,trihope_r_terminal,2024,medical_teacher_hf,medical_recurrent,1129,6649,22,0,0,163577856,0.0,0.0
trihope_r_terminal-seed2024,trihope_r_terminal,2024,code_teacher_hf,code_revisit,8,2662,30,0,0,226492416,0.0,0.0
trihope_r_terminal-seed2024,trihope_r_terminal,2024,medical_teacher_hf,mixed_tail,85,845,0,0,0,0,0.0,0.0
trihope_r_terminal-seed2024,trihope_r_terminal,2024,general_teacher_hf,mixed_tail,466,446,0,0,0,0,0.0,0.0
trihope_r_terminal-seed2024,trihope_r_terminal,2024,code_teacher_hf,mixed_tail,0,864,0,0,0,0,0.0,0.0
trihope_r_terminal-seed2024,trihope_r_terminal,2024,math_teacher_hf,mixed_tail,17,877,0,0,0,0,0.0,0.0
trihope_r_terminal-seed7,trihope_r_terminal,7,general_teacher_hf,general_warm,147,2823,30,0,0,213909504,0.0,0.0
trihope_r_terminal-seed7,trihope_r_terminal,7,code_teacher_hf,code_recurrent,76,8903,21,0,0,138412032,0.0,0.0
trihope_r_terminal-seed7,trihope_r_terminal,7,general_teacher_hf,novel_inject,453,447,0,0,0,0,0.0,0.0
trihope_r_terminal-seed7,trihope_r_terminal,7,math_teacher_hf,math_recurrent,352,8634,14,0,0,119537664,0.0,0.0
trihope_r_terminal-seed7,trihope_r_terminal,7,medical_teacher_hf,medical_recurrent,740,7030,30,0,0,204472320,0.0,0.0
trihope_r_terminal-seed7,trihope_r_terminal,7,code_teacher_hf,code_revisit,17,2661,22,0,0,179306496,0.0,0.0
trihope_r_terminal-seed7,trihope_r_terminal,7,math_teacher_hf,mixed_tail,12,936,0,0,0,0,0.0,0.0
trihope_r_terminal-seed7,trihope_r_terminal,7,code_teacher_hf,mixed_tail,7,851,0,0,0,0,0.0,0.0
trihope_r_terminal-seed7,trihope_r_terminal,7,medical_teacher_hf,mixed_tail,137,751,0,0,0,0,0.0,0.0
trihope_r_terminal-seed7,trihope_r_terminal,7,general_teacher_hf,mixed_tail,443,463,0,0,0,0,0.0,0.0
trihope_replay-seed1337,trihope_replay,1337,general_teacher_hf,general_warm,144,2843,13,246,21217280,94371840,1.0,6291456.0
trihope_replay-seed1337,trihope_replay,1337,code_teacher_hf,code_recurrent,75,8907,18,36,3145728,144703488,0.3212079615648593,2020865.7570350033
trihope_replay-seed1337,trihope_replay,1337,general_teacher_hf,novel_inject,531,369,0,0,0,0,0.0,0.0
trihope_replay-seed1337,trihope_replay,1337,math_teacher_hf,math_recurrent,253,8742,5,138,11911168,37748736,3.376308946517675,31492763.122074634
trihope_replay-seed1337,trihope_replay,1337,medical_teacher_hf,medical_recurrent,887,6902,11,696,59244544,84934656,3.269298245614035,22831362.694736842
trihope_replay-seed1337,trihope_replay,1337,code_teacher_hf,code_revisit,31,2652,17,48,4161536,132120576,0.7619798538924467,6142131.866507901
trihope_replay-seed1337,trihope_replay,1337,medical_teacher_hf,mixed_tail,112,806,0,210,18087936,0,0.0,0.0
trihope_replay-seed1337,trihope_replay,1337,general_teacher_hf,mixed_tail,438,384,0,96,8241152,0,0.0,0.0
trihope_replay-seed1337,trihope_replay,1337,math_teacher_hf,mixed_tail,25,953,0,60,5210112,0,0.0,0.0
trihope_replay-seed1337,trihope_replay,1337,code_teacher_hf,mixed_tail,0,882,0,0,0,0,0.0,0.0
trihope_replay-seed1337,trihope_replay,1337,general_teacher_hf,code_recurrent,0,0,0,0,0,0,3.678792038435141,26290686.242964998
trihope_replay-seed1337,trihope_replay,1337,general_teacher_hf,math_recurrent,0,0,0,0,0,0,2.20138449645091,18369313.841872234
trihope_replay-seed1337,trihope_replay,1337,code_teacher_hf,math_recurrent,0,0,0,0,0,0,0.42230655703141473,3615299.036053131
trihope_replay-seed1337,trihope_replay,1337,math_teacher_hf,medical_recurrent,0,0,0,0,0,0,0.7307017543859649,5480189.305263158
trihope_replay-seed1337,trihope_replay,1337,general_teacher_hf,code_revisit,0,0,0,0,0,0,0.21243523316062177,1336526.9222797928
trihope_replay-seed1337,trihope_replay,1337,math_teacher_hf,code_revisit,0,0,0,0,0,0,0.11917098445595854,749759.0051813471
trihope_replay-seed1337,trihope_replay,1337,medical_teacher_hf,code_revisit,0,0,0,0,0,0,3.9064139284909727,26374590.20603096
trihope_replay-seed2024,trihope_replay,2024,general_teacher_hf,general_warm,170,2818,12,318,27181056,88080384,1.0,6291456.0
trihope_replay-seed2024,trihope_replay,2024,code_teacher_hf,code_recurrent,60,8931,9,42,3571712,56623104,0.3526806526806527,2827855.4853146854
trihope_replay-seed2024,trihope_replay,2024,general_teacher_hf,novel_inject,462,438,0,0,0,0,0.0,0.0
trihope_replay-seed2024,trihope_replay,2024,math_teacher_hf,math_recurrent,158,8827,15,120,10338304,119537664,4.0,34603008.0
trihope_replay-seed2024,trihope_replay,2024,medical_teacher_hf,medical_recurrent,929,6863,8,720,61194240,69206016,0.4794520547945205,3016451.506849315
trihope_replay-seed2024,trihope_replay,2024,code_teacher_hf,code_revisit,36,2654,10,60,5128192,91226112,1.2784337731886868,10620287.002161372
trihope_replay-seed2024,trihope_replay,2024,medical_teacher_hf,mixed_tail,74,856,0,174,14909440,0,0.0,0.0
trihope_replay-seed2024,trihope_replay,2024,general_teacher_hf,mixed_tail,449,463,0,162,13910016,0,0.0,0.0
trihope_replay-seed2024,trihope_replay,2024,code_teacher_hf,mixed_tail,0,864,0,0,0,0,0.0,0.0
trihope_replay-seed2024,trihope_replay,2024,math_teacher_hf,mixed_tail,23,871,0,42,3620864,0,0.0,0.0
trihope_replay-seed2024,trihope_replay,2024,general_teacher_hf,code_recurrent,0,0,0,0,0,0,5.647319347319348,47503792.51468532
trihope_replay-seed2024,trihope_replay,2024,general_teacher_hf,medical_recurrent,0,0,0,0,0,0,0.3424657534246575,2154608.219178082
trihope_replay-seed2024,trihope_replay,2024,code_teacher_hf,medical_recurrent,0,0,0,0,0,0,0.04794520547945205,301645.1506849315
trihope_replay-seed2024,trihope_replay,2024,math_teacher_hf,medical_recurrent,0,0,0,0,0,0,0.13013698630136986,818751.1232876712
trihope_replay-seed2024,trihope_replay,2024,math_teacher_hf,code_revisit,0,0,0,0,0,0,0.18404797901601122,1182127.6695604655
trihope_replay-seed2024,trihope_replay,2024,medical_teacher_hf,code_revisit,0,0,0,0,0,0,3.991164944456443,28800419.55986708
trihope_replay-seed2024,trihope_replay,2024,general_teacher_hf,code_revisit,0,0,0,0,0,0,0.5463533033388586,3437357.768411082
trihope_replay-seed7,trihope_replay,7,general_teacher_hf,general_warm,138,2837,25,258,22085632,176160768,0.0,0.0
trihope_replay-seed7,trihope_replay,7,code_teacher_hf,code_recurrent,85,8899,16,54,4587520,100663296,0.43288084464555054,3530047.7104072394
trihope_replay-seed7,trihope_replay,7,general_teacher_hf,novel_inject,315,585,0,0,0,0,0.0,0.0
trihope_replay-seed7,trihope_replay,7,math_teacher_hf,math_recurrent,211,8770,19,120,10354688,154140672,9.613160302965401,76209415.0670535
trihope_replay-seed7,trihope_replay,7,medical_teacher_hf,medical_recurrent,858,6939,3,708,60997632,22020096,8.20709735507106,57663903.89714596
trihope_replay-seed7,trihope_replay,7,code_teacher_hf,code_revisit,17,2656,27,36,3178496,195035136,1.4423351158645277,12517726.459893048
trihope_replay-seed7,trihope_replay,7,math_teacher_hf,mixed_tail,16,932,0,42,3637248,0,0.0,0.0
trihope_replay-seed7,trihope_replay,7,code_teacher_hf,mixed_tail,2,853,3,6,507904,22020096,0.0,0.0
trihope_replay-seed7,trihope_replay,7,medical_teacher_hf,mixed_tail,133,755,0,264,22609920,0,0.0,0.0
trihope_replay-seed7,trihope_replay,7,general_teacher_hf,mixed_tail,397,508,1,264,22773760,9437184,0.0,0.0
trihope_replay-seed7,trihope_replay,7,general_teacher_hf,code_recurrent,0,0,0,0,0,0,4.567119155354449,37364416.28959276
trihope_replay-seed7,trihope_replay,7,general_teacher_hf,math_recurrent,0,0,0,0,0,0,4.262059716894799,26814561.178216085
trihope_replay-seed7,trihope_replay,7,code_teacher_hf,math_recurrent,0,0,0,0,0,0,1.1247799801398002,7076503.754730427
trihope_replay-seed7,trihope_replay,7,math_teacher_hf,medical_recurrent,0,0,0,0,0,0,3.7929026449289394,24125024.102854043
trihope_replay-seed7,trihope_replay,7,general_teacher_hf,medical_recurrent,0,0,0,0,0,0,1.0,9437184.0
trihope_replay-seed7,trihope_replay,7,medical_teacher_hf,code_revisit,0,0,0,0,0,0,4.557664884135472,34668193.54010695
