arm,n,commit,merge,unmasked,total,merges,eff_merges,eff_merge_cs,base_effective,adapter_cs,replay,shared_cs,n_drift,routed_l2,shared_l2,M1,final
consolidation_strict,1,534773760.0,0.0,0.0,534773760.0,0.0,0.0,0.0,534773760.0,141590528.0,274.0,976535552000.0,0,,,0.08762378357540426,1.2561302544372137
frozen_blocks,3,0.0,0.0,0.0,0.0,0.0,0.0,0.0,0.0,0.0,0.0,933888000000.0,3,0.0,182.83876930968626,0.08408520375783136,1.257695699589913
full_ft,3,0.0,0.0,2642411520000.0,2642411520000.0,0.0,0.0,0.0,2642411520000.0,0.0,0.0,933888000000.0,0,,,0.8725238589275932,1.4841486711009917
lora_only,3,0.0,0.0,0.0,0.0,0.0,0.0,0.0,0.0,60555264000.0,0.0,0.0,0,,,0.18284221409532522,1.1974474488910403
molf_style,4,1489707466752.0,0.0,0.0,1489707466752.0,0.0,0.0,0.0,1489707466752.0,26753720320.0,0.0,933888000000.0,0,,,0.28328132481012,1.3611199385960122
molf_style_a0p3,1,1988100096.0,0.0,0.0,1988100096.0,0.0,0.0,0.0,1988100096.0,0.0,0.0,933888000000.0,0,,,0.14783873046365448,1.2742201802778137
molf_style_a0p5,1,1956642816.0,0.0,0.0,1956642816.0,0.0,0.0,0.0,1956642816.0,2441216.0,0.0,933888000000.0,0,,,0.12097045688018013,1.3626640386556652
molf_style_a0p7,3,504365056.0,0.0,0.0,504365056.0,0.0,0.0,0.0,504365056.0,262144.0,0.0,933888000000.0,2,2.1765492641285853,177.58636230839596,0.0894080013923969,1.290980695587595
moments_optimizer,1,0.0,88080384.0,0.0,88080384.0,12.0,3.0,25165824.0,25165824.0,1258045440.0,2462.0,1317093376000.0,0,,,0.22341977220520173,1.2714108101069557
no_consolidation,3,0.0,0.0,0.0,0.0,0.0,0.0,0.0,0.0,145762986.66666666,284.0,978092032000.0,0,,,0.10312915072469349,1.251385049382642
no_cosine,3,19001245696.0,7618953216.0,0.0,26620198912.0,971.0,171.0,1211105280.0,20212350976.0,163747157.33333334,316.3333333333333,983124650666.6666,2,8.629585501821953,176.4098390545039,0.16012424782900556,1.2772325664461324
no_repetition,1,1123024896.0,934281216.0,0.0,2057306112.0,131.0,0.0,0.0,1123024896.0,180224.0,0.0,933888000000.0,0,,,0.08865091411227133,1.2854817308845297
no_retrieval,6,874512384.0,1253048320.0,0.0,2127560704.0,168.0,0.0,0.0,874512384.0,27306.666666666668,0.0,933888000000.0,0,,,0.09605451415577186,1.2794234894454148
no_surprise,1,427819008.0,452984832.0,0.0,880803840.0,60.0,19.0,138412032.0,566231040.0,501170176.0,981.0,1086578688000.0,0,,,0.11465293931616985,1.2692426167375495
no_teacher_conf,1,581959680.0,962592768.0,0.0,1544552448.0,126.0,23.0,173015040.0,754974720.0,178372608.0,345.0,987586560000.0,0,,,0.09475264073650086,1.2467922100987519
no_volatility,1,578813952.0,682622976.0,0.0,1261436928.0,91.0,13.0,103809024.0,682622976.0,136478720.0,265.0,975134720000.0,0,,,0.08050413482113339,1.255340085738975
p_forced_bad,1,424673280.0,1179648000.0,0.0,1604321280.0,154.0,25.0,185597952.0,610271232.0,142098432.0,276.0,976846848000.0,0,,,0.08520823919452636,1.2442468343918611
p_forced_lowconf,1,585105408.0,1302331392.0,0.0,1887436800.0,169.0,34.0,251658240.0,836763648.0,151633920.0,293.0,979492864000.0,0,,,0.11777945283408947,1.311808190547578
p_forced_plausible,1,641728512.0,1387266048.0,0.0,2028994560.0,181.0,34.0,245366784.0,887095296.0,136740864.0,266.0,975290368000.0,0,,,0.09520599479008499,1.2605993087113754
p_off_control,1,0.0,0.0,0.0,0.0,0.0,0.0,0.0,0.0,140967936.0,273.0,976379904000.0,0,,,0.11501936046718361,1.259745653086755
p_only,3,262742736896.0,3145728.0,0.0,262745882624.0,0.3333333333333333,0.0,0.0,262742736896.0,0.0,0.0,933888000000.0,0,,,0.2597157379787575,1.2565873153388027
p_study,1,5287968768.0,386924544.0,0.0,5674893312.0,53.0,14.0,106954752.0,5394923520.0,165085184.0,317.0,983228416000.0,0,,,0.10124623957901088,1.2422918833328827
periodic_merge,3,0.0,10569646080.0,0.0,10569646080.0,1344.0,424.0,3334471680.0,3334471680.0,60555264000.0,0.0,0.0,3,21.455999345460693,0.0,0.2065161810817359,1.2145898982176258
pgate_c0p35,1,2519728128.0,1830813696.0,0.0,4350541824.0,239.0,47.0,342884352.0,2862612480.0,152338432.0,294.0,979648512000.0,1,4.231039853312121,177.66535601841935,0.08063195372148596,1.243639855078794
plateau_trigger,4,0.0,0.0,0.0,0.0,0.0,0.0,0.0,0.0,60555264000.0,0.0,933888000000.0,0,,,0.1835685248050499,1.1957780495083008
plateau_trigger_t0p005,1,0.0,0.0,0.0,0.0,0.0,0.0,0.0,0.0,60555264000.0,0.0,933888000000.0,0,,,0.18846171902621084,1.1923339438230802
plateau_trigger_t0p02,1,0.0,0.0,0.0,0.0,0.0,0.0,0.0,0.0,60555264000.0,0.0,933888000000.0,0,,,0.18788696663174012,1.1921565958407254
random_commit,3,536870912.0,1664090112.0,0.0,2200961024.0,216.33333333333334,31.333333333333332,228589568.0,765460480.0,141170005.33333334,272.3333333333333,976276138666.6666,3,2.800729617731772,179.0166191327591,0.08414197973211056,1.2523175470739059
random_routing,3,540016640.0,1347420160.0,0.0,1887436800.0,174.66666666666666,48.333333333333336,344981504.0,884998144.0,676255061.3333334,1304.6666666666667,1136956757333.3335,0,,,0.16445888764825736,1.2868547527605636
stability_instant,1,3032481792.0,679477248.0,0.0,3711959040.0,88.0,21.0,166723584.0,3199205376.0,160595968.0,311.0,982294528000.0,0,,,0.0964516169731765,1.2496608277624
surprise_gate,3,0.0,0.0,0.0,0.0,0.0,0.0,0.0,0.0,212800853.33333334,416.3333333333333,998689450666.6666,0,,,0.08971744109093123,1.2658152669507128
surprise_gate_s1,1,0.0,0.0,0.0,0.0,0.0,0.0,0.0,0.0,294273024.0,564.0,1021673472000.0,0,,,0.0886182551587163,1.252688227061555
surprise_gate_s2,1,0.0,0.0,0.0,0.0,0.0,0.0,0.0,0.0,154845184.0,301.0,980738048000.0,0,,,0.09669003565861137,1.2619402893108709
surprise_gate_s4,3,0.0,0.0,0.0,0.0,0.0,0.0,0.0,0.0,68610730.66666667,132.66666666666666,954537301333.3334,2,0.0009765625001136868,180.77485357215988,0.07369413758852601,1.2624370707626196
topk_100,1,475004928.0,758120448.0,0.0,1233125376.0,101.0,15.0,110100480.0,585105408.0,288030720.0,278.0,977158144000.0,0,,,0.09335897354509368,1.2490299753099805
topk_25,1,786432000.0,625999872.0,0.0,1412431872.0,85.0,22.0,163577856.0,950009856.0,70475776.0,274.0,976535552000.0,0,,,0.07540513787194164,1.2460509022768846
topm_2,1,550502400.0,1349517312.0,0.0,1900019712.0,179.0,22.0,169869312.0,720371712.0,37863424.0,209.0,966418432000.0,0,,,0.07421367093047662,1.2473192955087662
topm_all,1,18874368.0,0.0,0.0,18874368.0,0.0,0.0,0.0,18874368.0,30856609792.0,542.0,1018249216000.0,0,,,0.20358293994801616,1.156904286954456
trihope,10,558052147.2,980837990.4,0.0,1538890137.6,131.6,23.5,178362777.6,736414924.8000001,141382451.2,274.4,976597811200.0,3,2.768685918341445,178.68569572246676,0.08375982184469681,1.2460501579540222
trihope_no_hash,6,1226833920.0,900726784.0,0.0,2127560704.0,121.83333333333333,17.666666666666668,136839168.0,1363673088.0,60148394.666666664,115.83333333333333,951917226666.6666,0,,,0.09295808184829496,1.2595403106061025
trihope_no_hash_s1,1,1082130432.0,924844032.0,0.0,2006974464.0,123.0,14.0,116391936.0,1198522368.0,72515584.0,140.0,955678720000.0,0,,,0.08913036732855598,1.2649775126357303
trihope_no_hash_s2,1,1340080128.0,1327497216.0,0.0,2667577344.0,175.0,19.0,147849216.0,1487929344.0,40665088.0,78.0,946028544000.0,0,,,0.08724911418174586,1.259561436405909
trihope_no_hash_s4,1,1443889152.0,1041235968.0,0.0,2485125120.0,140.0,15.0,106954752.0,1550843904.0,15810560.0,30.0,938557440000.0,0,,,0.08960850051921265,1.2721960050623256
trihope_r_terminal,3,829423616.0,1393557504.0,0.0,2222981120.0,185.33333333333334,0.0,0.0,829423616.0,0.0,0.0,933888000000.0,0,,,0.0971708468004805,1.2798450240940837
trihope_s1_r0p2,1,732954624.0,1101004800.0,0.0,1833959424.0,150.0,18.0,128974848.0,861929472.0,16515072.0,32.0,938868736000.0,0,,,0.09501117305801471,1.2708590203378383
trihope_s1_r0p3,1,591396864.0,1145044992.0,0.0,1736441856.0,154.0,21.0,154140672.0,745537536.0,74645504.0,145.0,956456960000.0,0,,,0.09067442338679749,1.2669951332184777
trihope_s1_r0p45,1,610271232.0,726663168.0,0.0,1336934400.0,97.0,22.0,160432128.0,770703360.0,224444416.0,435.0,1001594880000.0,0,,,0.08559626720014613,1.2367254535748424
trihope_s2_r0p2,1,720371712.0,1072693248.0,0.0,1793064960.0,144.0,19.0,138412032.0,858783744.0,13598720.0,26.0,937934848000.0,0,,,0.08417408986603614,1.271881558570518
trihope_s2_r0p3,1,714080256.0,1141899264.0,0.0,1855979520.0,155.0,29.0,210763776.0,924844032.0,40206336.0,77.0,945872896000.0,0,,,0.09871358516700757,1.2736108081241784
trihope_s2_r0p45,1,795869184.0,890241024.0,0.0,1686110208.0,121.0,16.0,116391936.0,912261120.0,137527296.0,265.0,975134720000.0,0,,,0.07958448698793494,1.2519494922624648
trihope_s4_r0p2,1,773849088.0,1289748480.0,0.0,2063597568.0,174.0,9.0,62914560.0,836763648.0,4685824.0,9.0,935288832000.0,0,,,0.1052499856823722,1.2689322624576227
trihope_s4_r0p3,1,773849088.0,1148190720.0,0.0,1922039808.0,158.0,22.0,154140672.0,927989760.0,20152320.0,39.0,939958272000.0,0,,,0.09590154985663124,1.2607293041376648
trihope_s4_r0p45,1,566231040.0,1173356544.0,0.0,1739587584.0,159.0,22.0,166723584.0,732954624.0,71663616.0,139.0,955523072000.0,0,,,0.09597358481853113,1.2517282714132214
