spec_id,seed,p_decisions,consolidations,forced_consolidations,first_p_step,first_merge_step,mean_S_at_P,mean_C_at_P,mean_V_at_P,mean_R_at_P
fp_only,1337,16,15,0,83,250.0,0.43245481250000006,0.4826191875,0.10784625,0.5142737500000001
fp_only,2024,15,17,0,75,250.0,0.4711515333333333,0.5261072666666666,0.1184352,0.5118652666666667
fp_only,7,14,9,0,71,250.0,0.43811999999999995,0.5191299285714285,0.11097107142857142,0.5193329285714285
p_only,1337,36000,0,0,0,,0.9251815454166666,0.005962403861111111,0.5680457618055555,0.38949879891666667
p_only,2024,36000,0,0,0,,0.9213427041111112,0.007470739555555555,0.5383155050833334,0.3918531386666667
p_only,7,36000,0,0,0,,0.8924327223888889,0.008677250805555555,0.5810606873055555,0.3888972635555556
trihope_no_hash_replay,1337,46,14,0,16,750.0,1.371518260869565,0.40977104347826093,0.10208015217391306,0.5554325
trihope_no_hash_replay,2024,33,11,0,15,250.0,2.0601362121212126,0.3416400303030303,0.10990493939393939,0.5447493333333334
trihope_no_hash_replay,7,45,11,0,17,750.0,1.3311602666666666,0.3699886222222222,0.10829168888888889,0.5538181111111112
trihope_r_terminal,1337,13,18,0,83,250.0,0.41388576923076925,0.4782508461538461,0.10845315384615385,0.510464
trihope_r_terminal,2024,14,12,0,68,250.0,0.39859828571428574,0.5319282857142856,0.09951371428571429,0.5176120714285715
trihope_r_terminal,7,18,13,0,71,250.0,0.39725522222222226,0.5334239444444445,0.10121344444444445,0.5190197222222221
trihope_replay,1337,8,10,0,1243,750.0,0.77567325,0.549019625,0.059789375000000006,0.524003875
trihope_replay,2024,7,14,0,1122,250.0,0.9118308571428572,0.4945484285714286,0.08748199999999999,0.5222255714285714
trihope_replay,7,8,13,0,1218,250.0,0.715846375,0.501429,0.08016150000000001,0.538878875
