spec_id,final_loss_general_mean,final_loss_general_std,final_loss_code_mean,final_loss_code_std,final_loss_math_mean,final_loss_math_std,final_loss_medical_mean,final_loss_medical_std,final_em_code_mean,final_em_code_std,final_em_math_mean,final_em_math_std,final_em_medical_mean,final_em_medical_std,worst_retention_delta_general_mean,worst_retention_delta_general_std,worst_retention_delta_code_mean,worst_retention_delta_code_std,worst_retention_delta_math_mean,worst_retention_delta_math_std,worst_retention_delta_medical_mean,worst_retention_delta_medical_std,wall_clock_s_mean,wall_clock_s_std,tokens_per_sec_mean,tokens_per_sec_std,peak_mem_gb_mean,peak_mem_gb_std,controller_fraction_mean,controller_fraction_std,r_count_mean,r_count_std,f_count_mean,f_count_std,p_count_mean,p_count_std,consolidations_mean,consolidations_std
full_ft,1.8953209837537444,0.04252142401146258,1.2549791535143098,0.01377796706484334,0.7289782426177317,0.029374061347619995,1.7637218721355685,0.03740241191872676,0.078125,0.027063293868263706,0.03125,0.027063293868263706,0.015625,0.015625,0.18406934494579455,0.06688082125208364,0.5811018546563985,0.06529591371785258,0.19406584655346515,0.026795508131227136,0.12207653958243954,0.01687618878837234,1946.7528073330177,170.57248159546265,2389.165087211504,212.95986213055778,27.79174775466667,0.00011168682768231414,1.865755016112206e-05,1.8032797445718323e-06,0.0,0.0,0.0,0.0,0.0,0.0,0.0,0.0
gradient_routing,1.6749519125695675,0.006300736083453585,1.0715128326869336,0.009195923332281112,0.7293524215396724,0.02442477242476842,1.4887489965004612,0.02210657980363131,0.07291666666666667,0.023867581744561668,0.036458333333333336,0.009021097956087902,0.010416666666666666,0.009021097956087904,0.14893893720775098,0.006563073567139356,0.19058558886583365,0.005301699220034362,0.058094794517741945,0.009106838914671619,0.10796970017347629,0.009025298017357039,1971.3398574223586,448.204065269802,1009.8229780959941,249.0268747364014,28.856793770666666,0.00018679815559275326,0.30329320962299655,0.10208173196662572,0.0,0.0,336000.0,0.0,0.0,0.0,0.0,0.0
lora_only,1.6088145731752366,0.02201139188695381,1.0567493749245673,0.003077022649178825,0.6256278923322182,0.004936187274235473,1.4900640056076255,0.006563252560731463,0.09895833333333333,0.039322054350368486,0.052083333333333336,0.018042195912175804,0.010416666666666666,0.009021097956087904,0.2088113189854289,0.027301145278784657,0.2620733196510138,0.010416206530549029,0.08485491025294671,0.013025753453747636,0.14996545899154143,0.010718100533997663,2633.440588724683,70.27745650600308,1757.5887923891607,34.2056316902157,25.211990357333335,7.140947044820613e-05,1.4710152690785893e-05,3.7726240001450073e-07,0.0,0.0,0.0,0.0,0.0,0.0,0.0,0.0
molf_snr,1.6734721530756398,0.011357121090174638,1.1935708861748615,0.013887070962287015,0.6602966700731941,0.01737408692916695,1.606327279845143,0.02222870921104544,0.07291666666666667,0.03252603124165833,0.03125,0.015625,0.020833333333333332,0.009021097956087902,0.19069826425555822,0.02114396367191813,0.2098758618178568,0.05928071643608338,0.10039544731117896,0.021842878653978718,0.01703024186341236,0.002635016089342686,3545.9972474156334,198.8698920872546,1307.4059074604306,69.2848313558785,28.818781866666665,0.0010534479733996856,0.37920685569630236,0.008401713907680618,0.0,0.0,35802.0,38.0,198.0,38.0,0.0,0.0
molf_style,1.833342542503759,0.05885291297521744,1.2107764646213204,0.022031041093537363,0.7068868599395208,0.017984529691920655,1.6735181461845687,0.024832506195268986,0.10416666666666667,0.018042195912175808,0.041666666666666664,0.023867581744561668,0.010416666666666666,0.009021097956087904,0.2427442997413579,0.01241245830140169,0.5245605420395746,0.11224078493353164,0.1417355501887325,0.029877604154956293,0.0965941076007808,0.02001704661352826,4261.006786770692,53.392420482359604,1085.919535467272,5.806830432975676,28.856470869333332,0.0011701239232933278,0.4111269799981094,0.010528599351981168,0.0,0.0,136428.66666666666,18340.354040566755,199571.33333333334,18340.354040566755,0.0,0.0
trihope,1.676087068018327,0.013007430354726965,1.1398784731893075,0.012832431394197777,0.617419219071092,0.004855101461611907,1.5477943713519071,0.009548117145310654,0.078125,0.03125,0.041666666666666664,0.023867581744561665,0.010416666666666666,0.009021097956087904,0.10975721876738276,0.012038375888255688,0.12916374244319728,0.007937276787242748,0.057391436179041265,0.011286555572064521,0.03982935591517137,0.014529711909610887,4420.8970907266485,573.1283986752792,1058.8765241609913,142.0778639766258,29.300594688,0.0019673726417283725,0.4320970626011484,0.0546860704474903,2380.3333333333335,97.21282494266558,35161.0,78.63205453248695,76.66666666666667,31.39001964531614,133.33333333333334,23.50177298276309
trihope_forced,1.679300584697162,0.00564134335875587,1.1229215323134067,0.0061484415484792596,0.6126637015483277,0.006377504382803787,1.5458065356696136,0.01394699252539628,0.0625,0.027063293868263706,0.036458333333333336,0.018042195912175808,0.005208333333333333,0.009021097956087904,0.1129357236231705,0.015762702092081957,0.12332354836663202,0.010341711241220979,0.05864657661644764,0.009895049417560234,0.0503159168727203,0.028968701500464548,3698.5848233909733,54.2706114626212,1251.2478634443257,26.53527805133449,29.301927936,0.002106811690751996,0.37936550196682767,0.0072607573291126855,2348.3333333333335,55.04846349657116,35311.333333333336,39.9291038383456,82.33333333333333,17.925772879665004,186.33333333333334,30.237945256470937
trihope_lowconf,1.6651767983045573,0.01343935242166769,1.1364141653494968,0.013628342613720663,0.6308153838501701,0.003952461079772035,1.5358675864759033,0.010255850102753681,0.078125,0.015625,0.046875,0.027063293868263706,0.010416666666666666,0.018042195912175808,0.10337633877289461,0.009720589172834885,0.11412524206139207,0.008884150185975168,0.05153605423327878,0.004264897652348384,0.03860590876378637,0.017799961447285118,3874.5509336696705,269.437285443703,1198.2183848854172,87.34992141437014,29.302559914666663,0.0033413459840962016,0.39709911887535226,0.023604581088585857,2605.3333333333335,144.56947580085276,35071.666666666664,165.74176701523857,77.0,26.28687885618983,148.66666666666666,15.631165450257809
trihope_nogate,1.6695063843910791,0.006579274394820413,1.1439091785753523,0.006794580396652862,0.6215044504982673,0.004422715816999378,1.5418943246905485,0.004413207448192135,0.08854166666666667,0.018042195912175808,0.03125,0.015625,0.010416666666666666,0.009021097956087904,0.10645829021574271,0.014709640552939456,0.12741424203934257,0.007061766954776754,0.05317423624529486,0.01861538454027238,0.031082153320312427,0.012211175598876278,3764.5238287533866,38.55905469111979,1229.1909377123382,17.99046496674664,29.3018368,0.0018805511177225123,0.3839876998772091,0.006004227773301653,2403.0,50.20956084253277,35205.333333333336,44.28694314731195,75.66666666666667,24.70492528491704,126.33333333333333,20.03330560175563
