spec_id,phase,r_share_mean,r_share_std,f_share_mean,f_share_std,p_share_mean,p_share_std,mean_coords_opened_mean,mean_coords_opened_std
molf_style_a0p7,code_recurrent,0.0,0.0,99.93333333333332,0.0,0.06666666666666667,0.0,4727.694222222222,754.3276863038658
molf_style_a0p7,code_revisit,0.0,0.0,100.0,0.0,0.0,0.0,0.0,0.0
molf_style_a0p7,general_warm,0.0,0.0,99.94999999999999,0.023570226039565316,0.05,0.023570226039551587,4194.304,1482.9104003789305
molf_style_a0p7,math_recurrent,0.0,0.0,99.82777777777778,0.00785674201318509,0.17222222222222222,0.007856742013183864,12233.386666666667,494.3034667929764
molf_style_a0p7,medical_recurrent,0.0,0.0,99.94871794871796,0.05439282932204946,0.05128205128205128,0.05439282932204212,4032.9846153846156,4562.801231935171
molf_style_a0p7,mixed_tail,0.0,0.0,99.65277777777777,0.3339115355603236,0.3472222222222222,0.33391153556031417,23604.33777777778,18520.289397093635
molf_style_a0p7,novel_inject,0.0,0.0,98.05555555555556,0.5499719409228658,1.9444444444444446,0.5499719409228703,136424.10666666666,54527.85118060026
no_cosine,code_recurrent,0.7277777777777779,0.08642416214502248,92.78888888888889,0.6285393610547217,6.483333333333333,0.5421151989096871,459276.288,34601.24267550835
no_cosine,code_revisit,1.6111111111111112,0.07856742013183865,81.27777777777777,1.0213764617139058,17.111111111111107,1.0999438818457379,1264699.1644444442,53549.54223590572
no_cosine,general_warm,4.666666666666667,0.0,88.68333333333334,3.2291209674185644,6.65,3.229120967418568,519569.40800000005,245421.67126271303
no_cosine,math_recurrent,2.2222222222222223,0.8013876853447539,94.23888888888888,2.6634355424693332,3.5388888888888888,1.8620478571245749,295523.6693333333,141617.9432361879
no_cosine,medical_recurrent,15.057692307692308,1.7496360098590216,73.21794871794873,4.043200312938457,11.724358974358974,2.2935643030794433,881812.0861538462,177664.0729684758
no_cosine,mixed_tail,16.15277777777778,0.5303300858899113,82.79166666666666,0.09820927516481111,1.0555555555555556,0.6285393610547089,91750.4,54373.38134722745
no_cosine,novel_inject,72.83333333333334,10.920871398325561,27.16666666666667,10.92087139832557,0.0,0.0,0.0,0.0
surprise_gate_s4,code_recurrent,0.29444444444444445,0.039283710065919325,99.70555555555555,0.039283710065925445,0.0,0.0,0.0,0.0
surprise_gate_s4,code_revisit,0.16666666666666669,0.02618914004394623,99.83333333333333,0.02618914004394695,0.0,0.0,0.0,0.0
surprise_gate_s4,general_warm,1.5666666666666669,0.1885618083164127,98.43333333333334,0.18856180831641703,0.0,0.0,0.0,0.0
surprise_gate_s4,math_recurrent,0.9333333333333333,0.07856742013183848,99.06666666666666,0.07856742013182577,0.0,0.0,0.0,0.0
surprise_gate_s4,medical_recurrent,2.6794871794871797,1.1422494157628844,97.32051282051282,1.1422494157628829,0.0,0.0,0.0,0.0
surprise_gate_s4,mixed_tail,9.26388888888889,1.4338554174060534,90.73611111111111,1.4338554174060503,0.0,0.0,0.0,0.0
surprise_gate_s4,novel_inject,13.944444444444446,1.1785113019775795,86.05555555555557,1.1785113019775775,0.0,0.0,0.0,0.0
