spec_id,threshold_tag,permanent_writes_mean,permanent_writes_std,p_action_coords_mean,p_action_coords_std,merged_coords_mean,merged_coords_std,active_fraction_mean_mean,active_fraction_mean_std,replayed_total_mean,replayed_total_std,worst_retention_delta_mean,worst_retention_delta_std,mean_retention_delta_mean,mean_retention_delta_std,final_loss_general_mean,final_loss_general_std,final_loss_code_mean,final_loss_code_std,final_loss_math_mean,final_loss_math_std,final_loss_medical_mean,final_loss_medical_std,steps_to_recover_code_mean,steps_to_recover_code_std
full_ft,rfp_S0.75_R0.3,2642411520000.0,0.0,0.0,0.0,0.0,0.0,1.0,0.0,0.0,0.0,4.729612797925576,2.9579526705055312,1.8986010322077798,1.5976791858361785,4.502883435113481,2.336299513720535,3.3094443496701076,1.7204094558152956,2.904120620416135,1.8980503790702763,4.268422764775914,2.0630434041400854,50.0,0.0
gradient_routing,teacher_partition,0.0,0.0,0.0,0.0,0.0,0.0,0.00420061099796334,0.0,0.0,0.0,4.2684420849502995,1.4151516671902185,0.3855722214568032,0.06801310460583708,1.4450724108441395,0.00735328764064114,0.9951231580414284,0.008387315869505968,0.5460097207169388,0.000856572986092524,1.370168271443906,0.013323471982574562,100.0,0.0
gradient_routing-seed1337-fullrestore,teacher_partition,0.0,,0.0,,0.0,,0.00420061099796334,,0.0,,0.1676172567597518,,0.08897458908349239,,1.4159585366310754,,0.955636594866403,,0.500357961206711,,1.3231868156031974,,50.0,
gradient_routing-seed2024-fullrestore,teacher_partition,0.0,,0.0,,0.0,,0.00420061099796334,,0.0,,0.44970543193307155,,0.12982143835006443,,1.4060273078299914,,0.9470962497214795,,0.503957898554232,,1.329740846876467,,50.0,
gradient_routing-seed7-fullrestore,teacher_partition,0.0,,0.0,,0.0,,0.00420061099796334,,0.0,,0.27673410199188586,,0.10595756355748776,,1.4080347202530725,,0.9471812564988117,,0.5055025531359773,,1.3069522583987916,,50.0,
lora_only,rfp_S0.75_R0.3,0.0,0.0,0.0,0.0,0.0,0.0,0.02240325865580448,0.0,0.0,0.0,0.3121186681730807,0.131996041511302,0.13068694764838976,0.025720306647227863,1.3704942542245735,0.003157758425900079,0.9064618061358066,0.0073386671546587755,0.45691327489538414,0.006179377918269441,1.2461173317649148,0.005105361792848477,50.0,0.0
molf_snr,adam_score_A0.5,81788928.0,63618411.65765973,81788928.0,63618411.65765973,0.0,0.0,3.026904923544435e-05,2.3553746726993803e-05,0.0,0.0,0.08966687168458558,0.00781766246886898,0.03773132821175047,0.0067306081369034034,1.4713041287594013,0.006999484770776996,0.9909083015259054,0.00894027317061425,0.5286474125957582,0.004639935540791082,1.4728702695672504,0.025412336142614015,16.666666666666668,28.867513459481287
molf_style,adam_score_A0.5,2177268449280.0,48255341711.2227,2177268449280.0,48255341711.2227,0.0,0.0,0.8096177989525749,0.017382745642240675,0.0,0.0,1.1425918983276389,0.7473771952704795,0.47667845950953797,0.2747777908325112,1.7955479118592252,0.045867927117123196,1.2924071334805625,0.03330788469209556,0.7467236211472126,0.03409424495049601,1.824276744727591,0.07458415877424981,225.0,35.35533905932738
trihope,rfp_S0.75_R0.3,135266304.0,22684167.20532557,44040192.0,16645627.960505186,91226112.0,10897121.445584059,8.501034493906185e-05,1.5605662841439814e-05,358.0,52.028838157314254,0.19254797221356376,0.004755963887547861,0.07837026097331673,0.00462558804466987,1.490530426487971,0.00786434441141544,1.0095269121399348,0.013934027365030485,0.5481851320521077,0.0027622835170563183,1.497639535282968,0.00999506426762892,100.0,
trihope-seed1337-fullrestore,rfp_S0.75_R0.3,,,,,,,,,,,,,,,,,,,,,,,,
trihope-seed2024-fullrestore,rfp_S0.75_R0.3,,,,,,,,,,,,,,,,,,,,,,,,
trihope-seed2024-rollback,rfp_S0.75_R0.3,,,,,,,,,,,,,,,,,,,,,,,,
trihope-seed7-fullrestore,rfp_S0.75_R0.3,,,,,,,,,,,,,,,,,,,,,,,,
trihope_lowconf,rfp_S0.75_R0.3,124780544.0,25426616.706362803,33554432.0,3632373.815194686,91226112.0,25165824.0,8.313532473410274e-05,1.5700507988340942e-05,368.0,74.30343195303969,0.1966641176361945,0.006933828000415596,0.07502069865274257,0.010350596723313647,1.4948901722539822,0.00804011985240787,1.0041134721525922,0.009280871759806148,0.5601198925285641,0.00654120057082757,1.4959819760438249,0.012213330393713518,200.0,70.71067811865476
trihope_nogate,rfp_S0.75_R0.3,157286400.0,13711910.455866316,48234496.0,9610357.78382803,109051904.0,18961547.992786665,8.660047522063815e-05,8.788335736260407e-06,358.0,56.293871780150276,0.190299055912628,0.003292575263942679,0.07923393361834051,0.008035905425303953,1.498293632670359,0.0063589358022949375,1.0085213491765077,0.008940691431908574,0.5547215913081192,0.0036388187289895834,1.503227299095219,0.01550296983330218,249.5,282.13560569343247
