step,phase,consolidation/count,eval/code/exact_match,eval/code/forgetting_delta,eval/code/loss,eval/code/ppl,eval/code/retention_delta,eval/code/samples,eval/code/tokens,eval/general/forgetting_delta,eval/general/loss,eval/general/ppl,eval/general/retention_delta,eval/general/samples,eval/general/tokens,eval/lora/sparsity_max,eval/lora/sparsity_mean,eval/macro_loss,eval/macro_ppl,eval/math/exact_match,eval/math/forgetting_delta,eval/math/loss,eval/math/ppl,eval/math/retention_delta,eval/math/samples,eval/math/tokens,eval/medical/exact_match,eval/medical/forgetting_delta,eval/medical/loss,eval/medical/ppl,eval/medical/retention_delta,eval/medical/samples,eval/medical/tokens,eval/retrieval/buffer_size,eval/retrieval/hit_rate,eval/trigger,loss/ce,loss/kd,loss/kd_row_hit_frac,loss/reg,loss/teacher_conf_mean,loss/total,retrieval/buffer_size,signals/repetition_mean,signals/stability_C_mean,signals/stability_adam_mean,signals/surprise_mean,write/coords_opened,write/f_count,write/p_count,write/r_count,write/replay_count
0,general_warm,0,,,,,,,,,,,,,,,,,,,,,,,,,,,,,,,,,,,1.3859089612960815,4.199118137359619,1.0,5.839632511138916,0.8518500328063965,4.950469017028809,6,0.022727272727272728,0.0,0.0,19.95435197012765,0,0,0,6,0
20,general_warm,0,,,,,,,,,,,,,,,,,,,,,,,,,,,,,,,,,,,1.183740258216858,3.490490436553955,1.0,5.841061115264893,0.8286000490188599,4.140771389007568,33,0.34805284790496616,0.022840119058465853,0.10560759435452165,0.5465331818376269,40894464,0,6,0,0
40,general_warm,0,,,,,,,,,,,,,,,,,,,,,,,,,,,,,,,,,,,1.5482958555221558,2.3239686489105225,1.0,5.843257427215576,0.7856999635696411,3.1565492153167725,33,0.4014231314622906,0.20693386233012592,0.034833294765225474,0.24578137244023973,0,6,0,0,0
60,general_warm,0,,,,,,,,,,,,,,,,,,,,,,,,,,,,,,,,,,,1.2297443151474,2.61750864982605,1.0,5.8452301025390625,0.7939499616622925,3.2908332347869873,26,0.37267657162013246,0.2792850785023932,0.03615583981727324,0.4826180685015898,0,6,0,0,0
80,general_warm,0,,,,,,,,,,,,,,,,,,,,,,,,,,,,,,,,,,,1.4257367849349976,2.254607915878296,1.0,5.846412181854248,0.7663999795913696,3.025940418243408,25,0.4029943045761461,0.22282225794957153,0.034478394819482686,0.2855063786759736,0,6,0,0,0
100,general_warm,0,,,,,,,,,,,,,,,,,,,,,,,,,,,,,,,,,,,1.4619606733322144,2.5136265754699707,1.0,5.847865581512451,0.8627499938011169,3.3030855655670166,26,0.19510195319276843,0.20523554638826422,0.0390898982772515,0.5186743040051726,0,6,0,0,0
120,general_warm,0,,,,,,,,,,,,,,,,,,,,,,,,,,,,,,,,,,,1.3074076175689697,3.0592401027679443,1.0,5.84857177734375,0.8041000366210938,3.7714297771453857,20,0.2687537088133658,0.462184921638774,0.03928258077995408,0.6791461584113893,0,6,0,0,0
140,general_warm,0,,,,,,,,,,,,,,,,,,,,,,,,,,,,,,,,,,,1.2032896280288696,2.220048666000366,1.0,5.84857177734375,0.8096500039100647,2.8801791667938232,24,0.4046263089752095,0.23059115577156522,0.03638555872150594,0.46050836682792695,0,6,0,0,0
160,general_warm,0,,,,,,,,,,,,,,,,,,,,,,,,,,,,,,,,,,,1.3842594623565674,2.798243522644043,1.0,5.849385738372803,0.840999960899353,3.5488669872283936,21,0.4067551464253161,0.06402191886757334,0.04102695511269664,0.5586046095523569,0,6,0,0,0
180,general_warm,0,,,,,,,,,,,,,,,,,,,,,,,,,,,,,,,,,,,1.26772940158844,2.61004376411438,1.0,5.849696159362793,0.8158000111579895,3.30240535736084,26,0.34508583923324065,0.176930993874391,0.029797560105188973,1.1743119481300552,0,4,0,2,0
200,general_warm,0,,,,,,,,,,,,,,,,,,,,,,,,,,,,,,,,,,,1.0851094722747803,2.6415183544158936,1.0,5.850268363952637,0.7732000350952148,3.2425756454467773,20,0.27845734522708937,0.32285139767918736,0.02925835937438976,0.4283873851455393,0,6,0,0,1
220,general_warm,0,,,,,,,,,,,,,,,,,,,,,,,,,,,,,,,,,,,1.6327803134918213,2.832350730895996,1.0,5.850601673126221,0.8312000036239624,3.707246780395508,21,0.4117188563026838,0.5017596438660153,0.04797877250978398,0.5661677373543619,22020096,3,3,0,0
240,general_warm,0,,,,,,,,,,,,,,,,,,,,,,,,,,,,,,,,,,,1.265357494354248,2.4056291580200195,1.0,5.85123872756958,0.7965999841690063,3.09682035446167,19,0.3747340521535652,0.012783426296664402,0.027296806236226406,0.40413699005804365,0,6,0,0,0
250,,,,,1.3611690999494022,3.900751004873303,,32,8415,,1.658225642907041,5.249987223108968,,32,14382,0.7510986328125,0.4944493559753003,1.561187723284215,4.764476765868102,,,0.9502557149626963,2.5863709485120894,,32,6174,,,2.2751004353177207,9.728896088262305,,32,3861,19,0.13157894736842105,consolidation,,,,,,,,,,,,,,,,
260,general_warm,0,,,,,,,,,,,,,,,,,,,,,,,,,,,,,,,,,,,1.2277734279632568,2.4065799713134766,1.0,5.844105243682861,0.8145999908447266,3.0789079666137695,19,0.41705754605482365,0.1492744036035479,0.03225578949121492,0.6338680670847968,0,6,0,0,0
280,general_warm,0,,,,,,,,,,,,,,,,,,,,,,,,,,,,,,,,,,,1.3198001384735107,2.440781831741333,1.0,5.844105243682861,0.855650007724762,3.159122943878174,23,0.3776834891613686,-0.0032034388423198834,0.04773773826392634,0.3900770278322318,9437184,5,1,0,0
300,general_warm,0,,,,,,,,,,,,,,,,,,,,,,,,,,,,,,,,,,,1.4614315032958984,2.3462841510772705,1.0,5.844442844390869,0.8218500018119812,3.135444402694702,17,0.44123735782061474,0.1429077303619124,0.031038873586508014,0.3288646704620785,0,6,0,0,0
320,general_warm,0,,,,,,,,,,,,,,,,,,,,,,,,,,,,,,,,,,,1.3411154747009277,2.520583152770996,1.0,5.844442844390869,0.8156499862670898,3.2495853900909424,20,0.408436158412065,-0.09471416558829203,0.055893870483019525,0.6817001566645644,9437184,2,1,3,0
340,general_warm,0,,,,,,,,,,,,,,,,,,,,,,,,,,,,,,,,,,,1.352532148361206,2.3370301723480225,1.0,5.8446173667907715,0.8394500017166138,3.071742296218872,19,0.42432988437353786,-0.37718526277291986,0.03380023219016572,0.537081850958722,0,6,0,0,0
360,general_warm,0,,,,,,,,,,,,,,,,,,,,,,,,,,,,,,,,,,,1.5041896104812622,2.4193005561828613,1.0,5.8446173667907715,0.8440499901771545,3.229841470718384,21,0.45637777181662154,0.42656561605898397,0.0355305664012179,0.5862196994915841,0,6,0,0,0
380,general_warm,0,,,,,,,,,,,,,,,,,,,,,,,,,,,,,,,,,,,1.3698524236679077,2.4460418224334717,1.0,5.8446173667907715,0.8213000297546387,3.1894142627716064,21,0.47798660074976745,0.5506694492484842,0.04360082323352495,0.75750130973165,25165824,3,3,0,0
400,general_warm,0,,,,,,,,,,,,,,,,,,,,,,,,,,,,,,,,,,,1.2315385341644287,2.0955810546875,1.0,5.8446173667907715,0.7973999977111816,2.76979660987854,21,0.4719241279610905,0.4050943779626063,0.03646912402916878,0.29547329514863946,0,6,0,0,0
420,general_warm,0,,,,,,,,,,,,,,,,,,,,,,,,,,,,,,,,,,,1.419571042060852,2.3381505012512207,1.0,5.8446173667907715,0.8286999464035034,3.106382131576538,21,0.4380812527264645,0.21244446399422096,0.024852917566599828,0.3801110768838534,0,6,0,0,0
440,general_warm,0,,,,,,,,,,,,,,,,,,,,,,,,,,,,,,,,,,,1.6087108850479126,2.4143526554107666,1.0,5.8446173667907715,0.8730999827384949,3.2771542072296143,26,0.307485970345366,0.0020274987431808506,0.029024404388601106,0.4717928574908347,0,6,0,0,0
460,general_warm,0,,,,,,,,,,,,,,,,,,,,,,,,,,,,,,,,,,,1.5397725105285645,2.3364739418029785,1.0,5.845027923583984,0.8292499780654907,3.1648104190826416,22,0.19382956553038483,0.0952279191031786,0.02816247817217594,0.3952213140943694,0,6,0,0,0
480,general_warm,0,,,,,,,,,,,,,,,,,,,,,,,,,,,,,,,,,,,1.283725380897522,2.308457612991333,1.0,5.845027923583984,0.8049499988555908,3.00877046585083,27,0.44499250279008934,-0.09460568992238093,0.029156945635461146,0.424639589091142,0,6,0,0,0
499,,,0.109375,0.011843888389873047,1.3730129883392752,3.947225741931573,,32,8415,-0.04197348057684969,1.6162521623301913,5.034187598611783,,32,14382,0.7510986328125,0.45833935380792945,1.5395579134630852,4.662528574186876,0.125,0.015491516488943091,0.9657472314516394,2.6267497133293705,,32,6174,0.0,-0.071881163586486,2.2032192717312347,9.054114286805257,,32,3861,30,0.16666666666666666,,,,,,,,,,,,,,,,,
500,code_recurrent,0,,,,,,,,,,,,,,,,,,,,,,,,,,,,,,,,,,,1.2013702392578125,4.178310394287109,1.0,5.845643997192383,0.8567500114440918,4.837451934814453,36,0.22363090133386648,0.163408851346633,0.02844281228377469,19.587258349524603,0,0,0,6,0
500,,,,0.007608759353646688,1.3687778593030488,3.9305440810066132,,32,8415,-0.04268788303358817,1.6155377598734528,5.030592446969141,,32,14382,0.7510986328125,0.45833935380792945,1.5370802192014101,4.650990553639995,,0.012434548840462578,0.9626902638031589,2.618732085493284,,32,6174,,-0.07378544149174049,2.20131499382598,9.03688914295293,,32,3861,36,0.125,,,,,,,,,,,,,,,,,
520,code_recurrent,0,,,,,,,,,,,,,,,,,,,,,,,,,,,,,,,,,,,1.1508125066757202,1.3504793643951416,1.0,5.8477864265441895,0.8783999681472778,1.9843635559082031,48,0.43801519080556767,0.5283857075430985,0.41559052455519874,0.2781349977626214,0,6,0,0,1
540,code_recurrent,0,,,,,,,,,,,,,,,,,,,,,,,,,,,,,,,,,,,1.2943105697631836,1.2846059799194336,1.0,5.848301410675049,0.8715000152587891,1.9902442693710327,47,0.5054124320238007,0.6549222373536655,0.07568106268429094,0.35731803531802836,0,6,0,0,1
560,code_recurrent,0,,,,,,,,,,,,,,,,,,,,,,,,,,,,,,,,,,,0.9568922519683838,1.1465694904327393,1.0,5.848812103271484,0.9085999727249146,1.6835037469863892,47,0.5169265756468001,0.4072531612057771,0.030877108154227097,0.12470442825662238,18874368,3,3,0,0
580,code_recurrent,0,,,,,,,,,,,,,,,,,,,,,,,,,,,,,,,,,,,0.9967193603515625,1.058883547782898,1.0,5.848812103271484,0.8567500114440918,1.6157313585281372,47,0.48350293605661193,0.27838040751937243,0.012367618234369843,0.1258601979308185,9437184,5,1,0,0
600,code_recurrent,0,,,,,,,,,,,,,,,,,,,,,,,,,,,,,,,,,,,0.9962841272354126,0.9737091064453125,1.0,5.848812103271484,0.8783999681472778,1.530339241027832,47,0.4731859273640257,0.15929413267544337,0.0075918872787114535,0.07268849818834236,0,6,0,0,0
620,code_recurrent,0,,,,,,,,,,,,,,,,,,,,,,,,,,,,,,,,,,,1.1191071271896362,1.0084617137908936,1.0,5.848812103271484,0.8715000152587891,1.6265034675598145,47,0.46238239712696544,0.24482403921761683,0.006120691378970468,0.09575855378061533,0,6,0,0,0
640,code_recurrent,0,,,,,,,,,,,,,,,,,,,,,,,,,,,,,,,,,,,0.87272047996521,0.9935170412063599,1.0,5.848812103271484,0.9085999727249146,1.4883654117584229,47,0.4566886358950846,0.1984723215656621,0.0059872935697924175,0.06728972786860096,0,6,0,0,0
660,code_recurrent,0,,,,,,,,,,,,,,,,,,,,,,,,,,,,,,,,,,,0.8818687200546265,0.9866266250610352,1.0,5.848812103271484,0.8567500114440918,1.4860491752624512,47,0.45889978162460016,0.2383388693311385,0.005336527665799839,0.0934517112013603,0,6,0,0,0
680,code_recurrent,0,,,,,,,,,,,,,,,,,,,,,,,,,,,,,,,,,,,0.9202171564102173,0.9390699863433838,1.0,5.848812103271484,0.8783999681472778,1.4576666355133057,47,0.4640410705938591,0.17745515607696558,0.005888822129077559,0.0753891010118264,0,6,0,0,0
700,code_recurrent,0,,,,,,,,,,,,,,,,,,,,,,,,,,,,,,,,,,,1.0468087196350098,0.9801431894302368,1.0,5.848812103271484,0.8715000152587891,1.5620356798171997,47,0.4647750563326357,0.1893727446107992,0.005714785533084993,0.09829142673148049,0,6,0,0,0
720,code_recurrent,0,,,,,,,,,,,,,,,,,,,,,,,,,,,,,,,,,,,0.8325759172439575,0.9668848514556885,1.0,5.848812103271484,0.9085999727249146,1.4416608810424805,47,0.4651210420569839,0.1777561446319201,0.005993442370423249,0.06550294517184653,0,6,0,0,0
740,code_recurrent,0,,,,,,,,,,,,,,,,,,,,,,,,,,,,,,,,,,,0.851230263710022,0.9611549377441406,1.0,5.848812103271484,0.8567500114440918,1.4452581405639648,47,0.4672857156575727,0.1992940627304571,0.005394025201842721,0.09793618246617299,0,6,0,0,0
750,,,,-0.19499734390086543,1.1661717560485367,3.209681644477911,,32,8415,-0.02003216945715569,1.6381934734498853,5.1458649686235,,32,14382,0.7510986328125,0.4567398278891635,1.4361124747159588,4.204319607380467,,-0.11706981405610972,0.8331859009065866,2.3006366774394906,,32,6174,,-0.1682016668588937,2.106898768458827,8.222701201920199,,32,3861,47,0.35106382978723405,consolidation,,,,,,,,,,,,,,,,
760,code_recurrent,0,,,,,,,,,,,,,,,,,,,,,,,,,,,,,,,,,,,0.8865036964416504,0.9163106679916382,1.0,5.848393440246582,0.8783999681472778,1.418046474456787,47,0.47067958234674967,0.17761650288178185,0.005535571030267175,0.07959675746895964,0,6,0,0,0
780,code_recurrent,0,,,,,,,,,,,,,,,,,,,,,,,,,,,,,,,,,,,1.0089495182037354,0.9598013758659363,1.0,5.848393440246582,0.8715000152587891,1.522760033607483,47,0.47122675003072984,0.20717012938777252,0.005362888477698323,0.10251061052438759,0,6,0,0,0
800,code_recurrent,0,,,,,,,,,,,,,,,,,,,,,,,,,,,,,,,,,,,0.8110467195510864,0.9438385367393494,1.0,5.848393440246582,0.9085999727249146,1.4078458547592163,47,0.47132008916356305,0.1997890333628415,0.006288642432570221,0.06975810894417385,0,6,0,0,0
820,code_recurrent,0,,,,,,,,,,,,,,,,,,,,,,,,,,,,,,,,,,,0.8299263715744019,0.9432317018508911,1.0,5.848393440246582,0.8567500114440918,1.416678786277771,47,0.4715867670862356,0.21495484494205033,0.005629016206847386,0.10321040505632048,0,6,0,0,0
840,code_recurrent,0,,,,,,,,,,,,,,,,,,,,,,,,,,,,,,,,,,,0.8632692694664001,0.8993698358535767,1.0,5.848393440246582,0.8783999681472778,1.3894884586334229,47,0.47775829264489605,0.18718744560361042,0.006114012119822233,0.08369659918345629,0,6,0,0,0
860,code_recurrent,0,,,,,,,,,,,,,,,,,,,,,,,,,,,,,,,,,,,0.9749488830566406,0.9447622299194336,1.0,5.848393440246582,0.8715000152587891,1.4907206296920776,47,0.47684993991337504,0.19674784628607864,0.005885677248616481,0.1050793113541745,0,6,0,0,0
880,code_recurrent,0,,,,,,,,,,,,,,,,,,,,,,,,,,,,,,,,,,,0.7944109439849854,0.9280685782432556,1.0,5.848393440246582,0.9085999727249146,1.3837579488754272,47,0.4741348124254027,0.19219608917566283,0.006511401769978601,0.07373406015306948,0,6,0,0,0
900,code_recurrent,0,,,,,,,,,,,,,,,,,,,,,,,,,,,,,,,,,,,0.8150403499603271,0.9284420609474182,1.0,5.848393440246582,0.8567500114440918,1.3944462537765503,47,0.47613802918421627,0.20003991098409252,0.0062156624885069,0.10853676246774811,0,6,0,0,0
920,code_recurrent,0,,,,,,,,,,,,,,,,,,,,,,,,,,,,,,,,,,,0.8437164425849915,0.8872597813606262,1.0,5.848393440246582,0.8783999681472778,1.367601990699768,47,0.48079904707926413,0.19822738658487132,0.006045257241746026,0.0877912652338781,0,6,0,0,0
940,code_recurrent,0,,,,,,,,,,,,,,,,,,,,,,,,,,,,,,,,,,,0.9491138458251953,0.9332471489906311,1.0,5.848393440246582,0.8715000152587891,1.4662879705429077,47,0.70224031911049,0.17752670955711178,0.006707913419305688,0.11041993480027903,0,6,0,0,0
960,code_recurrent,0,,,,,,,,,,,,,,,,,,,,,,,,,,,,,,,,,,,0.7824176549911499,0.915158748626709,1.0,5.848393440246582,0.9085999727249146,1.3648515939712524,47,0.6816620717722125,0.1930686941237322,0.006492430542684382,0.07694203679612467,0,6,0,0,0
980,code_recurrent,0,,,,,,,,,,,,,,,,,,,,,,,,,,,,,,,,,,,0.8029515743255615,0.916539192199707,1.0,5.848393440246582,0.8567500114440918,1.3764989376068115,47,0.6430707283804746,0.20262308877759747,0.0058127316788563295,0.11592736824430407,0,6,0,0,0
1000,code_recurrent,2,,,,,,,,,,,,,,,,,,,,,,,,,,,,,,,,,,,0.8258865475654602,0.8767485022544861,1.0,5.848393440246582,0.8783999681472778,1.3481757640838623,47,0.5979593535391234,0.2089586930648823,0.00727780042696626,0.0921297662255783,0,6,0,0,0
1000,,,,-0.21313523345240082,1.1480338664970013,3.151989581085534,,32,8415,-0.018593247187782547,1.6396323957192585,5.15327479812788,,32,14382,0.7510986328125,0.4567340669177828,1.4336194198480765,4.193851062667447,,-0.11611026013828141,0.8341454548244149,2.302845321864066,,32,6174,,-0.16243447296608915,2.1126659623516315,8.270260123014426,,32,3861,47,0.32978723404255317,consolidation,,,,,,,,,,,,,,,,
1020,code_recurrent,0,,,,,,,,,,,,,,,,,,,,,,,,,,,,,,,,,,,0.9239044785499573,0.9227216243743896,1.0,5.8487067222595215,0.8715000152587891,1.443160891532898,47,0.5544082621967207,0.18535785961596826,0.006778331748246851,0.11509435596092353,0,6,0,0,0
1040,code_recurrent,0,,,,,,,,,,,,,,,,,,,,,,,,,,,,,,,,,,,0.7700954675674438,0.9034649133682251,1.0,5.8487067222595215,0.9085999727249146,1.3469997644424438,47,0.5278165694347301,0.18296458122287212,0.0071896107181803216,0.08240903397460306,0,6,0,0,0
1060,code_recurrent,0,,,,,,,,,,,,,,,,,,,,,,,,,,,,,,,,,,,0.7912733554840088,0.9065155386924744,1.0,5.8487067222595215,0.8567500114440918,1.360639214515686,47,0.5123958857029086,0.22299686965665647,0.007513431579406773,0.12127067961744846,0,6,0,0,0
1080,code_recurrent,0,,,,,,,,,,,,,,,,,,,,,,,,,,,,,,,,,,,0.8112177848815918,0.8666818737983704,1.0,5.8487067222595215,0.8783999681472778,1.3307777643203735,47,0.5038493163076734,0.171277130854183,0.007298831336407198,0.09751621807023647,0,6,0,0,0
1100,code_recurrent,0,,,,,,,,,,,,,,,,,,,,,,,,,,,,,,,,,,,0.8989870548248291,0.9133193492889404,1.0,5.8487067222595215,0.8715000152587891,1.421299934387207,47,0.4920155115818928,0.19073004721264755,0.007952170524125298,0.11880380479648474,0,6,0,0,0
1120,code_recurrent,0,,,,,,,,,,,,,,,,,,,,,,,,,,,,,,,,,,,0.7535854578018188,0.8949095010757446,1.0,5.8487067222595215,0.9085999727249146,1.3301893472671509,47,0.4839822897511161,0.1781732686462679,0.007964143112287044,0.0853865751020965,0,6,0,0,0
1140,code_recurrent,0,,,,,,,,,,,,,,,,,,,,,,,,,,,,,,,,,,,0.7775891423225403,0.8981391191482544,1.0,5.8487067222595215,0.8567500114440918,1.3454207181930542,47,0.4841999394492132,0.21064688844074095,0.007604395309721844,0.12636577231839063,0,6,0,0,0
1160,code_recurrent,0,,,,,,,,,,,,,,,,,,,,,,,,,,,,,,,,,,,0.7961983680725098,0.8597911596298218,1.0,5.8487067222595215,0.8783999681472778,1.3163774013519287,47,0.4862084819440596,0.1779758967791817,0.0070074570646125175,0.10261895020181934,0,6,0,0,0
1180,code_recurrent,0,,,,,,,,,,,,,,,,,,,,,,,,,,,,,,,,,,,0.8779638409614563,0.9060044288635254,1.0,5.8487067222595215,0.8715000152587891,1.4034733772277832,47,0.48298762519507654,0.1636717964512562,0.007620294609602304,0.12483107519469092,0,6,0,0,0
1200,code_recurrent,0,,,,,,,,,,,,,,,,,,,,,,,,,,,,,,,,,,,0.7430101633071899,0.8857254981994629,1.0,5.8487067222595215,0.9085999727249146,1.3157175779342651,47,0.4807691349159416,0.1517682912880056,0.0074169937345672345,0.0885647801238866,0,6,0,0,0
1220,code_recurrent,0,,,,,,,,,,,,,,,,,,,,,,,,,,,,,,,,,,,0.770087480545044,0.890852689743042,1.0,5.8487067222595215,0.8567500114440918,1.334383487701416,47,0.48015856489208447,0.19520023950774754,0.007428639391363258,0.1333904290394414,0,6,0,0,0
1240,code_recurrent,0,,,,,,,,,,,,,,,,,,,,,,,,,,,,,,,,,,,0.7843540906906128,0.8526934385299683,1.0,5.8487067222595215,0.8783999681472778,1.303357481956482,47,0.4817972549357087,0.1610831320556047,0.008835902989154593,0.10819255465730315,0,6,0,0,0
1250,,,,-0.22220025246722752,1.1389688474821746,3.123545851850642,,32,8415,-0.01555919474810108,1.64266644815894,5.168933847277214,,32,14382,0.7510986328125,0.4567340669177828,1.4333413010185132,4.192684835900864,,-0.11516281637050274,0.8350928985921936,2.305028172213118,,32,6174,,-0.15846342547697567,2.116637009840745,8.30316701287844,,32,3861,47,0.23404255319148937,,,,,,,,,,,,,,,,,
1260,code_recurrent,0,,,,,,,,,,,,,,,,,,,,,,,,,,,,,,,,,,,0.8583577871322632,0.8997165560722351,1.0,5.8487067222595215,0.8715000152587891,1.3873825073242188,47,0.4820579113121601,0.15703225121667078,0.007837553320282567,0.12911459704240164,0,6,0,0,0
1280,code_recurrent,0,,,,,,,,,,,,,,,,,,,,,,,,,,,,,,,,,,,0.7367392778396606,0.8786262273788452,1.0,5.8487067222595215,0.9085999727249146,1.3054829835891724,47,0.47966827921986727,0.17782137798245198,0.007876607611413218,0.08956425252651412,0,6,0,0,0
1300,code_recurrent,0,,,,,,,,,,,,,,,,,,,,,,,,,,,,,,,,,,,0.7591301202774048,0.8850511312484741,1.0,5.8487067222595215,0.8567500114440918,1.3231033086776733,47,0.480859846216871,0.1838242797114487,0.008358142633796743,0.1374104018397038,0,6,0,0,0
1320,code_recurrent,0,,,,,,,,,,,,,,,,,,,,,,,,,,,,,,,,,,,0.770342230796814,0.8470633029937744,1.0,5.8487067222595215,0.8783999681472778,1.2907215356826782,47,0.4820162120115187,0.1707615186044547,0.008731602955173464,0.11253813077207832,0,6,0,0,0
1340,code_recurrent,0,,,,,,,,,,,,,,,,,,,,,,,,,,,,,,,,,,,0.8409795761108398,0.8933888077735901,1.0,5.8487067222595215,0.8715000152587891,1.3723655939102173,47,0.4809738531196362,0.181485676439479,0.00862095084536584,0.1338410291022488,0,6,0,0,0
1360,code_recurrent,0,,,,,,,,,,,,,,,,,,,,,,,,,,,,,,,,,,,0.7295758724212646,0.8731969594955444,1.0,5.8487067222595215,0.9085999727249146,1.2964719533920288,47,0.4807063574781544,0.15950980578782037,0.008039634129668157,0.09344431839085052,0,6,0,0,0
1380,code_recurrent,0,,,,,,,,,,,,,,,,,,,,,,,,,,,,,,,,,,,0.7502124905586243,0.8797168731689453,1.0,5.8487067222595215,0.8567500114440918,1.313310146331787,47,0.4804087169429629,0.17448194913699158,0.008393916867059908,0.14337665288162138,0,6,0,0,0
1400,code_recurrent,0,,,,,,,,,,,,,,,,,,,,,,,,,,,,,,,,,,,0.759426474571228,0.8419413566589355,1.0,5.8487067222595215,0.8783999681472778,1.2801417112350464,47,0.4850669693437363,0.18393767285825952,0.00852463475450696,0.11711253467651586,0,6,0,0,0
1420,code_recurrent,0,,,,,,,,,,,,,,,,,,,,,,,,,,,,,,,,,,,0.829573392868042,0.8867244124412537,1.0,5.8487067222595215,0.8715000152587891,1.359998106956482,47,0.4838415358781868,0.18801711799044693,0.009012812125637005,0.13762786017642134,0,6,0,0,0
1440,code_recurrent,0,,,,,,,,,,,,,,,,,,,,,,,,,,,,,,,,,,,0.7221429944038391,0.8656890392303467,1.0,5.8487067222595215,0.9085999727249146,1.285247564315796,47,0.48348436445549875,0.1637341066962108,0.009778702930946435,0.09918071889422006,0,6,0,0,0
1460,code_recurrent,0,,,,,,,,,,,,,,,,,,,,,,,,,,,,,,,,,,,0.7583000063896179,0.8682820796966553,1.0,5.8487067222595215,0.8567500114440918,1.3059191703796387,47,0.4873517706497577,0.24634268136495457,0.01131581100265658,0.1597431438428069,0,6,0,0,0
1480,code_recurrent,0,,,,,,,,,,,,,,,,,,,,,,,,,,,,,,,,,,,0.7583000659942627,0.829423189163208,1.0,5.8487067222595215,0.8783999681472778,1.2670602798461914,47,0.4912519965078272,0.1777871326110991,0.01013985481482768,0.12414100031767572,0,6,0,0,0
1500,code_recurrent,1,,,,,,,,,,,,,,,,,,,,,,,,,,,,,,,,,,,0.818165123462677,0.8778866529464722,1.0,5.8487067222595215,0.8715000152587891,1.3454562425613403,47,0.4887694459632145,0.20957135944627225,0.009785181075881515,0.14074306531794487,0,6,0,0,0
1500,,,,-0.21939442317824387,1.1417746767711583,3.1323222951302094,,32,8415,0.014168983473265007,1.672394626380306,5.324903697099984,,32,14382,0.7510986328125,0.4567323022959184,1.4541459087624795,4.280825688077065,,-0.1082409437628753,0.842014771199821,2.3210386308308393,,32,6174,,-0.11470087461908784,2.160399560698633,8.67460299654456,,32,3861,47,0.1595744680851064,consolidation,,,,,,,,,,,,,,,,
1520,code_recurrent,0,,,,,,,,,,,,,,,,,,,,,,,,,,,,,,,,,,,0.7148531675338745,0.8600398302078247,1.0,5.848071098327637,0.9085999727249146,1.275947093963623,47,0.4864477643482691,0.15834148286376148,0.00954947892081229,0.10267002100479745,0,6,0,0,0
1540,code_recurrent,0,,,,,,,,,,,,,,,,,,,,,,,,,,,,,,,,,,,0.7475838661193848,0.8642357587814331,1.0,5.848071098327637,0.8567500114440918,1.2965084314346313,47,0.4851749915285244,0.21969815613036708,0.008814016866519869,0.1624386815502057,0,6,0,0,0
1560,code_recurrent,0,,,,,,,,,,,,,,,,,,,,,,,,,,,,,,,,,,,0.7432091236114502,0.8260019421577454,1.0,5.848071098327637,0.8783999681472778,1.256087303161621,47,0.48829214986441166,0.1607775505066716,0.010678591078797739,0.12598133368328923,0,6,0,0,0
1580,code_recurrent,0,,,,,,,,,,,,,,,,,,,,,,,,,,,,,,,,,,,0.804896354675293,0.8740276098251343,1.0,5.848071098327637,0.8715000152587891,1.3349565267562866,47,0.48805661879827816,0.17363784511274258,0.010029388835564965,0.14222281433582779,0,6,0,0,0
1600,code_recurrent,0,,,,,,,,,,,,,,,,,,,,,,,,,,,,,,,,,,,0.706457793712616,0.8551890254020691,1.0,5.848071098327637,0.9085999727249146,1.2668986320495605,47,0.48623047402854874,0.14821632718667388,0.01050150586044534,0.10445334767656667,0,6,0,0,0
1620,code_recurrent,0,,,,,,,,,,,,,,,,,,,,,,,,,,,,,,,,,,,0.7396116852760315,0.8608195781707764,1.0,5.848071098327637,0.8567500114440918,1.2891061305999756,47,0.4861050693793727,0.23772637931896107,0.008639803729463547,0.167237312408785,0,6,0,0,0
1640,code_recurrent,0,,,,,,,,,,,,,,,,,,,,,,,,,,,,,,,,,,,0.7357114553451538,0.8232318758964539,1.0,5.848071098327637,0.8783999681472778,1.2495683431625366,47,0.4891738287697124,0.13967228789780556,0.010020356464554512,0.13096230182028007,0,6,0,0,0
1660,code_recurrent,0,,,,,,,,,,,,,,,,,,,,,,,,,,,,,,,,,,,0.7915905714035034,0.871391773223877,1.0,5.848071098327637,0.8715000152587891,1.3256678581237793,47,0.4886817227950107,0.2042682906612754,0.010324892866247822,0.145991665526988,0,6,0,0,0
1680,code_recurrent,0,,,,,,,,,,,,,,,,,,,,,,,,,,,,,,,,,,,0.7021607160568237,0.8514232635498047,1.0,5.848071098327637,0.9085999727249146,1.2609844207763672,47,0.4859123429250673,0.13915110427894564,0.009987283346708864,0.10865218864221658,0,6,0,0,0
1700,code_recurrent,0,,,,,,,,,,,,,,,,,,,,,,,,,,,,,,,,,,,0.7332257032394409,0.8578321933746338,1.0,5.848071098327637,0.8567500114440918,1.2829258441925049,47,0.4849906073873802,0.2094906295117523,0.009835075574838334,0.17350414931655878,0,6,0,0,0
1720,code_recurrent,0,,,,,,,,,,,,,,,,,,,,,,,,,,,,,,,,,,,0.7301242351531982,0.8200639486312866,1.0,5.848071098327637,0.8783999681472778,1.2436068058013916,47,0.48855522585644495,0.1360248605072099,0.010555165516035189,0.133765590545677,0,6,0,0,0
1740,code_recurrent,0,,,,,,,,,,,,,,,,,,,,,,,,,,,,,,,,,,,0.7787770628929138,0.8689395785331726,1.0,5.848071098327637,0.8715000152587891,1.316808819770813,47,0.490276637759309,0.21736909967980214,0.010035881437435154,0.14821828019820035,0,6,0,0,0
1750,,,,-0.22431346147597298,1.1368556384734292,3.1169521160420155,,32,8415,0.015303892778299133,1.6735295356853401,5.330950410440827,,32,14382,0.7510986328125,0.45673993169044963,1.454246371986789,4.2812557752320055,,-0.10686804076634371,0.8433876741963526,2.3242273801430526,,32,6174,,-0.11188779572568652,2.163212639592034,8.699039694207181,,32,3861,47,0.3723404255319149,consolidation,,,,,,,,,,,,,,,,
1760,code_recurrent,0,,,,,,,,,,,,,,,,,,,,,,,,,,,,,,,,,,,0.6965985298156738,0.8486944437026978,1.0,5.848306655883789,0.9085999727249146,1.255476713180542,47,0.48802707909751364,0.17062010769067065,0.01066012783086903,0.1123200641723261,0,6,0,0,0
1780,code_recurrent,0,,,,,,,,,,,,,,,,,,,,,,,,,,,,,,,,,,,0.7282406091690063,0.8546996116638184,1.0,5.848306655883789,0.8567500114440918,1.2773029804229736,47,0.4858524127827138,0.2250487799714652,0.010443088791650972,0.17914621114494308,0,6,0,0,0
1800,code_recurrent,0,,,,,,,,,,,,,,,,,,,,,,,,,,,,,,,,,,,0.7199029922485352,0.8185153007507324,1.0,5.848306655883789,0.8783999681472778,1.2369499206542969,47,0.49194182468440106,0.1362938805208874,0.011649155923874959,0.13843733503645847,0,6,0,0,0
1820,code_recurrent,0,,,,,,,,,,,,,,,,,,,,,,,,,,,,,,,,,,,0.7674331665039062,0.8660354614257812,1.0,5.848306655883789,0.8715000152587891,1.3082351684570312,47,0.4890968379525854,0.20454943981686874,0.011601185610347856,0.15623537215685088,0,6,0,0,0
1840,code_recurrent,0,,,,,,,,,,,,,,,,,,,,,,,,,,,,,,,,,,,0.6876345276832581,0.8460540771484375,1.0,5.848306655883789,0.9085999727249146,1.248354434967041,47,0.4858486325950457,0.13232736524826447,0.010236045608984395,0.11548863801188648,0,6,0,0,0
1860,code_recurrent,0,,,,,,,,,,,,,,,,,,,,,,,,,,,,,,,,,,,0.721079409122467,0.852751612663269,1.0,5.848306655883789,0.8567500114440918,1.2717742919921875,47,0.4831821280287743,0.2031254017160141,0.010160606126633605,0.18326100326542344,0,6,0,0,0
1880,code_recurrent,0,,,,,,,,,,,,,,,,,,,,,,,,,,,,,,,,,,,0.7105027437210083,0.8161592483520508,1.0,5.848306655883789,0.8783999681472778,1.229893684387207,47,0.484322804880886,0.13686823414172977,0.013019561063542606,0.14309205688713564,0,6,0,0,0
1900,code_recurrent,0,,,,,,,,,,,,,,,,,,,,,,,,,,,,,,,,,,,0.7560383081436157,0.8648212552070618,1.0,5.848306655883789,0.8715000152587891,1.301323413848877,47,0.48452678614638517,0.17841379075045033,0.011918985447476781,0.1578299030809412,0,6,0,0,0
1920,code_recurrent,0,,,,,,,,,,,,,,,,,,,,,,,,,,,,,,,,,,,0.6841965913772583,0.8444441556930542,1.0,5.848306655883789,0.9085999727249146,1.245025634765625,47,0.4825199429597144,0.1502579196073514,0.010459159742227742,0.124360982985014,0,6,0,0,0
1940,code_recurrent,0,,,,,,,,,,,,,,,,,,,,,,,,,,,,,,,,,,,0.7158706188201904,0.8504588603973389,1.0,5.848306655883789,0.8567500114440918,1.2668771743774414,47,0.4826553490099982,0.19735717889021284,0.010822481468748596,0.18750735276511737,0,6,0,0,0
1960,code_recurrent,0,,,,,,,,,,,,,,,,,,,,,,,,,,,,,,,,,,,0.7068952322006226,0.8137317299842834,1.0,5.848306655883789,0.8783999681472778,1.2256624698638916,47,0.488806225008525,0.14494678100371466,0.012449075247988934,0.14563860344803994,0,6,0,0,0
1980,code_recurrent,0,,,,,,,,,,,,,,,,,,,,,,,,,,,,,,,,,,,0.7456101775169373,0.8620996475219727,1.0,5.848306655883789,0.8715000152587891,1.2933878898620605,49,0.4868771700381468,0.19463753851596266,0.013841310687481411,0.16616628408609402,0,6,0,0,0
1999,,,0.125,-0.2268959086209057,1.1342731913284965,3.108913136536571,,32,8415,0.01595803246082328,1.6741836753678643,5.3344387374520394,0.057931513037672966,32,14382,0.7510986328125,0.45673993169044963,1.4536922297561403,4.278884007815676,0.03125,-0.10742138070816121,0.8428343342545351,2.3229416480560188,,32,6174,0.015625,-0.11162271724405537,2.1634777180736653,8.701345928093955,,32,3861,49,0.3673469387755102,,,,,,,,,,,,,,,,,
2000,novel_inject,0,,,,,,,,,,,,,,,,,,,,,,,,,,,,,,,,,,,1.290270209312439,4.254658222198486,1.0,5.848306655883789,0.8246999979019165,4.958276271820068,55,0.06784034741722296,0.15487684824620374,0.014729429959570842,4.908510420814394,0,0,0,6,0
2000,,,,-0.22648881537108223,1.13468028457832,3.110179011735885,,32,8415,0.015512749973382478,1.6737383928804235,5.3320639340703435,,32,14382,0.7510986328125,0.45673993169044963,1.4537342858622717,4.279063964799751,,-0.1077238304699204,0.8425318844927759,2.322239181143814,,32,6174,,-0.11111385382015282,2.163986581497568,8.705774851538491,,32,3861,55,0.06363636363636363,,,,,,,,,,,,,,,,,
2020,novel_inject,0,,,,,,,,,,,,,,,,,,,,,,,,,,,,,,,,,,,1.3939019441604614,2.933502197265625,1.0,5.848306655883789,0.8252000212669373,3.688936233520508,129,0.34904860973294405,-0.5461391473987273,0.36598171691099807,5.502999579717242,28311552,0,4,2,0
2040,novel_inject,0,,,,,,,,,,,,,,,,,,,,,,,,,,,,,,,,,,,1.2280322313308716,2.3737027645111084,1.0,5.848306655883789,0.7865500450134277,3.0462019443511963,210,0.20793143684430163,0.27838491329125,0.11783941920314515,0.9600303024290101,0,4,0,2,0
2060,novel_inject,0,,,,,,,,,,,,,,,,,,,,,,,,,,,,,,,,,,,1.3127347230911255,2.067263126373291,1.0,5.848306655883789,0.8284000158309937,2.782113552093506,275,0.3027084862064565,0.17122343699780426,0.10521236882205047,0.7526516220872363,6291456,5,1,0,0
2080,novel_inject,0,,,,,,,,,,,,,,,,,,,,,,,,,,,,,,,,,,,1.2294061183929443,1.9369338750839233,1.0,5.848306655883789,0.788349986076355,2.6101200580596924,325,0.28335165625871905,-0.07672224130822412,0.08516646616515658,0.7879965783111632,0,5,0,1,0
2100,novel_inject,0,,,,,,,,,,,,,,,,,,,,,,,,,,,,,,,,,,,1.2394951581954956,2.1824791431427,1.0,5.848306655883789,0.7880499958992004,2.8607099056243896,369,0.2735450691531269,0.019294344262951717,0.07273706560215307,1.0248331720157275,0,4,0,2,0
2120,novel_inject,0,,,,,,,,,,,,,,,,,,,,,,,,,,,,,,,,,,,1.3594783544540405,1.9824672937393188,1.0,5.848306655883789,0.7863500118255615,2.720689535140991,422,0.26771977962609017,-0.11170835533370596,0.05729518942830581,0.7120199924187054,0,6,0,0,0
2140,novel_inject,0,,,,,,,,,,,,,,,,,,,,,,,,,,,,,,,,,,,1.1801426410675049,2.0800960063934326,1.0,5.848306655883789,0.824999988079071,2.7286505699157715,472,0.26350687767960396,0.13136849676292123,0.06609323361504173,0.8849439140823152,0,5,0,1,0
2149,,,0.15625,-0.17125635447419985,1.1899127454752023,3.286794407186886,0.05563955414670585,32,8415,-0.0350874485848196,1.6231381943222214,5.0689728040364095,,32,14382,0.7510986328125,0.45673993169044963,1.4818603628801437,4.4011257605970835,0.015625,-0.0851672746851716,0.8650884402775247,2.3752161414630244,,32,6174,0.0,-0.025798363872094665,2.249302071445626,9.48111638482279,,32,3861,487,0.3860369609856263,,,,,,,,,,,,,,,,,
2160,math_recurrent,0,,,,,,,,,,,,,,,,,,,,,,,,,,,,,,,,,,,0.6471611261367798,2.6278393268585205,1.0,5.848306655883789,0.8757500052452087,3.0099029541015625,549,0.3529638859551668,0.7660379566784415,0.9394428629723806,8.39624338225713,28311552,0,4,2,0
2180,math_recurrent,0,,,,,,,,,,,,,,,,,,,,,,,,,,,,,,,,,,,0.7417814135551453,2.2669529914855957,1.0,5.850794792175293,0.8689000010490417,2.6963515281677246,536,0.21653660703308045,0.617796007144664,0.21653040151392658,2.6286107682046436,0,1,0,5,0
2200,math_recurrent,0,,,,,,,,,,,,,,,,,,,,,,,,,,,,,,,,,,,0.5297537446022034,1.817956805229187,1.0,5.851161003112793,0.8999999761581421,2.141345262527466,545,0.21648742100154705,0.27662171819247305,0.08380523762473512,0.6353397726184793,0,5,0,1,1
2220,math_recurrent,0,,,,,,,,,,,,,,,,,,,,,,,,,,,,,,,,,,,0.6832953691482544,1.4647895097732544,1.0,5.852267742156982,0.8944000005722046,1.864959955215454,535,0.3945534489527849,0.26872188355108456,0.03352242996029201,0.4509679491439509,6291456,4,1,1,1
2240,math_recurrent,0,,,,,,,,,,,,,,,,,,,,,,,,,,,,,,,,,,,0.42026934027671814,1.347876787185669,1.0,5.852782726287842,0.8757500052452087,1.6165392398834229,534,0.4132936432212107,0.43216747883707285,0.029619147049795302,0.15655386105534577,22020096,3,3,0,0
2250,,,,-0.10176055418616325,1.259408545763239,3.5233369783969084,,32,8415,-0.009687902996692976,1.648537739910348,5.199371432472596,,32,14382,0.7510986328125,0.4495682748807531,1.4425425698910677,4.231440885355244,,-0.27276813740632966,0.6774875775563667,1.9689247421221419,,32,6174,,-0.09036401898340385,2.184736416334317,8.888305432453139,,32,3861,534,0.014044943820224719,consolidation,,,,,,,,,,,,,,,,
2260,math_recurrent,0,,,,,,,,,,,,,,,,,,,,,,,,,,,,,,,,,,,0.49784043431282043,1.573125958442688,1.0,5.851519584655762,0.8689000010490417,1.880561351776123,534,0.24341708301947684,0.007829942382938628,0.018292657195013905,0.2818188205775288,0,6,0,0,0
2280,math_recurrent,0,,,,,,,,,,,,,,,,,,,,,,,,,,,,,,,,,,,0.3791116178035736,1.5858855247497559,1.0,5.851519584655762,0.8999999761581421,1.8339564800262451,541,0.29447931658077436,0.13496044813239547,0.025315973999363087,0.31423637557124334,0,5,0,1,1
2300,math_recurrent,0,,,,,,,,,,,,,,,,,,,,,,,,,,,,,,,,,,,0.48825132846832275,1.3362882137298584,1.0,5.852749824523926,0.8944000005722046,1.6389412879943848,533,0.40901717973789375,0.185841826331203,0.01929176191148895,0.24342933610554726,0,6,0,0,0
2320,math_recurrent,0,,,,,,,,,,,,,,,,,,,,,,,,,,,,,,,,,,,0.32612189650535583,1.2802101373672485,1.0,5.852749824523926,0.8757500052452087,1.5017985105514526,538,0.41802462259355344,0.28245701301576837,0.017826986142493312,0.09256730745176947,0,6,0,0,0
2340,math_recurrent,0,,,,,,,,,,,,,,,,,,,,,,,,,,,,,,,,,,,0.46360743045806885,1.5129122734069824,1.0,5.852749824523926,0.8689000010490417,1.8032433986663818,538,0.29214949509044885,-0.0008557315263065643,0.016429330431856216,0.24528434111012354,6291456,5,1,0,0
2360,math_recurrent,0,,,,,,,,,,,,,,,,,,,,,,,,,,,,,,,,,,,0.3674933910369873,1.534155249595642,1.0,5.852749824523926,0.8999999761581421,1.7764294147491455,538,0.3819038208710296,0.23954988650179335,0.016234941702587383,0.22470807825170813,0,6,0,0,0
2380,math_recurrent,0,,,,,,,,,,,,,,,,,,,,,,,,,,,,,,,,,,,0.4473196864128113,1.2985541820526123,1.0,5.852749824523926,0.8944000005722046,1.58074152469635,538,0.43126136526276987,0.2233256636120911,0.017946844103021754,0.20581238537080707,0,6,0,0,0
2400,math_recurrent,0,,,,,,,,,,,,,,,,,,,,,,,,,,,,,,,,,,,0.3155691921710968,1.2514595985412598,1.0,5.852749824523926,0.8757500052452087,1.4677716493606567,538,0.44074019968444683,0.28390292786726995,0.016653838604023415,0.09295269006508447,0,6,0,0,0
2420,math_recurrent,0,,,,,,,,,,,,,,,,,,,,,,,,,,,,,,,,,,,0.44114407896995544,1.477182149887085,1.0,5.852749824523926,0.8689000010490417,1.7562816143035889,540,0.3326842127222482,0.15002028486092708,0.017775310679442352,0.23048598315152855,6291456,5,1,0,0
2440,math_recurrent,0,,,,,,,,,,,,,,,,,,,,,,,,,,,,,,,,,,,0.3461780846118927,1.508460283279419,1.0,5.852749824523926,0.8999999761581421,1.7400767803192139,540,0.42010662338517096,0.25787313412209706,0.016591252314872924,0.2106630363989444,0,6,0,0,0
2460,math_recurrent,0,,,,,,,,,,,,,,,,,,,,,,,,,,,,,,,,,,,0.4181152284145355,1.2704490423202515,1.0,5.852749824523926,0.8944000005722046,1.5380340814590454,540,0.44204783838301326,0.19578695929210102,0.016838474422028023,0.18871362398541164,0,6,0,0,0
2480,math_recurrent,0,,,,,,,,,,,,,,,,,,,,,,,,,,,,,,,,,,,0.30679699778556824,1.2322925329208374,1.0,5.852749824523926,0.8757500052452087,1.4442185163497925,540,0.45282369072105977,0.31407269003934096,0.015973649899076136,0.09104777352943542,0,6,0,0,0
2500,math_recurrent,6,,,,,,,,,,,,,,,,,,,,,,,,,,,,,,,,,,,0.41849419474601746,1.4512193202972412,1.0,5.852749824523926,0.8689000010490417,1.718993902206421,540,0.3695954222647102,0.016129091648118838,0.015527185493533218,0.22193189389294102,0,6,0,0,0
2500,,,,-0.07879855178044237,1.2823705481689598,3.6051758469311768,,32,8415,0.0032155537303573123,1.6614411966373983,5.266896010095666,,32,14382,0.7510986328125,0.4451903518365354,1.4505195011661987,4.265329783498505,,-0.30527774129904006,0.6449779736636563,1.9059450478228996,,32,6174,,-0.06181214912294042,2.2132882861947802,9.145740814802801,,32,3861,540,0.001851851851851852,consolidation,,,,,,,,,,,,,,,,
2520,math_recurrent,0,,,,,,,,,,,,,,,,,,,,,,,,,,,,,,,,,,,0.3308902382850647,1.481461763381958,1.0,5.8536505699157715,0.8999999761581421,1.7054433822631836,540,0.43955503613040287,0.20590958734309034,0.016630477018447384,0.20185584189991154,0,6,0,0,0
2540,math_recurrent,0,,,,,,,,,,,,,,,,,,,,,,,,,,,,,,,,,,,0.3970789611339569,1.2486062049865723,1.0,5.8536505699157715,0.8944000005722046,1.5056822299957275,540,0.454050114040891,0.22658049165537314,0.0165749876844948,0.19179801301114144,0,6,0,0,0
2560,math_recurrent,0,,,,,,,,,,,,,,,,,,,,,,,,,,,,,,,,,,,0.2975737154483795,1.2154111862182617,1.0,5.8536505699157715,0.8757500052452087,1.4227346181869507,540,0.46094351232267405,0.287815919960849,0.016011068005380887,0.09496542346915082,0,6,0,0,0
2580,math_recurrent,0,,,,,,,,,,,,,,,,,,,,,,,,,,,,,,,,,,,0.39512377977371216,1.429983139038086,1.0,5.8536505699157715,0.8689000010490417,1.6860815286636353,540,0.387254708237967,0.09621471996485655,0.01452823364996307,0.20880046701502233,0,6,0,0,0
2600,math_recurrent,0,,,,,,,,,,,,,,,,,,,,,,,,,,,,,,,,,,,0.3197370767593384,1.4665439128875732,1.0,5.853947162628174,0.8999999761581421,1.684951901435852,536,0.4514095641031778,0.20145659384849882,0.015856163168237323,0.21957763837325195,0,6,0,0,0
2620,math_recurrent,0,,,,,,,,,,,,,,,,,,,,,,,,,,,,,,,,,,,0.37714824080467224,1.228737235069275,1.0,5.853947162628174,0.8944000005722046,1.4758508205413818,536,0.4596793261082879,0.2145285670391916,0.01593749565589759,0.18322312448705946,0,6,0,0,0
2640,math_recurrent,0,,,,,,,,,,,,,,,,,,,,,,,,,,,,,,,,,,,0.29283708333969116,1.2044302225112915,1.0,5.853947162628174,0.8757500052452087,1.4093883037567139,537,0.4612971209882485,0.25213289530282573,0.016154669394849667,0.09140274003148079,0,6,0,0,0
2660,math_recurrent,0,,,,,,,,,,,,,,,,,,,,,,,,,,,,,,,,,,,0.37877023220062256,1.4102561473846436,1.0,5.853947162628174,0.8689000010490417,1.658180832862854,537,0.4094945866870642,0.04855615455640613,0.015159640892867058,0.20031640280688565,0,6,0,0,0
2680,math_recurrent,0,,,,,,,,,,,,,,,,,,,,,,,,,,,,,,,,,,,0.30914759635925293,1.452172040939331,1.0,5.854114532470703,0.8999999761581421,1.6652870178222656,534,0.4656663308404459,0.2566935260547325,0.015497965863092789,0.20657530207009542,0,6,0,0,0
2700,math_recurrent,0,,,,,,,,,,,,,,,,,,,,,,,,,,,,,,,,,,,0.36638763546943665,1.2156331539154053,1.0,5.854114532470703,0.8944000005722046,1.4573681354522705,534,0.4662696023469394,0.20824365160660818,0.016538275449743702,0.18233989564672348,0,6,0,0,0
2720,math_recurrent,0,,,,,,,,,,,,,,,,,,,,,,,,,,,,,,,,,,,0.28641167283058167,1.1951004266738892,1.0,5.854114532470703,0.8757500052452087,1.3968474864959717,534,0.47185356611344736,0.293847413567294,0.016290232888422906,0.0925811393482108,0,6,0,0,0
2740,math_recurrent,0,,,,,,,,,,,,,,,,,,,,,,,,,,,,,,,,,,,0.3689897060394287,1.3979367017745972,1.0,5.854114532470703,0.8689000010490417,1.6409727334976196,535,0.42735164355900723,0.057588367855974605,0.015071362845732697,0.19763064929062413,0,6,0,0,0
2750,,,,-0.07181479895461984,1.2893543009947823,3.630441626228394,,32,8415,0.00772278485585276,1.6659484277628938,5.290688707039928,,32,14382,0.7510986328125,0.4432984176947146,1.4537421810483155,4.279097748939213,,-0.3158028382949162,0.6344528766677802,1.8859899899995505,,32,6174,,-0.049887316549914296,2.2252131187678064,9.255455104919696,,32,3861,535,0.0,consolidation,,,,,,,,,,,,,,,,
2760,math_recurrent,0,,,,,,,,,,,,,,,,,,,,,,,,,,,,,,,,,,,0.3030132055282593,1.4402692317962646,1.0,5.853155136108398,0.8999999761581421,1.6503074169158936,535,0.4637283728212322,0.1596777739468962,0.015623469097125862,0.20897782851779273,0,6,0,0,0
2780,math_recurrent,0,,,,,,,,,,,,,,,,,,,,,,,,,,,,,,,,,,,0.3560306429862976,1.2049312591552734,1.0,5.853155136108398,0.8944000005722046,1.4414781332015991,535,0.4683206134342955,0.16294124168676458,0.01750337208569464,0.1795411243295622,0,6,0,0,0
2800,math_recurrent,0,,,,,,,,,,,,,,,,,,,,,,,,,,,,,,,,,,,0.285112202167511,1.1862902641296387,1.0,5.853155136108398,0.8757500052452087,1.3873778581619263,535,0.4721091301636875,0.2530822219559923,0.01783025637564678,0.09369726709962364,0,6,0,0,0
2820,math_recurrent,0,,,,,,,,,,,,,,,,,,,,,,,,,,,,,,,,,,,0.35818520188331604,1.388343334197998,1.0,5.853155136108398,0.8689000010490417,1.6259675025939941,535,0.43829526151234977,0.04383184719232044,0.01733733109301991,0.19901268329648744,0,6,0,0,0
2840,math_recurrent,0,,,,,,,,,,,,,,,,,,,,,,,,,,,,,,,,,,,0.2958802580833435,1.43013334274292,1.0,5.853155136108398,0.8999999761581421,1.6366050243377686,538,0.4750900773901015,0.2830804057053423,0.015207726529814185,0.2129422761736408,0,6,0,0,0
2860,math_recurrent,0,,,,,,,,,,,,,,,,,,,,,,,,,,,,,,,,,,,0.34689363837242126,1.1960229873657227,1.0,5.853155136108398,0.8944000005722046,1.4280012845993042,538,0.4768485447800694,0.19265603915222787,0.01671054119628573,0.18543444955573668,0,6,0,0,0
2880,math_recurrent,0,,,,,,,,,,,,,,,,,,,,,,,,,,,,,,,,,,,0.28191590309143066,1.179673194885254,1.0,5.853155136108398,0.8757500052452087,1.3791626691818237,538,0.48078936457733173,0.2932643531489053,0.016779918239880648,0.0947635576956802,0,6,0,0,0
2900,math_recurrent,0,,,,,,,,,,,,,,,,,,,,,,,,,,,,,,,,,,,0.35210391879081726,1.3804508447647095,1.0,5.853155136108398,0.8689000010490417,1.6150343418121338,538,0.449501069765802,0.14487511532830208,0.0164447436245927,0.203062868632731,0,6,0,0,0
2920,math_recurrent,0,,,,,,,,,,,,,,,,,,,,,,,,,,,,,,,,,,,0.28859958052635193,1.4221913814544678,1.0,5.853155136108398,0.8999999761581421,1.6250226497650146,538,0.4769689697537713,0.21228704895890718,0.0176363052112893,0.21520901632214348,0,6,0,0,0
2940,math_recurrent,0,,,,,,,,,,,,,,,,,,,,,,,,,,,,,,,,,,,0.34039807319641113,1.1878890991210938,1.0,5.853155136108398,0.8944000005722046,1.4166196584701538,540,0.4772391340926295,0.19764130061957985,0.01600254171838363,0.186968682945839,0,6,0,0,0
2960,math_recurrent,0,,,,,,,,,,,,,,,,,,,,,,,,,,,,,,,,,,,0.27640268206596375,1.1741405725479126,1.0,5.853155136108398,0.8757500052452087,1.3708734512329102,541,0.4823094225120088,0.2866690805447953,0.01864248916565899,0.09655459201820786,0,6,0,0,0
2980,math_recurrent,0,,,,,,,,,,,,,,,,,,,,,,,,,,,,,,,,,,,0.33916109800338745,1.3735345602035522,1.0,5.853155136108398,0.8689000010490417,1.6016466617584229,548,0.4564321304990527,0.0972726957884983,0.019340097011318284,0.21730217357121764,0,6,0,0,0
3000,math_recurrent,2,,,,,,,,,,,,,,,,,,,,,,,,,,,,,,,,,,,0.2813851833343506,1.4106162786483765,1.0,5.853155136108398,0.8999999761581421,1.6098403930664062,550,0.477681891274137,0.17969870642991737,0.020587727893143892,0.21463195333286883,0,6,0,0,0
3000,,,,-0.06375030318116837,1.2974187967682338,3.6598376802386694,,32,8415,0.012654579957259937,1.670880222864301,5.3168457472525175,,32,14382,0.7510986328125,0.4432987809992161,1.4574600125331059,4.295036323384726,,-0.32364804311442763,0.6266076718482687,1.8712518995004164,,32,6174,,-0.04016707666610042,2.2349333586516202,9.345859010797122,,32,3861,550,0.024545454545454544,consolidation,,,,,,,,,,,,,,,,
3020,math_recurrent,0,,,,,,,,,,,,,,,,,,,,,,,,,,,,,,,,,,,0.33291497826576233,1.1783710718154907,1.0,5.853352069854736,0.8944000005722046,1.4033621549606323,550,0.4785348478883459,0.2027000753982325,0.016526008488255597,0.19350943348651367,0,6,0,0,0
3040,math_recurrent,0,,,,,,,,,,,,,,,,,,,,,,,,,,,,,,,,,,,0.27275341749191284,1.1671260595321655,1.0,5.853352069854736,0.8757500052452087,1.3620363473892212,550,0.4830840085518307,0.26793844557999236,0.0199860256098743,0.09595263718316951,0,6,0,0,0
3060,math_recurrent,0,,,,,,,,,,,,,,,,,,,,,,,,,,,,,,,,,,,0.3321893811225891,1.3659507036209106,1.0,5.853352069854736,0.8689000010490417,1.5905789136886597,552,0.46243974593868337,0.17868637772127322,0.01843871221737197,0.21274845377202073,0,6,0,0,0
3080,math_recurrent,0,,,,,,,,,,,,,,,,,,,,,,,,,,,,,,,,,,,0.277201384305954,1.401940107345581,1.0,5.853352069854736,0.8999999761581421,1.599074363708496,552,0.4788024423929746,0.13155477775892774,0.020939801437484605,0.21557804958687887,0,6,0,0,0
3100,math_recurrent,0,,,,,,,,,,,,,,,,,,,,,,,,,,,,,,,,,,,0.3265143036842346,1.1710093021392822,1.0,5.853352069854736,0.8944000005722046,1.392799973487854,552,0.47737750684283997,0.15782589140248351,0.01745850547320313,0.19765699800281297,0,6,0,0,0
3120,math_recurrent,0,,,,,,,,,,,,,,,,,,,,,,,,,,,,,,,,,,,0.26894715428352356,1.1624600887298584,1.0,5.853352069854736,0.8757500052452087,1.3554672002792358,552,0.4802958166298496,0.2609565500003685,0.017168475727048067,0.09685307909985856,0,6,0,0,0
3140,math_recurrent,0,,,,,,,,,,,,,,,,,,,,,,,,,,,,,,,,,,,0.3243146538734436,1.3578389883041382,1.0,5.853352069854736,0.8689000010490417,1.5785298347473145,552,0.46833167607584214,0.14530253302655183,0.015498574401458933,0.1945691227558113,0,6,0,0,0
3160,math_recurrent,0,,,,,,,,,,,,,,,,,,,,,,,,,,,,,,,,,,,0.2726328670978546,1.3966386318206787,1.0,5.853352069854736,0.8999999761581421,1.5914885997772217,552,0.6706050090607337,0.22650151410406189,0.01524637449710142,0.21473014252999473,0,6,0,0,0
3180,math_recurrent,0,,,,,,,,,,,,,,,,,,,,,,,,,,,,,,,,,,,0.3239726424217224,1.1644994020462036,1.0,5.853352069854736,0.8944000005722046,1.385019302368164,552,0.6678721401378968,0.19903104482883854,0.018248199394327543,0.21336574430858332,0,6,0,0,0
3200,math_recurrent,0,,,,,,,,,,,,,,,,,,,,,,,,,,,,,,,,,,,0.2666930854320526,1.1588548421859741,1.0,5.853352069854736,0.8757500052452087,1.3507349491119385,553,0.6705212023355346,0.2752760500547343,0.018501809434521763,0.09839153112400145,0,6,0,0,0
3220,math_recurrent,0,,,,,,,,,,,,,,,,,,,,,,,,,,,,,,,,,,,0.3148367404937744,1.3523231744766235,1.0,5.853352069854736,0.8689000010490417,1.5682750940322876,553,0.6382887952742073,0.17211917567016957,0.018616330350143095,0.1938817663857388,0,6,0,0,0
3240,math_recurrent,0,,,,,,,,,,,,,,,,,,,,,,,,,,,,,,,,,,,0.26744261384010315,1.3923461437225342,1.0,5.853551387786865,0.8999999761581421,1.584602952003479,551,0.6314060319223515,0.19442144013841503,0.016948684279452123,0.21215910542578922,0,6,0,0,0
3250,,,,-0.05806737164266762,1.3031017283067345,3.680695497857469,,32,8415,0.01780784499776189,1.6760334879048029,5.3443155814446435,,32,14382,0.7510986328125,0.442676103033987,1.462116976339231,4.315084798366786,,-0.3255161029604363,0.62473961200226,1.8677595519379055,,32,6174,,-0.03050735817459449,2.244593077143126,9.43657481708736,,32,3861,551,0.041742286751361164,consolidation,,,,,,,,,,,,,,,,
3260,math_recurrent,0,,,,,,,,,,,,,,,,,,,,,,,,,,,,,,,,,,,0.31388434767723083,1.1586415767669678,1.0,5.854096412658691,0.8944000005722046,1.3741246461868286,551,0.6113076562082552,0.17533753956169157,0.01705292283173,0.20332100825413826,0,6,0,0,0
3280,math_recurrent,0,,,,,,,,,,,,,,,,,,,,,,,,,,,,,,,,,,,0.26503753662109375,1.1550220251083374,1.0,5.854096412658691,0.8757500052452087,1.3460817337036133,551,0.6024024402230687,0.2725571889313869,0.01892413118787642,0.10193738541491922,0,6,0,0,0
3300,math_recurrent,0,,,,,,,,,,,,,,,,,,,,,,,,,,,,,,,,,,,0.30688199400901794,1.351223111152649,1.0,5.854096412658691,0.8689000010490417,1.5632050037384033,551,0.569218974100286,0.21123953329931414,0.01767155139463111,0.20815118812024594,6291456,5,1,0,0
3320,math_recurrent,0,,,,,,,,,,,,,,,,,,,,,,,,,,,,,,,,,,,0.2655724287033081,1.384293556213379,1.0,5.854096412658691,0.8999999761581421,1.5756207704544067,551,0.5665221711601405,0.22414776035085587,0.01695447057773847,0.22319487694000442,0,6,0,0,0
3340,math_recurrent,0,,,,,,,,,,,,,,,,,,,,,,,,,,,,,,,,,,,0.3082693815231323,1.1516412496566772,1.0,5.854096412658691,0.8944000005722046,1.3643168210983276,560,0.5399712430160964,0.11382719119137619,0.03833171928316237,0.20038893264200955,0,6,0,0,0
3360,math_recurrent,0,,,,,,,,,,,,,,,,,,,,,,,,,,,,,,,,,,,0.2602597177028656,1.1504971981048584,1.0,5.854096412658691,0.8757500052452087,1.3391679525375366,564,0.5365308843358895,0.258031315619259,0.028651667453555598,0.10019138942043933,0,6,0,0,0
3380,math_recurrent,0,,,,,,,,,,,,,,,,,,,,,,,,,,,,,,,,,,,0.3023068606853485,1.3369042873382568,1.0,5.854388236999512,0.8689000010490417,1.54660165309906,563,0.5136087794659636,0.09877803098684776,0.015444325283908891,0.18280389112612558,0,6,0,0,0
3400,math_recurrent,0,,,,,,,,,,,,,,,,,,,,,,,,,,,,,,,,,,,0.26203417778015137,1.3810698986053467,1.0,5.854388236999512,0.8999999761581421,1.5706309080123901,563,0.5205360688644375,0.23253431101329625,0.016382791626725405,0.20805815937263625,0,6,0,0,0
3420,math_recurrent,0,,,,,,,,,,,,,,,,,,,,,,,,,,,,,,,,,,,0.30862554907798767,1.1478618383407593,1.0,5.854626178741455,0.8944000005722046,1.3607208728790283,568,0.5095180742208444,0.14697166321067406,0.022511999692679162,0.2459976259116379,0,6,0,0,0
3440,math_recurrent,0,,,,,,,,,,,,,,,,,,,,,,,,,,,,,,,,,,,0.25849002599716187,1.1471103429794312,1.0,5.854626178741455,0.8757500052452087,1.3349016904830933,568,0.5077690610284404,0.24599965689412784,0.01794837781242908,0.10182606856383028,0,6,0,0,0
3460,math_recurrent,0,,,,,,,,,,,,,,,,,,,,,,,,,,,,,,,,,,,0.3019023835659027,1.333804726600647,1.0,5.854727745056152,0.8689000010490417,1.54330313205719,575,0.49091960556902325,0.1447185509688487,0.02106106229170802,0.19945546647031157,0,6,0,0,0
3480,math_recurrent,0,,,,,,,,,,,,,,,,,,,,,,,,,,,,,,,,,,,0.259700208902359,1.3767940998077393,1.0,5.854727745056152,0.8999999761581421,1.5651915073394775,575,0.5033238311480294,0.23329871989387488,0.01718872964995662,0.21348040206801325,0,6,0,0,0
3500,math_recurrent,3,,,,,,,,,,,,,,,,,,,,,,,,,,,,,,,,,,,0.298766165971756,1.1418635845184326,1.0,5.854727745056152,0.8944000005722046,1.3497939109802246,575,0.49709090212922924,0.1824614386797683,0.01684667882842145,0.2008408188405964,0,6,0,0,0
3500,,,,-0.0553401337304571,1.305828966218945,3.6907473308021603,,32,8415,0.021319195584649897,1.679544838491691,5.363114332285403,,32,14382,0.7510986328125,0.4389108670812075,1.462502141793526,4.316747140081221,,-0.3301378898262244,0.620117825136472,1.8591470832005994,,32,6174,,-0.030583497990724684,2.244516937326996,9.435856345368387,,32,3861,575,0.021739130434782608,consolidation,,,,,,,,,,,,,,,,
3520,math_recurrent,0,,,,,,,,,,,,,,,,,,,,,,,,,,,,,,,,,,,0.2590857744216919,1.144377589225769,1.0,5.854989528656006,0.8757500052452087,1.332470417022705,575,0.49764080656519905,0.24737285300424056,0.01853801953155429,0.1029666084264006,0,6,0,0,0
3540,math_recurrent,0,,,,,,,,,,,,,,,,,,,,,,,,,,,,,,,,,,,0.3001615107059479,1.3291993141174316,1.0,5.854989528656006,0.8689000010490417,1.5378299951553345,576,0.4814514482525625,0.07238512173145344,0.018337961101520157,0.2159623726847626,0,6,0,0,0
3560,math_recurrent,0,,,,,,,,,,,,,,,,,,,,,,,,,,,,,,,,,,,0.25515639781951904,1.3730794191360474,1.0,5.854989528656006,0.8999999761581421,1.5592074394226074,576,0.49383708278642197,0.26866061782597433,0.018048941885446392,0.20725806208238715,0,6,0,0,0
3580,math_recurrent,0,,,,,,,,,,,,,,,,,,,,,,,,,,,,,,,,,,,0.291890412569046,1.1385886669158936,1.0,5.854989528656006,0.8944000005722046,1.3430837392807007,581,0.4901872438704175,0.20644825874894326,0.01869361283560653,0.2170611018847142,0,6,0,0,0
3600,math_recurrent,0,,,,,,,,,,,,,,,,,,,,,,,,,,,,,,,,,,,0.25690773129463196,1.1419037580490112,1.0,5.854989528656006,0.8757500052452087,1.3289074897766113,581,0.49429844565666947,0.2675308948549043,0.02124981732950324,0.10435959935809176,0,6,0,0,0
3620,math_recurrent,0,,,,,,,,,,,,,,,,,,,,,,,,,,,,,,,,,,,0.2914665639400482,1.3211389780044556,1.0,5.855284690856934,0.8689000010490417,1.5254250764846802,581,0.47757549219570083,0.15197050704487733,0.018528354482444387,0.1791753954948887,0,6,0,0,0
3640,math_recurrent,0,,,,,,,,,,,,,,,,,,,,,,,,,,,,,,,,,,,0.25116899609565735,1.370111346244812,1.0,5.855496883392334,0.8999999761581421,1.5542508363723755,578,0.4909809578072867,0.2280740701161059,0.01805211787503804,0.21142648516429796,0,6,0,0,0
3649,,,0.09375,-0.05519013158352837,1.3059789683658738,3.6913009923497246,0.17170577703737733,32,8415,0.021110533607004323,1.6793361765140453,5.361995370988888,0.056197982191823925,32,14382,0.7510986328125,0.4381325390874123,1.4613876060527298,4.31193865122372,0.046875,-0.3333388249156619,0.6169168900470344,1.8532055883083378,,32,6174,0.015625,-0.03178204603375523,2.2433183892839654,9.424553792890432,,32,3861,578,0.04325259515570934,,,,,,,,,,,,,,,,,
3660,medical_recurrent,0,,,,,,,,,,,,,,,,,,,,,,,,,,,,,,,,,,,1.1718181371688843,2.578066825866699,1.0,5.855496883392334,0.6283000111579895,3.2225308418273926,628,0.3437821245845862,0.6748641390087349,0.46179169013150156,2.445892467763689,44040192,0,6,0,0
3680,medical_recurrent,0,,,,,,,,,,,,,,,,,,,,,,,,,,,,,,,,,,,1.2240465879440308,1.6048322916030884,1.0,5.856754302978516,0.5972999930381775,2.275423049926758,681,0.16958742284843464,0.1278803658580208,0.14649232207013974,1.520131924393631,0,0,0,6,0
3700,medical_recurrent,0,,,,,,,,,,,,,,,,,,,,,,,,,,,,,,,,,,,1.074040412902832,1.4849778413772583,1.0,5.859137535095215,0.5471500158309937,2.0805892944335938,682,0.3664219525846632,0.23403240291268698,0.08942334855655355,0.6733812241327195,0,6,0,0,1
3720,medical_recurrent,0,,,,,,,,,,,,,,,,,,,,,,,,,,,,,,,,,,,1.12400221824646,1.640540599822998,1.0,5.861027240753174,0.5892499685287476,2.2611520290374756,703,0.3295043440990813,0.1372806573469591,0.07161245851940105,0.8561400416824553,0,6,0,0,1
3740,medical_recurrent,0,,,,,,,,,,,,,,,,,,,,,,,,,,,,,,,,,,,0.6245162487030029,1.6718027591705322,1.0,5.862185955047607,0.6283000111579895,2.042682647705078,717,0.37583105064453237,0.18576475846514637,0.06779714849674039,0.48713821649314865,0,6,0,0,0
3750,,,,-0.0448521215718769,1.3163169783775253,3.7296596333426812,,32,8415,0.030482871859681238,1.6887085147667222,5.412486043551786,,32,14382,0.7510986328125,0.41964335019896626,1.3492409269349195,3.8544985739036415,,-0.29971949877304893,0.6505362161896474,1.9165682484531947,,32,6174,,-0.533698436911938,1.7414019984057827,5.705336691033226,,32,3861,700,0.05714285714285714,,,,,,,,,,,,,,,,,
3760,medical_recurrent,0,,,,,,,,,,,,,,,,,,,,,,,,,,,,,,,,,,,0.5784667730331421,1.3390793800354004,1.0,5.863758563995361,0.5972999930381775,1.686950445175171,711,0.21892425173952973,0.07938850348624069,0.05220103348117499,1.4711067209168085,0,0,0,6,0
3780,medical_recurrent,0,,,,,,,,,,,,,,,,,,,,,,,,,,,,,,,,,,,0.7886844277381897,1.3282400369644165,1.0,5.865115642547607,0.5471500158309937,1.7812334299087524,698,0.3927256107736423,0.167475741789011,0.05370582743355679,0.41002685418204654,0,6,0,0,0
3800,medical_recurrent,0,,,,,,,,,,,,,,,,,,,,,,,,,,,,,,,,,,,0.8686578869819641,1.5222502946853638,1.0,5.865475177764893,0.5892499685287476,2.0152339935302734,700,0.3922679081272279,0.1465058168084527,0.04432319570480594,0.5090567983686924,0,6,0,0,0
3820,medical_recurrent,0,,,,,,,,,,,,,,,,,,,,,,,,,,,,,,,,,,,0.5055882334709167,1.572173833847046,1.0,5.866060733795166,0.6283000111579895,1.8836286067962646,703,0.3990318102439586,0.20006484706287406,0.045837376253413296,0.2927874915656589,0,6,0,0,0
3840,medical_recurrent,0,,,,,,,,,,,,,,,,,,,,,,,,,,,,,,,,,,,0.487021267414093,1.245547890663147,1.0,5.866344928741455,0.5972999930381775,1.5477219820022583,709,0.2710419054248735,0.09173731659705352,0.03865503694950825,0.44272401067945694,0,6,0,0,0
3860,medical_recurrent,0,,,,,,,,,,,,,,,,,,,,,,,,,,,,,,,,,,,0.6990740299224854,1.2720423936843872,1.0,5.866868019104004,0.5471500158309937,1.6802481412887573,703,0.4141008407501099,0.13601186760102532,0.04343812393231524,0.34712799800530314,0,6,0,0,0
3880,medical_recurrent,0,,,,,,,,,,,,,,,,,,,,,,,,,,,,,,,,,,,0.7392673492431641,1.473511815071106,1.0,5.867036819458008,0.5892499685287476,1.9018158912658691,710,0.4153203217378296,0.06920823638626773,0.03278250563150597,0.4585377404022784,0,5,0,1,0
3900,medical_recurrent,0,,,,,,,,,,,,,,,,,,,,,,,,,,,,,,,,,,,0.46812230348587036,1.5184680223464966,1.0,5.867696762084961,0.6283000111579895,1.8112061023712158,702,0.4179958713242907,0.11272356161498465,0.02929529194897484,0.23228967428089134,0,6,0,0,0
3920,medical_recurrent,0,,,,,,,,,,,,,,,,,,,,,,,,,,,,,,,,,,,0.3872969448566437,1.1919379234313965,1.0,5.867889881134033,0.5972999930381775,1.4442652463912964,705,0.317252364139366,0.12344050420506392,0.031042112232673735,0.33932143402478054,0,6,0,0,0
3940,medical_recurrent,0,,,,,,,,,,,,,,,,,,,,,,,,,,,,,,,,,,,0.6417752504348755,1.2347335815429688,1.0,5.868031978607178,0.5471500158309937,1.6143014430999756,712,0.43658501357432733,0.16876644977102323,0.03966126479651956,0.3089071658809507,0,6,0,0,0
3960,medical_recurrent,0,,,,,,,,,,,,,,,,,,,,,,,,,,,,,,,,,,,0.6737746596336365,1.4396554231643677,1.0,5.868031978607178,0.5892499685287476,1.8352230787277222,726,0.4320617922429862,0.13564253845418403,0.028251360099585284,0.3740877647485052,0,6,0,0,0
3980,medical_recurrent,0,,,,,,,,,,,,,,,,,,,,,,,,,,,,,,,,,,,0.4314946234226227,1.4871708154678345,1.0,5.8684258460998535,0.6283000111579895,1.7616024017333984,733,0.43100390786025333,0.1553451496708606,0.03997341256795658,0.20954141593168654,0,6,0,0,0
4000,medical_recurrent,0,,,,,,,,,,,,,,,,,,,,,,,,,,,,,,,,,,,0.35132670402526855,1.1709022521972656,1.0,5.868468761444092,0.5972999930381775,1.4052503108978271,746,0.34406231342404164,0.09176608697868817,0.0379943309913552,0.2679949195257255,0,6,0,0,0
4000,,,,-0.041616409673481236,1.319552690275921,3.74174728292474,,32,8415,0.04666386809738299,1.704889511004424,5.500777858213571,,32,14382,0.7510986328125,0.40881067392777426,1.3401051574679206,3.819445127427648,,-0.28361637522033545,0.6666393397423609,1.9476808162012074,,32,6174,,-0.6057613464687441,1.6693390888489765,5.308658086179226,,32,3861,746,0.010723860589812333,,,,,,,,,,,,,,,,,
4020,medical_recurrent,0,,,,,,,,,,,,,,,,,,,,,,,,,,,,,,,,,,,0.6008111834526062,1.2096961736679077,1.0,5.868678569793701,0.5471500158309937,1.5687885284423828,752,0.445699639636364,0.202350456217703,0.02909071147146206,0.27795620671813454,0,6,0,0,0
4040,medical_recurrent,0,,,,,,,,,,,,,,,,,,,,,,,,,,,,,,,,,,,0.6209017038345337,1.414275050163269,1.0,5.86894416809082,0.5892499685287476,1.78341543674469,762,0.4423808339354643,0.09356122195354796,0.03527159857608023,0.33121886453221716,0,6,0,0,0
4060,medical_recurrent,0,,,,,,,,,,,,,,,,,,,,,,,,,,,,,,,,,,,0.4014475643634796,1.4613224267959595,1.0,5.869460582733154,0.6283000111579895,1.720740795135498,765,0.4377941670490588,0.15166441119176202,0.025110579214044033,0.19422426031577208,0,6,0,0,0
4080,medical_recurrent,0,,,,,,,,,,,,,,,,,,,,,,,,,,,,,,,,,,,0.33596205711364746,1.1481921672821045,1.0,5.869460582733154,0.5972999930381775,1.3748677968978882,786,0.3739637081940576,0.13544029734995483,0.034707879456913185,0.2446635205298662,0,6,0,0,0
4100,medical_recurrent,0,,,,,,,,,,,,,,,,,,,,,,,,,,,,,,,,,,,0.5672028064727783,1.1898716688156128,1.0,5.869732856750488,0.5471500158309937,1.5321704149246216,792,0.45594085540201046,0.159018882874599,0.04018083325779391,0.2610932666985762,0,6,0,0,0
4120,medical_recurrent,0,,,,,,,,,,,,,,,,,,,,,,,,,,,,,,,,,,,0.5838291645050049,1.3922672271728516,1.0,5.86991024017334,0.5892499685287476,1.742880940437317,798,0.4492747246999276,0.10803676585367482,0.03683192567042415,0.3033891320287708,0,6,0,0,0
4140,medical_recurrent,0,,,,,,,,,,,,,,,,,,,,,,,,,,,,,,,,,,,0.3825836479663849,1.4431365728378296,1.0,5.86991024017334,0.6283000111579895,1.6931275129318237,810,0.44874376166071117,0.20003617160754011,0.03582160285274898,0.1773574326364767,0,6,0,0,0
4160,medical_recurrent,0,,,,,,,,,,,,,,,,,,,,,,,,,,,,,,,,,,,0.32072535157203674,1.1303080320358276,1.0,5.86991024017334,0.5972999930381775,1.3493698835372925,826,0.386803736111664,0.0772406385762484,0.038153702280824146,0.23104463994266494,0,6,0,0,0
4180,medical_recurrent,0,,,,,,,,,,,,,,,,,,,,,,,,,,,,,,,,,,,0.5472714900970459,1.173509955406189,1.0,5.86991024017334,0.5471500158309937,1.5058448314666748,841,0.451772804881398,0.13951965772139374,0.04156982772022722,0.24340466921409917,0,6,0,0,0
4200,medical_recurrent,0,,,,,,,,,,,,,,,,,,,,,,,,,,,,,,,,,,,0.5481333136558533,1.3766138553619385,1.0,5.870051860809326,0.5892499685287476,1.709381103515625,858,0.45171153115926693,0.14574131220745454,0.03055786417191109,0.2800706145900583,0,6,0,0,0
4220,medical_recurrent,0,,,,,,,,,,,,,,,,,,,,,,,,,,,,,,,,,,,0.3637503683567047,1.428260326385498,1.0,5.870203495025635,0.6283000111579895,1.668837547302246,863,0.4507228141592449,0.18287856597453356,0.025419226405580364,0.16426113114234,0,6,0,0,0
4240,medical_recurrent,0,,,,,,,,,,,,,,,,,,,,,,,,,,,,,,,,,,,0.31102991104125977,1.1159923076629639,1.0,5.870631694793701,0.5972999930381775,1.3302135467529297,864,0.400552676916989,0.08585729473062591,0.019525401804241397,0.21402834128765832,0,6,0,0,0
4250,,,,-0.03962627553684839,1.3215428244125538,3.74920127668665,,32,8415,0.053805634932663216,1.7120312778397042,5.5402037487726545,,32,14382,0.7510986328125,0.40627089000883554,1.3332846430939338,3.7934831845820094,,-0.27654479644350294,0.6737109185191934,1.9615028085791657,,32,6174,,-0.6492468837134366,1.625853551604284,5.082755580364906,,32,3861,862,0.09048723897911833,,,,,,,,,,,,,,,,,
4260,medical_recurrent,0,,,,,,,,,,,,,,,,,,,,,,,,,,,,,,,,,,,0.527702271938324,1.1608994007110596,1.0,5.870798587799072,0.5471500158309937,1.4834585189819336,863,0.455018621630301,0.07183063558581385,0.03149062187543937,0.22796505986461565,0,6,0,0,0
4280,medical_recurrent,0,,,,,,,,,,,,,,,,,,,,,,,,,,,,,,,,,,,0.5269883871078491,1.3631064891815186,1.0,5.870939254760742,0.5892499685287476,1.6853101253509521,873,0.45245523584498326,0.11875185315355859,0.021168334261765558,0.26438520138580646,0,6,0,0,0
4300,medical_recurrent,0,,,,,,,,,,,,,,,,,,,,,,,,,,,,,,,,,,,0.35546043515205383,1.412401556968689,1.0,5.870939254760742,0.6283000111579895,1.648841142654419,893,0.4556109540326737,0.16616964441657597,0.03287814734355798,0.15602934167439503,0,6,0,0,0
4320,medical_recurrent,0,,,,,,,,,,,,,,,,,,,,,,,,,,,,,,,,,,,0.30724844336509705,1.103051781654358,1.0,5.8713812828063965,0.5972999930381775,1.3153897523880005,888,0.4186025767518946,0.07373503753582814,0.025016213941668707,0.21915780846916494,0,6,0,0,0
4340,medical_recurrent,0,,,,,,,,,,,,,,,,,,,,,,,,,,,,,,,,,,,0.5060024261474609,1.1490525007247925,1.0,5.8715972900390625,0.5471500158309937,1.4607696533203125,891,0.4616221161028436,0.1337913366608388,0.02842913209165018,0.21008471161245354,0,6,0,0,0
4360,medical_recurrent,0,,,,,,,,,,,,,,,,,,,,,,,,,,,,,,,,,,,0.5049704909324646,1.3497343063354492,1.0,5.871913433074951,0.5892499685287476,1.6609387397766113,897,0.45544661008018744,0.042790774713336886,0.028718495021559414,0.25490116256451795,0,6,0,0,0
4380,medical_recurrent,0,,,,,,,,,,,,,,,,,,,,,,,,,,,,,,,,,,,0.3432295024394989,1.4026260375976562,1.0,5.872180461883545,0.6283000111579895,1.6329625844955444,903,0.4626121205516811,0.19990522259779805,0.029899420648340197,0.1563364367399897,0,6,0,0,0
4400,medical_recurrent,0,,,,,,,,,,,,,,,,,,,,,,,,,,,,,,,,,,,0.2992289364337921,1.0937193632125854,1.0,5.872328758239746,0.5972999930381775,1.302057147026062,909,0.4250994413910529,0.10845809185411781,0.029951638667031176,0.21124121178946798,0,6,0,0,0
4420,medical_recurrent,0,,,,,,,,,,,,,,,,,,,,,,,,,,,,,,,,,,,0.5058802366256714,1.1370829343795776,1.0,5.872500896453857,0.5471500158309937,1.448747992515564,919,0.461450714662378,0.13271368318237364,0.03467312668051038,0.21117305568168088,0,6,0,0,0
4440,medical_recurrent,0,,,,,,,,,,,,,,,,,,,,,,,,,,,,,,,,,,,0.4900228977203369,1.3403240442276,1.0,5.8728742599487305,0.5892499685287476,1.64406418800354,929,0.45973429465420124,0.1126491385324958,0.025260924487300808,0.24971281899701037,0,6,0,0,0
4460,medical_recurrent,0,,,,,,,,,,,,,,,,,,,,,,,,,,,,,,,,,,,0.33778172731399536,1.3879979848861694,1.0,5.8732523918151855,0.6283000111579895,1.6156213283538818,934,0.4599013158866111,0.08161647313474012,0.030671078828533017,0.14129497160809854,0,6,0,0,0
4480,medical_recurrent,0,,,,,,,,,,,,,,,,,,,,,,,,,,,,,,,,,,,0.2934715747833252,1.0841165781021118,1.0,5.873734474182129,0.5972999930381775,1.289589762687683,933,0.4485650034708532,0.060496457276583114,0.03414008132078582,0.20259142215881082,0,6,0,0,0
4500,medical_recurrent,0,,,,,,,,,,,,,,,,,,,,,,,,,,,,,,,,,,,0.4917553961277008,1.1291041374206543,1.0,5.873867988586426,0.5471500158309937,1.433720588684082,938,0.46992454031757375,0.07534269386087544,0.03060929620756753,0.20938251692033003,0,6,0,0,0
4500,,,,-0.0396960398446784,1.3214730601047238,3.7489397253782455,,32,8415,0.060482750315607126,1.7187083932226481,5.5773201056478205,,32,14382,0.7510986328125,0.40170516448767,1.3341256760746418,3.796674971062714,,-0.2694024869760031,0.6808532279866932,1.975562618647804,,32,6174,,-0.6596324123332182,1.6154680229845024,5.0302416413345,,32,3861,938,0.11673773987206823,,,,,,,,,,,,,,,,,
4520,medical_recurrent,0,,,,,,,,,,,,,,,,,,,,,,,,,,,,,,,,,,,0.47864654660224915,1.3297802209854126,1.0,5.874224662780762,0.5892499685287476,1.6278457641601562,939,0.4650729660459064,0.11292824357951758,0.03276851967361475,0.24504256666534477,0,6,0,0,0
4540,medical_recurrent,0,,,,,,,,,,,,,,,,,,,,,,,,,,,,,,,,,,,0.32709139585494995,1.384432315826416,1.0,5.874388217926025,0.6283000111579895,1.6067218780517578,960,0.4630930004010984,0.14155974644901498,0.03449199286599954,0.14473833048509227,0,6,0,0,0
4560,medical_recurrent,0,,,,,,,,,,,,,,,,,,,,,,,,,,,,,,,,,,,0.28042325377464294,1.0772770643234253,1.0,5.8745503425598145,0.5972999930381775,1.2762341499328613,965,0.44530857093965925,0.08109085778206852,0.019412516946682615,0.18455665880252445,0,6,0,0,0
4580,medical_recurrent,0,,,,,,,,,,,,,,,,,,,,,,,,,,,,,,,,,,,0.47861239314079285,1.1208373308181763,1.0,5.874832630157471,0.5471500158309937,1.4188919067382812,965,0.4647469130394197,0.0920980404230899,0.03469515808281444,0.19823047127870339,0,6,0,0,0
4600,medical_recurrent,0,,,,,,,,,,,,,,,,,,,,,,,,,,,,,,,,,,,0.4569203853607178,1.3257485628128052,1.0,5.875119686126709,0.5892499685287476,1.6129599809646606,966,0.4629587636700912,0.06821360903060329,0.026661645815456433,0.23572810198816044,0,6,0,0,0
4620,medical_recurrent,0,,,,,,,,,,,,,,,,,,,,,,,,,,,,,,,,,,,0.3190622925758362,1.3814077377319336,1.0,5.875349521636963,0.6283000111579895,1.5996923446655273,968,0.46992979066564794,0.2490248947204756,0.018537295451905165,0.15102832143505412,0,6,0,0,0
4640,medical_recurrent,0,,,,,,,,,,,,,,,,,,,,,,,,,,,,,,,,,,,0.2760183811187744,1.0735998153686523,1.0,5.875349521636963,0.5972999930381775,1.2703624963760376,986,0.4507739639500925,0.10262790690675112,0.031715067632732886,0.19219357334668677,0,6,0,0,0
4660,medical_recurrent,0,,,,,,,,,,,,,,,,,,,,,,,,,,,,,,,,,,,0.46014654636383057,1.1161706447601318,1.0,5.875349521636963,0.5471500158309937,1.4049973487854004,1000,0.47793211500696353,0.13948880924726836,0.0308671950037399,0.1945861163297816,0,6,0,0,0
4680,medical_recurrent,0,,,,,,,,,,,,,,,,,,,,,,,,,,,,,,,,,,,0.43824222683906555,1.3181846141815186,1.0,5.875591278076172,0.5892499685287476,1.5960615873336792,1000,0.5052881951473186,0.09996140608356134,0.027816589657099,0.226119587724171,0,6,0,0,0
4700,medical_recurrent,0,,,,,,,,,,,,,,,,,,,,,,,,,,,,,,,,,,,0.31915438175201416,1.3727447986602783,1.0,5.8758111000061035,0.6283000111579895,1.5910800695419312,994,0.5180396307757331,0.25287304955002454,0.027047284844789715,0.1485946845056282,0,6,0,0,0
4720,medical_recurrent,0,,,,,,,,,,,,,,,,,,,,,,,,,,,,,,,,,,,0.2639669179916382,1.0682246685028076,1.0,5.875926494598389,0.5972999930381775,1.258967399597168,994,0.5075018142860447,0.1294303089962341,0.037028237921555365,0.1866895040467618,0,6,0,0,0
4740,medical_recurrent,0,,,,,,,,,,,,,,,,,,,,,,,,,,,,,,,,,,,0.44874221086502075,1.112372636795044,1.0,5.876055717468262,0.5471500158309937,1.3955042362213135,1000,0.5094840374570035,0.10046463679464068,0.02653212069666811,0.1946214424889712,0,6,0,0,0
4750,,,,-0.04144525374958219,1.31972384619982,3.7423877599471003,,32,8415,0.06241527563208349,1.7206409185391245,5.588108839342895,,32,14382,0.7510986328125,0.4014656170695817,1.329566166545408,3.7794034002204,,-0.26649157515149846,0.6837641398111979,1.9813216852354132,,32,6174,,-0.6809646736862316,1.594135761631489,4.924071661016356,,32,3861,1000,0.0315,,,,,,,,,,,,,,,,,
4760,medical_recurrent,0,,,,,,,,,,,,,,,,,,,,,,,,,,,,,,,,,,,0.42600566148757935,1.3121740818023682,1.0,5.876364231109619,0.5892499685287476,1.5839405059814453,999,0.5178798024150214,0.05161399946830768,0.02908750491305476,0.22144339838553043,0,6,0,0,0
4780,medical_recurrent,0,,,,,,,,,,,,,,,,,,,,,,,,,,,,,,,,,,,0.31043925881385803,1.3643544912338257,1.0,5.876864910125732,0.6283000111579895,1.5783427953720093,994,0.5131335401216172,0.15779311044856772,0.028784562245987,0.14839630726547468,0,6,0,0,0
4800,medical_recurrent,0,,,,,,,,,,,,,,,,,,,,,,,,,,,,,,,,,,,0.25658926367759705,1.064079761505127,1.0,5.877050876617432,0.5972999930381775,1.2511448860168457,1000,0.49843606079339453,0.134800516651012,0.026611812081601884,0.18376321042222638,0,6,0,0,0
4820,medical_recurrent,0,,,,,,,,,,,,,,,,,,,,,,,,,,,,,,,,,,,0.4439014494419098,1.1076346635818481,1.0,5.877389907836914,0.5471500158309937,1.3883593082427979,997,0.5177850611223438,0.23121190167564368,0.03079157432556034,0.19835222722400747,0,6,0,0,0
4840,medical_recurrent,0,,,,,,,,,,,,,,,,,,,,,,,,,,,,,,,,,,,0.4180070757865906,1.3038372993469238,1.0,5.877754211425781,0.5892499685287476,1.5716184377670288,998,0.5070700498532263,0.05073607532540336,0.02763711493905811,0.22623600470759567,0,6,0,0,0
4860,medical_recurrent,0,,,,,,,,,,,,,,,,,,,,,,,,,,,,,,,,,,,0.30347752571105957,1.358923077583313,1.0,5.877754211425781,0.6283000111579895,1.56943941116333,1000,0.5034293043570207,0.13338806153374858,0.03392772628437905,0.15215110997595485,0,6,0,0,0
4880,medical_recurrent,0,,,,,,,,,,,,,,,,,,,,,,,,,,,,,,,,,,,0.25760382413864136,1.0552747249603271,1.0,5.8780837059021,0.5972999930381775,1.2428574562072754,994,0.4913117250862204,0.1634470689459704,0.024047754575601883,0.17749308396781246,0,6,0,0,0
4900,medical_recurrent,0,,,,,,,,,,,,,,,,,,,,,,,,,,,,,,,,,,,0.4390799105167389,1.102432131767273,1.0,5.878267765045166,0.5471500158309937,1.380754828453064,999,0.5122226798952287,0.18180551608592005,0.029953091162892558,0.19739085906554782,0,6,0,0,0
4920,medical_recurrent,0,,,,,,,,,,,,,,,,,,,,,,,,,,,,,,,,,,,0.4068410396575928,1.2972339391708374,1.0,5.878267765045166,0.5892499685287476,1.5594371557235718,1000,0.5000625690676503,0.12806800864304282,0.024880652105258333,0.22687423994971648,0,6,0,0,0
4940,medical_recurrent,0,,,,,,,,,,,,,,,,,,,,,,,,,,,,,,,,,,,0.2980138659477234,1.3523035049438477,1.0,5.878246784210205,0.6283000111579895,1.5600929260253906,1000,0.4985046961274532,0.1556465563563896,0.025593604687010014,0.14757588771541438,0,6,0,0,0
4949,,,0.09375,-0.03624577287117514,1.324923327078227,3.7618969083146574,0.19065013574973055,32,8415,0.0690051118449928,1.7272307547520338,5.625055162741699,0.10409256042981241,32,14382,0.7510986328125,0.3995144383436968,1.3339260750388071,3.7959172264315844,0.0,-0.25782231416445855,0.6924334007982378,1.9985729498369356,0.07551651075120336,32,6174,0.0,-0.683983617790991,1.5911168175267296,4.909228580392637,,32,3861,996,0.1290160642570281,,,,,,,,,,,,,,,,,
4950,,,,-0.037411475450739085,1.323757624498663,3.757514210342038,,32,8415,0.06923318522610722,1.7274588281331482,5.626338234403305,,32,14382,0.7510986328125,0.3995144383436968,1.3335315091886406,3.7944197825635095,,-0.2577743505558845,0.6924813644068119,1.9986688109065114,,32,6174,,-0.6846722156017813,1.5904282197159394,4.905849259969363,,32,3861,1000,0.023,,,,,,,,,,,,,,,,,
4960,code_revisit,0,,,,,,,,,,,,,,,,,,,,,,,,,,,,,,,,,,,0.7034888863563538,1.2613201141357422,1.0,5.87864351272583,0.8968499898910522,1.6718509197235107,992,0.4830186038446929,0.4371591978041189,0.26140009245524803,0.3511233981166567,44040192,0,6,0,1
4980,code_revisit,0,,,,,,,,,,,,,,,,,,,,,,,,,,,,,,,,,,,0.9056196808815002,1.1484984159469604,1.0,5.878994941711426,0.8968000411987305,1.6600981950759888,988,0.48518069784124307,0.3345196375490299,0.05808005025166841,0.3312676573142646,15728640,4,2,0,0
5000,code_revisit,3,,,,,,,,,,,,,,,,,,,,,,,,,,,,,,,,,,,0.8776834607124329,0.9740210771560669,1.0,5.878994941711426,0.8841999769210815,1.4716527462005615,988,0.4764594644431795,0.22353113670500793,0.028866479493721963,0.3575647753500749,0,6,0,0,0
5000,,,,-0.16461986013628938,1.1965492398131128,3.3086797402799464,,32,8415,0.03125403166447205,1.689479674571513,5.416661545015084,,32,14382,0.7510986328125,0.4152879779841624,1.3002284006008065,3.6701348328977486,,-0.26040616049363374,0.6898495544690626,1.993415610212751,,32,6174,,-0.6500653017681828,1.6250351335495379,5.078597463201249,,32,3861,988,0.08653846153846154,consolidation,,,,,,,,,,,,,,,,
5020,code_revisit,0,,,,,,,,,,,,,,,,,,,,,,,,,,,,,,,,,,,0.7970100045204163,0.9846341013908386,1.0,5.8701677322387695,0.9069499969482422,1.4418407678604126,988,0.4730330491449589,0.19183097522181924,0.02742914281718965,0.8849511306644195,0,6,0,0,0
5040,code_revisit,0,,,,,,,,,,,,,,,,,,,,,,,,,,,,,,,,,,,0.6140986084938049,0.9888948798179626,1.0,5.8701677322387695,0.8968499898910522,1.354645848274231,988,0.47388484912215184,0.2518860547404204,0.02240687181567034,0.15750522222517738,0,6,0,0,0
5050,,,,-0.17776259333337974,1.1834065066160224,3.2654791539487023,,32,8415,0.02864392359753065,1.6868695665045716,5.402541907925912,,32,14382,0.7510986328125,0.4152879779841624,1.2956064268728695,3.6532107076818243,,-0.2627300488589688,0.6875256661037276,1.988788513379518,,32,6174,,-0.6504764670505638,1.6246239682671568,5.076509749468308,,32,3861,988,0.07489878542510121,,,,,,,,,,,,,,,,,
5060,code_revisit,0,,,,,,,,,,,,,,,,,,,,,,,,,,,,,,,,,,,0.8486225008964539,1.0659477710723877,1.0,5.8701677322387695,0.8968000411987305,1.5489606857299805,988,0.47521702043057534,0.14750534600378679,0.024262458474804013,0.23502295633984938,0,6,0,0,0
5080,code_revisit,0,,,,,,,,,,,,,,,,,,,,,,,,,,,,,,,,,,,0.8430068492889404,0.9308059215545654,1.0,5.8701677322387695,0.8841999769210815,1.411010980606079,988,0.47410811370461803,0.19431243324652314,0.020706994624231898,0.2997231933894375,0,6,0,0,0
5100,code_revisit,0,,,,,,,,,,,,,,,,,,,,,,,,,,,,,,,,,,,0.7640824317932129,0.9513644576072693,1.0,5.8701677322387695,0.9069499969482422,1.392107367515564,988,0.4760831781648453,0.16556061643807748,0.02036004099913592,0.41000404308830934,0,6,0,0,0
5100,,,,-0.18183566188075617,1.179333438068646,3.25220568374209,,32,8415,0.02762838551172897,1.68585402841877,5.397058205783748,,32,14382,0.7510986328125,0.4152879779841624,1.2943681386227592,3.6486897794711495,,-0.2628737073675266,0.6873820075951698,1.9885028275089434,,32,6174,,-0.6501973549092692,1.6249030804084514,5.077926862732344,,32,3861,988,0.03744939271255061,,,,,,,,,,,,,,,,,
5120,code_revisit,0,,,,,,,,,,,,,,,,,,,,,,,,,,,,,,,,,,,0.6063625812530518,0.9617377519607544,1.0,5.8701677322387695,0.8968499898910522,1.3236206769943237,988,0.47812396764794485,0.23026745690731332,0.021067054789247256,0.15386798081269104,0,6,0,0,0
5140,code_revisit,0,,,,,,,,,,,,,,,,,,,,,,,,,,,,,,,,,,,0.8366031646728516,1.0429819822311401,1.0,5.8701677322387695,0.8968000411987305,1.5199851989746094,988,0.4781929608509599,0.1620694260387349,0.022933776460824506,0.2391438936193784,0,6,0,0,0
5150,,,,-0.18544002539758808,1.175729074551814,3.2405046522795975,,32,8415,0.027554881902617012,1.685780524809658,5.396661517106239,,32,14382,0.7510986328125,0.4152879779841624,1.293710216752682,3.6462900161830465,,-0.2622732614134753,0.687982453549221,1.9896971745208725,,32,6174,,-0.6497516212176859,1.6253488141000347,5.080190770330923,,32,3861,988,0.03289473684210526,,,,,,,,,,,,,,,,,
5160,code_revisit,0,,,,,,,,,,,,,,,,,,,,,,,,,,,,,,,,,,,0.8130361437797546,0.9129824638366699,1.0,5.8701677322387695,0.8841999769210815,1.378202199935913,988,0.4752026245031704,0.21319036658055016,0.021630443341749173,0.2758864857729465,0,6,0,0,0
5180,code_revisit,0,,,,,,,,,,,,,,,,,,,,,,,,,,,,,,,,,,,0.7361447215080261,0.935011625289917,1.0,5.8701677322387695,0.9069499969482422,1.361785650253296,988,0.47207601266109794,0.18363262475135603,0.02312053828315425,0.36692751408628527,0,6,0,0,0
5200,code_revisit,0,,,,,,,,,,,,,,,,,,,,,,,,,,,,,,,,,,,0.6036874651908875,0.9445698857307434,1.0,5.8701677322387695,0.8968499898910522,1.3051152229309082,988,0.4769535612254344,0.21993185168996984,0.01958614640965289,0.15396593446946807,0,6,0,0,0
5200,,,,-0.18790226265991716,1.173266837289485,3.23253557588055,,32,8415,0.026218601566845523,1.6844442444738865,5.389454880557843,,32,14382,0.7510986328125,0.4152879779841624,1.2926767659898097,3.642523701469784,,-0.26237438116638945,0.6878813337963069,1.9894959870063982,,32,6174,,-0.6499857869181602,1.6251146483995604,5.079001303172285,,32,3861,988,0.040991902834008095,,,,,,,,,,,,,,,,,
5220,code_revisit,0,,,,,,,,,,,,,,,,,,,,,,,,,,,,,,,,,,,0.8245831727981567,1.0287106037139893,1.0,5.8701677322387695,0.8968000411987305,1.4997037649154663,988,0.479626617383952,0.1429577918731541,0.020885673686788075,0.23176956019172118,0,6,0,0,0
5240,code_revisit,0,,,,,,,,,,,,,,,,,,,,,,,,,,,,,,,,,,,0.7961698770523071,0.8995795249938965,1.0,5.8701677322387695,0.8841999769210815,1.3563660383224487,988,0.47692922512712427,0.17489410987972015,0.0217531273226505,0.2880769747797222,0,6,0,0,0
5250,,,,-0.18994280610563363,1.1712262938437685,3.22594617186715,,32,8415,0.027293842237692933,1.685519485144734,5.39525295824497,,32,14382,0.7510986328125,0.4225401845919031,1.292886276750135,3.643286929329415,,-0.26210006402463326,0.6881556509380631,1.9900418147206156,,32,6174,,-0.6484567582437457,1.626643677073975,5.086773182000841,,32,3861,988,0.03744939271255061,consolidation,,,,,,,,,,,,,,,,
5260,code_revisit,0,,,,,,,,,,,,,,,,,,,,,,,,,,,,,,,,,,,0.7242011427879333,0.9207990169525146,1.0,5.865915298461914,0.9069499969482422,1.341558814048767,988,0.4785985444418451,0.17640684380395605,0.020417461413077063,0.3871186657882636,0,6,0,0,0
5280,code_revisit,0,,,,,,,,,,,,,,,,,,,,,,,,,,,,,,,,,,,0.5965209007263184,0.9316086173057556,1.0,5.865915298461914,0.8968499898910522,1.288528323173523,988,0.48069747607638613,0.21954022305518656,0.018668025636690712,0.15371861475564183,0,6,0,0,0
5300,code_revisit,0,,,,,,,,,,,,,,,,,,,,,,,,,,,,,,,,,,,0.8162760734558105,1.0178778171539307,1.0,5.865915298461914,0.8968000411987305,1.4846750497817993,988,0.47911946367935726,0.13560325069037,0.02089168621848027,0.2321499738280499,0,6,0,0,0
5300,,,,-0.19179668279184314,1.169372417157559,3.2199712056047454,,32,8415,0.026954639208298437,1.6851802821153394,5.393423182447474,,32,14382,0.7510986328125,0.4225401845919031,1.2922290268890444,3.6408931662376007,,-0.2626288920341666,0.6876268229285297,1.9889897030864188,,32,6174,,-0.6483638499629711,1.6267365853547495,5.0872458073069335,,32,3861,988,0.038461538461538464,,,,,,,,,,,,,,,,,
5320,code_revisit,0,,,,,,,,,,,,,,,,,,,,,,,,,,,,,,,,,,,0.7877322435379028,0.8893964290618896,1.0,5.865915298461914,0.8841999769210815,1.3419216871261597,988,0.5149071928316192,0.1880390448329438,0.023544786563364877,0.31706862896385174,0,6,0,0,0
5340,code_revisit,0,,,,,,,,,,,,,,,,,,,,,,,,,,,,,,,,,,,0.7161989212036133,0.9103472232818604,1.0,5.865915298461914,0.9069499969482422,1.3271058797836304,988,0.5155795770854762,0.2043873299844563,0.01992277122945303,0.33790471832016633,0,6,0,0,0
5350,,,,-0.19368459845467556,1.1674845014947266,3.2138979062741644,,32,8415,0.026676259142287106,1.684901902049328,5.391921969909435,,32,14382,0.7510986328125,0.4225401845919031,1.2917887136419717,3.6392903856339904,,-0.26145287536284967,0.6888028395998467,1.991330164077157,,32,6174,,-0.6491348238937351,1.6259656114239855,5.083325184953127,,32,3861,988,0.02327935222672065,,,,,,,,,,,,,,,,,
5360,code_revisit,0,,,,,,,,,,,,,,,,,,,,,,,,,,,,,,,,,,,0.5935149788856506,0.9217678308486938,1.0,5.865915298461914,0.8968499898910522,1.2771844863891602,988,0.5073663439577293,0.22006137718147198,0.020485713179518895,0.15617124987766148,0,6,0,0,0
5380,code_revisit,0,,,,,,,,,,,,,,,,,,,,,,,,,,,,,,,,,,,0.8080629110336304,1.0079383850097656,1.0,5.865915298461914,0.8968000411987305,1.470629096031189,988,0.5116028875467354,0.142061813825941,0.019241319798923556,0.2180371528166154,0,6,0,0,0
5399,,,0.078125,-0.19448073552041567,1.1666883644289865,3.2113402212944777,,32,8415,0.025829227655989273,1.6840548705630303,5.387356775933727,0.060916676240808876,32,14382,0.7510986328125,0.4225401845919031,1.2913670629189955,3.6377561996798065,0.078125,-0.2613732671907584,0.688882447771938,1.9914886965417056,0.07196555772490354,32,6174,0.015625,-0.6492578664056938,1.6258425689120268,5.082699758331088,0.03472575138529721,32,3861,988,0.08502024291497975,,,,,,,,,,,,,,,,,
5400,mixed_tail,0,,,,,,,,,,,,,,,,,,,,,,,,,,,,,,,,,,,0.9029901623725891,1.9513766765594482,1.0,5.865915298461914,0.6410499811172485,2.461530923843384,993,0.2381339717898054,0.04880267190414348,0.01912720986671509,1.812011632843623,0,1,0,5,0
5420,mixed_tail,0,,,,,,,,,,,,,,,,,,,,,,,,,,,,,,,,,,,1.1476397514343262,3.732384204864502,1.0,5.866247177124023,0.7836500406265259,4.364866256713867,999,0.32769136444976726,0.5312949071771332,0.11864971456871856,4.458393446036747,9437184,0,1,5,0
5440,mixed_tail,0,,,,,,,,,,,,,,,,,,,,,,,,,,,,,,,,,,,0.45584744215011597,1.6028063297271729,1.0,5.8663105964660645,0.8948500156402588,1.8893932104110718,995,0.44532437805414876,0.0833685189136304,0.13033036238824328,0.5473740160228714,0,6,0,0,0
5460,mixed_tail,0,,,,,,,,,,,,,,,,,,,,,,,,,,,,,,,,,,,1.250316858291626,2.5441734790802,1.0,5.866437911987305,0.7942500114440918,3.227996349334717,999,0.36770663111976093,0.41577527086649624,0.08570885064582977,1.8863039301028326,0,2,0,4,0
5480,mixed_tail,0,,,,,,,,,,,,,,,,,,,,,,,,,,,,,,,,,,,0.8736355304718018,1.1504087448120117,1.0,5.866592884063721,0.8691499829292297,1.6458923816680908,999,0.49252792865629325,0.1914164823579735,0.12283086094946141,0.5851601525254193,0,6,0,0,0
5500,mixed_tail,0,,,,,,,,,,,,,,,,,,,,,,,,,,,,,,,,,,,1.3862793445587158,2.386376142501831,1.0,5.866960525512695,0.805649995803833,3.138185501098633,1000,0.4317274950896531,0.11400710391795396,0.10404555511527827,1.3262640053554187,0,6,0,0,0
5500,,,,-0.20766457225053858,1.1535045276988636,3.1692803009072663,,32,8415,-0.002668214961627502,1.6555574279454135,5.2359978003451335,,32,14382,0.7510986328125,0.4120022520727041,1.2577044573484706,3.5173380135056913,,-0.32694096838651754,0.6233147465761788,1.865100141029382,,32,6174,,-0.6766593081442938,1.598441127173427,4.94531729175727,,32,3861,1000,0.223,,,,,,,,,,,,,,,,,
5520,mixed_tail,0,,,,,,,,,,,,,,,,,,,,,,,,,,,,,,,,,,,0.7311332821846008,1.6086748838424683,1.0,5.8672308921813965,0.8253499865531921,2.0329136848449707,995,0.44927737011903235,0.1447463352399479,0.05927887216121668,1.1935448947998266,0,6,0,0,0
5540,mixed_tail,0,,,,,,,,,,,,,,,,,,,,,,,,,,,,,,,,,,,0.5932433605194092,1.4477263689041138,1.0,5.867616176605225,0.887499988079071,1.803024172782898,1000,0.4609023829806203,0.16764051232686533,0.0892780607773198,0.7626212695288279,9437184,5,1,0,0
5560,mixed_tail,0,,,,,,,,,,,,,,,,,,,,,,,,,,,,,,,,,,,0.5148488283157349,1.5453071594238281,1.0,5.869296073913574,0.903249979019165,1.861424446105957,993,0.3737265572209258,0.145828637365152,0.07921735277428987,0.8651430573846612,0,4,0,2,0
5580,mixed_tail,0,,,,,,,,,,,,,,,,,,,,,,,,,,,,,,,,,,,0.4991065263748169,1.498597264289856,1.0,5.8707380294799805,0.8596999645233154,1.806857943534851,994,0.4008693687070248,0.10061629064148292,0.06646833898913529,0.6442963820483003,0,6,0,0,0
5600,mixed_tail,0,,,,,,,,,,,,,,,,,,,,,,,,,,,,,,,,,,,1.227278232574463,2.208606481552124,1.0,5.871346473693848,0.7904000282287598,2.8809590339660645,1000,0.4559290727171757,0.06308566748754986,0.08777349180142793,1.1861964811644856,0,6,0,0,0
5620,mixed_tail,0,,,,,,,,,,,,,,,,,,,,,,,,,,,,,,,,,,,0.5659220814704895,1.5144469738006592,1.0,5.871346473693848,0.8739500045776367,1.8561214208602905,1000,0.436071585841335,0.012545151162027781,0.06851203669128673,0.5768270771773089,0,6,0,0,0
5640,mixed_tail,0,,,,,,,,,,,,,,,,,,,,,,,,,,,,,,,,,,,0.42192158102989197,1.2784756422042847,1.0,5.8714704513549805,0.8897500038146973,1.5481511354446411,1000,0.24577574826916687,0.173267120395654,0.0547755677814758,0.4710602707333035,0,6,0,0,0
5660,mixed_tail,0,,,,,,,,,,,,,,,,,,,,,,,,,,,,,,,,,,,0.5299745202064514,1.2202227115631104,1.0,5.871840000152588,0.8600499629974365,1.5439283847808838,996,0.3363932902642421,-0.0638296543724469,0.1446192608052303,0.397848361931623,0,6,0,0,0
5680,mixed_tail,0,,,,,,,,,,,,,,,,,,,,,,,,,,,,,,,,,,,0.9792439341545105,0.8940111994743347,1.0,5.872524261474609,0.8509500026702881,1.442358374595642,985,0.45981983693843825,0.21044671454001218,0.059233991266597834,0.3781253731144326,0,6,0,0,0
5700,mixed_tail,0,,,,,,,,,,,,,,,,,,,,,,,,,,,,,,,,,,,0.4808429777622223,1.2341703176498413,1.0,5.873037815093994,0.8881499767303467,1.5333222150802612,988,0.4412050934796717,0.04571073845415542,0.07694820436161189,0.47837938969688754,0,6,0,0,0
5720,mixed_tail,0,,,,,,,,,,,,,,,,,,,,,,,,,,,,,,,,,,,1.3070646524429321,2.6194677352905273,1.0,5.873160362243652,0.7861499786376953,3.3317315578460693,1000,0.3578075684084912,0.35885402297468055,0.08916072275134779,1.786391878364578,0,2,0,4,0
5740,mixed_tail,0,,,,,,,,,,,,,,,,,,,,,,,,,,,,,,,,,,,0.5497601628303528,1.4167921543121338,1.0,5.873404026031494,0.8856499791145325,1.750406265258789,995,0.45121836383197034,0.21776630225940607,0.05355334480899194,0.621273892278236,0,6,0,0,0
5750,,,,-0.21405395943000793,1.1471151405193942,3.1490950961990647,,32,8415,0.013120878026243732,1.6713465209332847,5.319325560278626,,32,14382,0.7510986328125,0.390020617011453,1.2523453082827996,3.498538494483608,,-0.33991452023401436,0.610341194728682,1.8410594514114331,,32,6174,,-0.6945220583678837,1.580578376949837,4.857764617967365,,32,3861,983,0.13275686673448628,,,,,,,,,,,,,,,,,
5760,mixed_tail,0,,,,,,,,,,,,,,,,,,,,,,,,,,,,,,,,,,,0.44689956307411194,1.2018736600875854,1.0,5.874030113220215,0.9077000021934509,1.484063744544983,992,0.4282691914820577,0.23563360644454537,0.06037998404797344,0.3931745718455031,0,6,0,0,0
5780,mixed_tail,0,,,,,,,,,,,,,,,,,,,,,,,,,,,,,,,,,,,0.46147674322128296,1.733838677406311,1.0,5.874493598937988,0.9188500046730042,2.023322105407715,995,0.44200247828830924,0.10300294922490139,0.05690246403276448,0.5309438303112983,0,6,0,0,1
5800,mixed_tail,0,,,,,,,,,,,,,,,,,,,,,,,,,,,,,,,,,,,1.018615484237671,1.0143110752105713,1.0,5.874962329864502,0.8548499941825867,1.5823684930801392,995,0.4447447724210525,0.10058330971930575,0.07864721614778751,0.6932740211013764,0,6,0,0,0
5820,mixed_tail,0,,,,,,,,,,,,,,,,,,,,,,,,,,,,,,,,,,,1.3315614461898804,2.135622501373291,1.0,5.875405311584473,0.7840999960899353,2.8601572513580322,989,0.35582685820833326,0.1056375929620117,0.07230147919839337,0.9902809544451653,0,4,0,2,1
5840,mixed_tail,0,,,,,,,,,,,,,,,,,,,,,,,,,,,,,,,,,,,0.4889703094959259,1.4408493041992188,1.0,5.875713348388672,0.898900032043457,1.7440916299819946,992,0.43527169502255675,0.09889996898294028,0.05220104839859737,0.6723979106734669,0,6,0,0,0
5860,mixed_tail,0,,,,,,,,,,,,,,,,,,,,,,,,,,,,,,,,,,,1.3170194625854492,1.039970874786377,1.0,5.875891208648682,0.8784999847412109,1.7572394609451294,996,0.47043306134444657,0.2964107885823718,0.040870660586312176,0.6199443887446136,0,6,0,0,0
5880,mixed_tail,0,,,,,,,,,,,,,,,,,,,,,,,,,,,,,,,,,,,0.8227583169937134,1.6551332473754883,1.0,5.876424789428711,0.6473000049591064,2.125276565551758,998,0.44187152308340905,-0.11828296101053379,0.04065142508803143,0.5083213240617798,0,6,0,0,1
5900,mixed_tail,0,,,,,,,,,,,,,,,,,,,,,,,,,,,,,,,,,,,1.0534350872039795,0.9067114591598511,1.0,5.877765655517578,0.8578000068664551,1.4922066926956177,987,0.46137445485864204,0.0844814911542926,0.049360977590734524,0.3626006042377816,0,6,0,0,0
5920,mixed_tail,0,,,,,,,,,,,,,,,,,,,,,,,,,,,,,,,,,,,1.2798497676849365,2.468555212020874,1.0,5.878964424133301,0.8282500505447388,3.167269706726074,983,0.43084304971272414,0.2051491592012878,0.04863546225611889,0.8922960044136123,0,6,0,0,0
5940,mixed_tail,0,,,,,,,,,,,,,,,,,,,,,,,,,,,,,,,,,,,0.42611321806907654,1.2654266357421875,1.0,5.879640579223633,0.8896999955177307,1.5372796058654785,982,0.44061436163569623,0.2352232327268991,0.043777630489970014,0.3892140681426676,9437184,5,1,0,0
5960,mixed_tail,0,,,,,,,,,,,,,,,,,,,,,,,,,,,,,,,,,,,0.9891437292098999,1.0589938163757324,1.0,5.880350589752197,0.9025999903678894,1.6123692989349365,989,0.4713676573474869,0.20777133270166814,0.06387856348107258,0.3993875969437853,0,6,0,0,0
5980,mixed_tail,0,,,,,,,,,,,,,,,,,,,,,,,,,,,,,,,,,,,0.8375429511070251,0.9226860404014587,1.0,5.880781173706055,0.77920001745224,1.4002653360366821,978,0.4918365362995304,0.24290963064413518,0.0485000680289453,0.21534282759068504,0,6,0,0,0
5999,mixed_tail,0,,,,,,,,,,,,,,,,,,,,,,,,,,,,,,,,,,,0.5132111310958862,1.5544917583465576,1.0,5.881410598754883,0.8863999843597412,1.8699114322662354,979,0.4502297217402331,0.07326931034913287,0.03905228437663662,0.45795650102552915,0,6,0,0,0
5999,,,0.0625,-0.2238136876288157,1.1373554123205865,3.1185102765239514,,32,8415,-0.0038050255147494827,1.6544206173922915,5.230048844847944,,32,14382,0.7510986328125,0.3797863292045334,1.2422918833328827,3.463542410305802,0.015625,-0.3473193283254057,0.6029363866372907,1.827477108870133,,32,6174,0.0,-0.7006453183363586,1.574455116981362,4.8281101460224765,,32,3861,979,0.013278855975485188,,,,,,,,,,,,,,,,,
