phase,action,surface,count,coords_opened
code_recurrent,F,base,8900,0
code_recurrent,P,base,16,106954752
code_recurrent,R,base,84,0
code_revisit,F,base,2661,0
code_revisit,P,base,17,125829120
code_revisit,R,base,22,0
general_warm,F,base,2840,0
general_warm,P,base,22,157286400
general_warm,R,base,138,0
math_recurrent,F,base,8735,0
math_recurrent,P,base,5,31457280
math_recurrent,R,base,260,0
medical_recurrent,F,base,6951,0
medical_recurrent,P,base,10,72351744
medical_recurrent,R,base,839,0
mixed_tail,F,base,2998,0
mixed_tail,P,base,1,9437184
mixed_tail,R,base,601,0
novel_inject,F,base,423,0
novel_inject,R,base,477,0
