spec_id,delta_final_loss_general,delta_final_loss_code,delta_final_loss_math,delta_final_loss_medical,delta_final_em_code,delta_final_em_math,delta_final_em_medical,delta_worst_retention_delta_general,delta_worst_retention_delta_code,delta_worst_retention_delta_math,delta_worst_retention_delta_medical,delta_wall_clock_s,delta_tokens_per_sec,delta_peak_mem_gb,delta_controller_fraction,delta_r_count,delta_f_count,delta_p_count,delta_consolidations
baselines_small_v1/full_ft,4.2107246875298765,3.7374200583307022,4.076768782648306,4.256498494708537,-0.0625,-0.010416666666666668,-0.010416666666666666,4.917734571122795,4.52665672793344,1.2126651537777502,1.2702768993204785,-3407.5388123933226,1583.3915692849696,-1.515995989333332,-0.42969403856389593,-5271.666666666667,-33322.0,-6.333333333333333,-12.666666666666666
baselines_small_v1/gold_ce,-0.021078967796116732,-0.2939479865962169,0.008021917279344204,1.5436175891299937,0.09895833333333333,0.010416666666666664,0.0,-0.07393183978073722,-0.1095037033385963,-0.03285422379347365,-0.02510073977179461,-2357.952269203728,628.4743273307448,-0.48789145599999983,-0.1955737005411843,-141.0,-2471.333333333332,12.333333333333336,0.0
baselines_small_v1/lora_only,-0.1218750413068781,-0.10262898690489453,-0.09782676750325625,-0.2583467038423093,-0.020833333333333343,0.0,0.0,0.059437332644900476,0.19929424912227364,0.06349904371664651,-0.038715892450226885,-3032.6023936849865,1175.4964155628782,-4.094965077333332,-0.4296967509611133,-5271.666666666667,-33322.0,-6.333333333333333,-12.666666666666666
baselines_small_v1/molf_style,0.3027134669295095,0.2856050632995861,0.19215694337281974,0.320155235540164,-0.03645833333333334,0.015625,0.0,0.61031566229615,0.5549640573164241,0.13068227929618959,0.08605725442273286,-2045.569168169362,551.2561484125259,-0.4468338346666645,-0.2091680866194067,-5271.666666666667,23192.0,279479.6666666667,-12.666666666666666
baselines_small_v1/no_consolidation,0.012266448081984516,0.0023558651581687684,0.0001790835808219704,-0.005370054366025778,0.0,0.005208333333333336,0.005208333333333334,0.003806307159665734,-0.005882257441526095,-0.006197153447114828,-0.003129685263677885,-2100.72331150334,576.0800320253683,-0.002963114666664879,-0.2142403334919049,-243.0,173.33333333333576,-6.333333333333333,-12.666666666666666
baselines_small_v1/no_retrieval,-0.006354921733764618,0.0027353106548015926,-0.008473455513312689,-0.004911512144177843,0.0,0.010416666666666664,0.005208333333333334,-0.07082625571098704,-0.05282543452099116,-0.032605326802565,-0.014113476185212857,-2142.195752751393,595.0722761782869,-0.4882056533333312,-0.20928667587330266,-5271.666666666667,2663.6666666666642,8.0,4.333333333333334
baselines_small_v1/plateau_trigger,-0.12264182145089508,-0.10344857941006269,-0.1000906228890443,-0.25720649040147725,-0.02604166666666667,0.005208333333333336,0.005208333333333334,0.0680004267170263,0.18774438239626648,0.059842892205943035,-0.03938743329815934,-2911.1130546873123,1070.6615250446816,-4.094965077333332,-0.42962261537275187,-5271.666666666667,-33322.0,-6.333333333333333,-12.666666666666666
baselines_small_v1/random_routing,0.005746259226485195,0.02487641499051474,0.010409706213757253,0.04455464312133439,-0.03125,0.010416666666666664,0.0,0.267242619784967,0.48888260525367033,0.17640119082417194,-0.18112261262590862,-1699.6384651542953,413.90892025925166,-0.002776405333333898,-0.21347589410581705,27.33333333333303,15634.0,0.666666666666667,9.333333333333334
baselines_small_v1/surprise_gate,-0.015068140844639366,-0.0233500416620247,-0.012320326234722567,0.005599745050835825,-0.03645833333333334,0.015625,0.005208333333333334,0.09588701982621503,0.11041432873851878,0.06186659137086138,-0.1466455190362662,-1909.5409656406068,493.95384110708153,-0.0012402346666657849,-0.21925200657261415,8860.333333333332,-394.0,-6.333333333333333,-12.666666666666666
baselines_small_v1/trihope_no_hash,-0.01854572730253845,-0.008257426826475678,-0.0156627762537771,-0.010433132142319668,-0.02604166666666667,0.005208333333333336,0.015625,0.03409229798967464,0.06872718162785948,0.025439994868855287,-0.0488347459681282,-2288.5906469770707,667.1969260835882,-2.286933333017771e-05,-0.21972591850607096,-3602.333333333334,2278.0,32.33333333333333,-0.33333333333333215
budget_sweep_small_v1/molf_style_a0p3,-0.014940253618346722,-0.023010353032469344,-0.022145138563315347,-0.034587501460670245,0.03645833333333333,-0.015625,0.005208333333333334,-0.09260948597404015,-0.0878952633817495,-0.062695536084675,-0.013797826206273529,-2317.972158912329,694.0900783997687,-0.48977407999999834,-0.20434110669948002,-5271.666666666667,2653.0,18.666666666666668,-12.666666666666666
budget_sweep_small_v1/molf_style_a0p5,-0.023856759154238016,-0.019596970683396386,-0.02597224255409314,-0.03642547747060254,0.046874999999999986,0.0,0.010416666666666666,-0.1041880302445113,-0.12181398297659501,-0.05862862558450335,-0.01310604305904602,-2711.6399480459877,932.7299895768489,-0.4872948053333328,-0.21534152632028777,-5271.666666666667,2663.3333333333358,8.333333333333332,-12.666666666666666
budget_sweep_small_v1/molf_style_a0p7,-0.018112740684427697,-0.014771687656281007,-0.022390910351383186,-0.029015774987454446,0.03645833333333333,-0.015625,0.005208333333333334,-0.09495950500010117,-0.11864234892583939,-0.05638481579232642,-0.010217824213185695,-2902.1155807003306,1077.9817931184998,-0.48977407999999834,-0.21508447715799575,-5271.666666666667,2678.0,-6.333333333333333,-12.666666666666666
budget_sweep_small_v1/molf_style_epd,0.26428181066448064,0.24932141695949994,0.18052709258384037,0.29180159293379515,-0.02604166666666667,0.03125,0.005208333333333334,0.39465171896366413,0.303442110819825,0.08238825063290449,0.08064799986797049,-2172.52048991833,620.8744783868982,-0.44755353599999914,-0.20412986542196687,-5271.666666666667,24536.0,278135.6666666667,-12.666666666666666
budget_sweep_small_v1/plateau_trigger_t0p005,-0.12228719907316887,-0.09825353261668468,-0.09804463404556696,-0.2604783420518282,0.005208333333333329,-0.015625,0.020833333333333336,0.020680158375776442,0.029690560824234907,0.04500400241282958,-0.003555787903322189,-3062.2609050153333,1218.3950609918193,-4.094962175999999,-0.4296136773574432,-5271.666666666667,-33322.0,-6.333333333333333,-12.666666666666666
budget_sweep_small_v1/plateau_trigger_t0p01,-0.12103887692460646,-0.09642351875448729,-0.0989460196998101,-0.2572869708642411,-0.010416666666666671,0.015625,0.005208333333333334,0.024692284128670666,0.03453869244489946,0.04811179561963057,0.0010661629313972014,-3067.9630775013284,1223.7678617751244,-4.094962175999999,-0.42960959257097836,-5271.666666666667,-33322.0,-6.333333333333333,-12.666666666666666
budget_sweep_small_v1/plateau_trigger_t0p02,-0.1225209846862616,-0.09898285014862163,-0.10066728969846245,-0.2602585182693824,0.02083333333333333,0.015625,0.005208333333333334,0.01755815623660087,0.03173573177199382,0.041263453865936814,-0.006225285583195756,-3081.2555713743277,1236.4002733873358,-4.094962175999999,-0.42961182070322373,-5271.666666666667,-33322.0,-6.333333333333333,-12.666666666666666
budget_sweep_small_v1/surprise_gate_s1,0.008776543120849745,-0.02655681837523516,-0.016775001268023337,0.007000179928036587,-0.04166666666666667,-0.03125,0.020833333333333336,0.06973305503588115,0.10972196836239231,0.052550044511309554,-0.11227380238305525,-2278.3470008183285,673.4431137438092,0.004106752000000213,-0.22230331525922553,5282.333333333333,74.0,-6.333333333333333,-12.666666666666666
budget_sweep_small_v1/surprise_gate_s2,0.01748626246403906,-0.00014816831187181023,-0.009325630295908605,-0.0189171202965146,-0.04166666666666667,-0.015625,0.005208333333333334,-0.03122417754271098,-0.07614384162163926,-0.025097758733174616,0.013382519196117808,-2318.0253313433277,694.1181542026744,0.0028922880000017415,-0.2147315265624542,256.33333333333303,1782.0,-6.333333333333333,-12.666666666666666
budget_sweep_small_v1/surprise_gate_s4,0.017582648951923296,-0.0117110955216998,-0.010143932906433895,0.006265766229755609,0.005208333333333329,-0.03125,0.005208333333333334,-0.010823361173942864,-0.048255467995673845,-0.027272002715784407,-0.022918262496509707,-2391.4294985863235,733.8589546512079,0.003533824000001573,-0.216023874581873,-3986.666666666667,2869.0,-6.333333333333333,-12.666666666666666
budget_sweep_small_v1/trihope_no_hash_s1,0.0005500293742828344,-0.00038547285430912126,0.0009267214062584905,-0.015882854170207406,-0.010416666666666671,0.0,0.020833333333333336,-0.001981904011235075,0.02201391572549935,0.0042703288920355326,-0.02308736196980828,-2352.86717096933,712.7337355780163,-0.00382412799999976,-0.21790879269198113,-3824.666666666667,2290.0,38.666666666666664,0.3333333333333339
budget_sweep_small_v1/trihope_no_hash_s2,0.0018149195418968311,0.016439101879703877,-0.0023985898671069483,0.009161908896406112,-0.02604166666666667,0.0,0.036458333333333336,-0.016773970619017392,0.03128427107703877,-0.006681505076996788,-0.02192072657160556,-2417.120164538326,748.2476215859139,-0.00864460799999911,-0.21947288695262815,-4406.666666666667,2358.0,48.666666666666664,6.333333333333334
budget_sweep_small_v1/trihope_no_hash_s4,0.012044313271906582,0.016364728202676204,0.010143252431335958,-0.004432142722547772,0.005208333333333329,0.0,0.005208333333333334,-0.03812121810067834,-0.0050960511305610245,0.0008711877181738908,-0.0034196246507037405,-2389.831970354324,732.9726407293462,-0.009608191999998184,-0.21599845789702793,-4986.666666666667,2610.0,52.666666666666664,4.333333333333334
budget_sweep_small_v1/trihope_s1_r0p2,0.006521561036038959,0.001403948821084633,-0.007878847969696845,-0.010053486936421274,0.03645833333333333,0.0,0.005208333333333334,-0.05624519651933965,-0.05143258179218649,-0.03326166068718535,-0.009276355742420323,-2120.080652535329,596.1260338655717,-0.11667814399999976,-0.17682852597218074,-4326.666666666667,2211.0,1.666666666666667,7.333333333333334
budget_sweep_small_v1/trihope_s1_r0p3,0.0037415374089573294,-0.00763215555911434,-0.0029912902680447884,-0.012920621700528656,-0.02604166666666667,-0.015625,0.020833333333333336,0.0004928759328791943,0.01996124503305116,-0.007418916828108982,-0.016993066431543042,-2053.3706191333295,565.8020207685337,-0.0034314239999986285,-0.1741657000017675,-972.666666666667,436.0,0.666666666666667,3.333333333333334
budget_sweep_small_v1/trihope_s1_r0p45,0.012402571220753167,-0.0014984161080784375,-0.02058349764253109,0.02842053203686512,0.02083333333333333,-0.03125,0.005208333333333334,0.0492283829903121,0.013571433545008865,0.06873673304228382,-0.053428541221510154,-2011.7668206033304,547.5153190306083,1.4848000001066453e-05,-0.18200008672740633,4085.333333333333,659.0,-0.33333333333333304,-0.6666666666666661
budget_sweep_small_v1/trihope_s2_r0p2,0.007967629961171063,0.01972070438221052,0.007217106532360629,-0.003176475985313676,0.03645833333333333,0.0,-0.010416666666666666,-0.04260447143220833,-0.017883964443376726,-0.027012034866107218,-0.013067791357586362,-2400.6838350603284,739.012577034103,-0.16883097599999886,-0.2216684554589604,-4645.666666666667,2372.0,9.666666666666668,17.333333333333336
budget_sweep_small_v1/trihope_s2_r0p3,0.018279261158696603,0.014743310962721523,0.0006742445493977955,0.017959306228349403,0.02083333333333333,0.0,0.005208333333333334,-0.014277190518457633,0.02462519772054192,-0.017929622517099578,-0.004397250246859736,-2334.63258268933,702.9364587043525,-0.005387263999999448,-0.21531631350395344,-2727.666666666667,1835.0,8.666666666666668,3.333333333333334
budget_sweep_small_v1/trihope_s2_r0p45,0.014361136845861822,0.0007315793021358541,-0.016093343164863882,-0.00835290852991033,-0.010416666666666671,-0.015625,0.005208333333333334,-0.023639963116692447,-0.014928814802436158,-0.012608392927793546,-0.009642475783223043,-2256.233754041328,662.1553607464426,-0.000793087999998221,-0.21828632328901906,-137.66666666666697,1936.0,-0.33333333333333304,1.333333333333334
budget_sweep_small_v1/trihope_s4_r0p2,0.003088059768177942,0.008221800621487585,0.0014458093951091877,-0.00722220499136994,0.06770833333333333,-0.015625,0.005208333333333334,-0.0580847643846619,-0.05218315464502568,-0.0355916881571577,-0.013101201821905068,-2395.9007153013263,736.3448027541068,-0.21512447999999829,-0.21948789753891906,-5065.666666666667,2595.0,8.666666666666668,-2.666666666666666
budget_sweep_small_v1/trihope_s4_r0p3,0.007969794328413826,0.009882435578595361,0.004830398617237774,0.009129589192455656,0.03645833333333333,-0.015625,0.005208333333333334,-0.05387781162904734,-0.03033945918862338,-0.030969958134931155,-0.013787112252078144,-2366.3563837703296,720.0600170466408,-0.005255167999999699,-0.2203149996207991,-4630.666666666667,2586.0,8.666666666666668,3.333333333333334
budget_sweep_small_v1/trihope_s4_r0p45,0.017677159654863717,-0.0011131040316616492,0.007788040792178763,0.013651099176612114,-0.010416666666666671,-0.015625,0.020833333333333336,-0.008905765747585365,-0.007111302884079601,-0.01959182464102023,-0.02396581531713367,-2366.4056774113305,720.0869134738945,-0.002875903999999707,-0.22007700901057137,-3971.666666666667,2831.0,4.666666666666667,6.333333333333334
