spec_id,seed,replays,delay_median_steps,delay_p90_steps,cross_phase_share,cross_phase_replays,replays_in_code_revisit,replays_in_medical_recurrent,replays_in_math_recurrent,replays_in_mixed_tail,replays_in_general_warm,replays_in_code_recurrent
baselines_small_v1/no_consolidation,1337,483,40.0,288.80000000000007,0.028985507246376812,14,182.0,113,80.0,55,41.0,12.0
baselines_small_v1/no_consolidation,2024,338,60.0,396.50000000000006,0.03254437869822485,11,54.0,124,61.0,41,47.0,11.0
baselines_small_v1/no_consolidation,7,441,50.0,355.0,0.034013605442176874,15,103.0,153,72.0,59,42.0,12.0
baselines_small_v1/random_routing,1337,3017,20.0,72.20000000000027,0.023864766324163077,72,290.0,821,804.0,286,145.0,671.0
baselines_small_v1/random_routing,2024,3053,20.0,72.60000000000036,0.021945627251883395,67,293.0,798,797.0,295,186.0,684.0
baselines_small_v1/random_routing,7,3061,20.0,72.0,0.023848415550473703,73,293.0,806,807.0,300,171.0,684.0
baselines_small_v1/surprise_gate,1337,1822,79.0,300.0,0.02030735455543359,37,176.0,183,198.0,282,363.0,620.0
baselines_small_v1/surprise_gate,2024,1971,90.0,292.0,0.0197869101978691,39,192.0,251,167.0,263,351.0,747.0
baselines_small_v1/surprise_gate,7,1737,91.0,289.0,0.007484168105929764,13,204.0,194,145.0,237,344.0,613.0
baselines_small_v1/trihope,1337,487,30.0,310.0,0.030800821355236138,15,168.0,118,81.0,67,41.0,12.0
baselines_small_v1/trihope,2024,376,50.0,385.0,0.02925531914893617,11,86.0,125,62.0,42,48.0,13.0
baselines_small_v1/trihope,7,437,50.0,367.00000000000017,0.032036613272311214,14,112.0,147,72.0,48,44.0,14.0
baselines_small_v1/trihope_no_hash,1337,213,90.0,1276.2000000000016,0.13615023474178403,29,8.0,86,27.0,61,31.0,0.0
baselines_small_v1/trihope_no_hash,2024,201,78.0,1089.0,0.12935323383084577,26,10.0,91,9.0,62,26.0,3.0
baselines_small_v1/trihope_no_hash,7,240,70.0,905.0999999999991,0.1,24,6.0,131,18.0,59,26.0,0.0
budget_sweep_small_v1/surprise_gate_s1,1337,1325,60.0,270.0,0.027169811320754716,36,162.0,206,146.0,242,145.0,424.0
budget_sweep_small_v1/surprise_gate_s2,1337,772,30.0,546.4999999999992,0.07901554404145078,61,166.0,106,72.0,198,20.0,210.0
budget_sweep_small_v1/surprise_gate_s4,1337,246,66.5,395.0,0.08130081300813008,20,52.0,96,13.0,56,4.0,25.0
budget_sweep_small_v1/trihope_no_hash_s1,1337,184,92.5,1799.4000000000005,0.15760869565217392,29,9.0,75,26.0,57,17.0,0.0
budget_sweep_small_v1/trihope_no_hash_s2,1337,100,115.5,762.0000000000023,0.15,15,7.0,50,6.0,34,3.0,0.0
budget_sweep_small_v1/trihope_no_hash_s4,1337,46,120.0,1017.5,0.15217391304347827,7,3.0,30,0.0,12,1.0,0.0
budget_sweep_small_v1/trihope_s1_r0p2,1337,81,60.0,980.0,0.1111111111111111,9,0.0,43,20.0,11,7.0,0.0
budget_sweep_small_v1/trihope_s1_r0p3,1337,344,45.0,327.4999999999997,0.046511627906976744,16,66.0,107,77.0,65,20.0,9.0
budget_sweep_small_v1/trihope_s1_r0p45,1337,1224,50.0,237.10000000000014,0.04084967320261438,50,155.0,185,144.0,244,114.0,382.0
budget_sweep_small_v1/trihope_s2_r0p2,1337,56,55.0,1000.5,0.10714285714285714,6,0.0,38,10.0,8,0.0,0.0
budget_sweep_small_v1/trihope_s2_r0p3,1337,286,20.0,302.5,0.045454545454545456,13,123.0,76,39.0,39,2.0,7.0
budget_sweep_small_v1/trihope_s2_r0p45,1337,733,40.0,666.0000000000065,0.08594815825375171,63,132.0,109,102.0,191,12.0,187.0
budget_sweep_small_v1/trihope_s4_r0p2,1337,23,70.0,1451.6000000000004,0.17391304347826086,4,0.0,18,1.0,4,0.0,0.0
budget_sweep_small_v1/trihope_s4_r0p3,1337,94,43.5,930.0000000000007,0.1276595744680851,12,24.0,45,2.0,22,0.0,1.0
budget_sweep_small_v1/trihope_s4_r0p45,1337,244,77.0,510.2000000000003,0.0860655737704918,21,47.0,93,12.0,61,3.0,28.0
