step,phase,consolidation/count,eval/code/exact_match,eval/code/forgetting_delta,eval/code/loss,eval/code/ppl,eval/code/retention_delta,eval/code/samples,eval/code/tokens,eval/general/forgetting_delta,eval/general/loss,eval/general/ppl,eval/general/retention_delta,eval/general/samples,eval/general/tokens,eval/lora/sparsity_max,eval/lora/sparsity_mean,eval/macro_loss,eval/macro_ppl,eval/math/exact_match,eval/math/forgetting_delta,eval/math/loss,eval/math/ppl,eval/math/samples,eval/math/tokens,eval/medical/exact_match,eval/medical/forgetting_delta,eval/medical/loss,eval/medical/ppl,eval/medical/retention_delta,eval/medical/samples,eval/medical/tokens,eval/retrieval/buffer_size,eval/retrieval/hit_rate,loss/ce,loss/kd,loss/kd_row_hit_frac,loss/reg,loss/teacher_conf_mean,loss/total,retrieval/buffer_size,signals/repetition_mean,signals/stability_C_mean,signals/stability_adam_mean,signals/surprise_mean,write/coords_opened,write/f_count,write/p_count,write/r_count,write/replay_count
3660,medical_recurrent,0,,,,,,,,,,,,,,,,,,,,,,,,,,,,,,,,,0.9776889681816101,0.0,0.0,6.3187456130981445,0.6237499713897705,1.0408763885498047,0,0.0735160644883701,0.17060584967423761,0.13822531960313283,1.5209954854987917,1892352,56,0,0,0
3680,medical_recurrent,0,,,,,,,,,,,,,,,,,,,,,,,,,,,,,,,,,0.9477530717849731,0.0,0.0,6.342881679534912,0.5874999761581421,1.0111818313598633,0,0.09989009658778626,0.06759550770870451,0.10573740515503145,1.2366605088114737,1892352,56,0,0,0
3700,medical_recurrent,0,,,,,,,,,,,,,,,,,,,,,,,,,,,,,,,,,0.9475260972976685,0.0,0.0,6.353915691375732,0.624750018119812,1.0110652446746826,0,0.1483327071654108,0.03670732313392883,0.08797036852864992,1.0803923010589584,1892352,56,0,0,0
3720,medical_recurrent,0,,,,,,,,,,,,,,,,,,,,,,,,,,,,,,,,,0.8778802156448364,0.0,0.0,6.360910892486572,0.6500500440597534,0.9414893388748169,0,0.21312322170949005,0.019025234526322623,0.0832767074011148,1.131454814733967,1892352,56,0,0,0
3740,medical_recurrent,0,,,,,,,,,,,,,,,,,,,,,,,,,,,,,,,,,0.41993239521980286,0.0,0.0,6.3678107261657715,0.6237499713897705,0.48361051082611084,0,0.17304349374270236,0.05836005754515229,0.057951277249034434,0.6728605579052652,1892352,56,0,0,0
3750,,,,0.006557594702772285,1.1049913847226864,3.0191984574625454,,32,8415,0.07723795742670969,1.4483896021285287,4.256254729602292,,32,14382,0.35186767578125,0.24908836520448022,1.1885180710103964,3.2822135940701744,,0.039450066816393625,0.721883044105384,2.0583054436396564,32,6174,,-0.38706101558579586,1.4788082530849864,4.3877135197809,,32,3861,0,0.0,,,,,,,,,,,,,,,,
3760,medical_recurrent,0,,,,,,,,,,,,,,,,,,,,,,,,,,,,,,,,,0.5245243310928345,0.0,0.0,6.373482704162598,0.5874999761581421,0.5882591605186462,0,0.1849280410682201,0.03426838080070281,0.05227705440705731,0.7568224980717614,1892352,56,0,0,0
3780,medical_recurrent,0,,,,,,,,,,,,,,,,,,,,,,,,,,,,,,,,,0.49976611137390137,0.0,0.0,6.379311561584473,0.624750018119812,0.5635592341423035,0,0.295318489055767,-0.00849151800503023,0.05526515795065771,0.7445791151197183,1892352,56,0,0,0
3800,medical_recurrent,0,,,,,,,,,,,,,,,,,,,,,,,,,,,,,,,,,0.4413229525089264,0.0,0.0,6.385251998901367,0.6500500440597534,0.5051754713058472,0,0.3120970497692667,0.015456439247438019,0.05412831426938138,0.6933252342754886,1892352,56,0,0,0
3820,medical_recurrent,0,,,,,,,,,,,,,,,,,,,,,,,,,,,,,,,,,0.25157076120376587,0.0,0.0,6.390683174133301,0.6237499713897705,0.3154776096343994,0,0.23496252205803342,0.0263385575859242,0.04911700562233962,0.4664535106765845,1892352,56,0,0,0
3840,medical_recurrent,0,,,,,,,,,,,,,,,,,,,,,,,,,,,,,,,,,0.36236709356307983,0.0,0.0,6.395984649658203,0.5874999761581421,0.4263269305229187,0,0.24231756965477072,0.004192952129025278,0.05616485556321484,0.5301582651951956,1892352,56,0,0,0
3860,medical_recurrent,0,,,,,,,,,,,,,,,,,,,,,,,,,,,,,,,,,0.2976236045360565,0.0,0.0,6.401169300079346,0.624750018119812,0.36163529753685,0,0.3459685135727926,-0.023060688767665333,0.046591586094822675,0.4455350930610346,1892352,56,0,0,0
3880,medical_recurrent,0,,,,,,,,,,,,,,,,,,,,,,,,,,,,,,,,,0.28876399993896484,0.0,0.0,6.406017780303955,0.6500500440597534,0.3528241813182831,0,0.3615864664671249,0.028601006579784944,0.05459565000815524,0.47552380255526966,1892352,56,0,0,0
3900,medical_recurrent,0,,,,,,,,,,,,,,,,,,,,,,,,,,,,,,,,,0.17812250554561615,0.0,0.0,6.411547660827637,0.6237499713897705,0.24223798513412476,0,0.278094662947792,0.04106602937099524,0.05431847764060847,0.3064503071327058,1892352,56,0,0,0
3920,medical_recurrent,0,,,,,,,,,,,,,,,,,,,,,,,,,,,,,,,,,0.28088319301605225,0.0,0.0,6.416016578674316,0.5874999761581421,0.3450433611869812,0,0.2810744078832195,0.041436275482867914,0.060260844477526256,0.46544560467203455,1892352,56,0,0,0
3940,medical_recurrent,0,,,,,,,,,,,,,,,,,,,,,,,,,,,,,,,,,0.20967663824558258,0.0,0.0,6.421638488769531,0.624750018119812,0.2738930284976959,0,0.37547734116978,-0.004570025584793517,0.050109496412591804,0.3132756196672008,1892352,56,0,0,0
3960,medical_recurrent,0,,,,,,,,,,,,,,,,,,,,,,,,,,,,,,,,,0.20213724672794342,0.0,0.0,6.428102493286133,0.6500500440597534,0.2664182782173157,0,0.38391642485337796,-0.055910160802471055,0.04340172147614852,0.3447492765528815,1892352,56,0,0,0
3980,medical_recurrent,0,,,,,,,,,,,,,,,,,,,,,,,,,,,,,,,,,0.13475486636161804,0.0,0.0,6.4328999519348145,0.6237499713897705,0.1990838646888733,0,0.32621090044183393,0.007969706392032094,0.03483839488351747,0.1995210741779634,1892352,56,0,0,0
4000,medical_recurrent,0,,,,,,,,,,,,,,,,,,,,,,,,,,,,,,,,,0.2122848778963089,0.0,0.0,6.436962604522705,0.5874999761581421,0.27665451169013977,0,0.31077479616677556,-0.04877577860731565,0.05152083304784601,0.34704339521981425,1892352,56,0,0,0
4000,,,,0.14055717953315328,1.2389909695530674,3.4521284041257365,,32,8415,0.19252351334621842,1.5636751580480375,4.776342842934971,,32,14382,0.3480072021484375,0.24663878460319674,1.2817343785248865,3.6028830728697683,,0.13676546057876282,0.8191984378677531,2.2686806200466947,32,6174,,-0.3607963200400943,1.505072948630688,4.504482214112946,,32,3861,0,0.0,,,,,,,,,,,,,,,,
4020,medical_recurrent,0,,,,,,,,,,,,,,,,,,,,,,,,,,,,,,,,,0.14947673678398132,0.0,0.0,6.441269397735596,0.624750018119812,0.21388942003250122,0,0.3942612166042624,-0.018193304475322032,0.029030243280003705,0.2408626020013813,1892352,56,0,0,0
4040,medical_recurrent,0,,,,,,,,,,,,,,,,,,,,,,,,,,,,,,,,,0.13610143959522247,0.0,0.0,6.444375991821289,0.6500500440597534,0.20054519176483154,0,0.39950064562034404,-0.07266673789958336,0.0389963559643735,0.23777326238415544,1892352,56,0,0,0
4060,medical_recurrent,0,,,,,,,,,,,,,,,,,,,,,,,,,,,,,,,,,0.1119290143251419,0.0,0.0,6.447723388671875,0.6237499713897705,0.17640624940395355,0,0.34747416183438223,-0.037798398486172245,0.04340735549580247,0.15882047373387548,1892352,56,0,0,0
4080,medical_recurrent,0,,,,,,,,,,,,,,,,,,,,,,,,,,,,,,,,,0.16101953387260437,0.0,0.0,6.450665473937988,0.5874999761581421,0.22552618384361267,0,0.33463981922050623,-0.011747551003021986,0.0462018715158578,0.3016654255371245,1892352,56,0,0,0
4100,medical_recurrent,0,,,,,,,,,,,,,,,,,,,,,,,,,,,,,,,,,0.1171829104423523,0.0,0.0,6.4540324211120605,0.624750018119812,0.1817232370376587,0,0.40537603105462555,0.020273116228054278,0.0412792411751099,0.18105760124172007,1892352,56,0,0,0
4120,medical_recurrent,0,,,,,,,,,,,,,,,,,,,,,,,,,,,,,,,,,0.1110101044178009,0.0,0.0,6.45717191696167,0.6500500440597534,0.17558181285858154,0,0.4090294478503356,-0.004605552633750319,0.035344208624686985,0.25147659119869037,1892352,56,0,0,0
4140,medical_recurrent,0,,,,,,,,,,,,,,,,,,,,,,,,,,,,,,,,,0.08990220725536346,0.0,0.0,6.460379600524902,0.6237499713897705,0.15450599789619446,0,0.36528532016301557,-0.015342321234389342,0.0205626379617209,0.13305043860796897,1892352,56,0,0,0
4160,medical_recurrent,0,,,,,,,,,,,,,,,,,,,,,,,,,,,,,,,,,0.13230900466442108,0.0,0.0,6.463120937347412,0.5874999761581421,0.19694021344184875,0,0.354748712137998,-0.019763876498992822,0.02017222413911469,0.3465920363449388,1892352,56,0,0,0
4180,medical_recurrent,0,,,,,,,,,,,,,,,,,,,,,,,,,,,,,,,,,0.08103780448436737,0.0,0.0,6.465396404266357,0.624750018119812,0.14569176733493805,0,0.4145719046232995,0.024220787616546398,0.02544381640674103,0.1263255258696893,1892352,56,0,0,0
4200,medical_recurrent,0,,,,,,,,,,,,,,,,,,,,,,,,,,,,,,,,,0.08204825222492218,0.0,0.0,6.466897010803223,0.6500500440597534,0.14671722054481506,0,0.41717186815311047,-0.08596136758361743,0.03872372695791816,0.13901850703275867,1892352,56,0,0,0
4220,medical_recurrent,0,,,,,,,,,,,,,,,,,,,,,,,,,,,,,,,,,0.07725608348846436,0.0,0.0,6.469174861907959,0.6237499713897705,0.14194783568382263,0,0.37949348994953597,0.00968380097141822,0.02602291632488015,0.13239750883113297,1892352,56,0,0,0
4240,medical_recurrent,0,,,,,,,,,,,,,,,,,,,,,,,,,,,,,,,,,0.11441211402416229,0.0,0.0,6.471044540405273,0.5874999761581421,0.17912256717681885,0,0.36994377613130897,-0.07216217146612637,0.03795540159242967,0.2184805018265569,1892352,56,0,0,0
4250,,,,0.21029952123486706,1.3087333112547812,3.701482115704667,,32,8415,0.2305138452280846,1.6016654899299037,4.961288523336819,,32,14382,0.3473968505859375,0.24618878007746067,1.3249781797481894,3.762103264063732,,0.20185709941877616,0.8842900767077665,2.4212648688661145,32,6174,,-0.36064542757047624,1.505223841100306,4.505161957841399,,32,3861,0,0.0,,,,,,,,,,,,,,,,
4260,medical_recurrent,0,,,,,,,,,,,,,,,,,,,,,,,,,,,,,,,,,0.07704423367977142,0.0,0.0,6.4735941886901855,0.624750018119812,0.14178016781806946,0,0.4192990672264955,0.005782252054944236,0.03859446482318971,0.13678267545525044,1892352,56,0,0,0
4280,medical_recurrent,0,,,,,,,,,,,,,,,,,,,,,,,,,,,,,,,,,0.07428592443466187,0.0,0.0,6.475367546081543,0.6500500440597534,0.13903960585594177,0,0.4196070651968438,-0.07896243089219622,0.05062381886093626,0.11851297652141915,1892352,56,0,0,0
4300,medical_recurrent,0,,,,,,,,,,,,,,,,,,,,,,,,,,,,,,,,,0.07254991680383682,0.0,0.0,6.4778642654418945,0.6237499713897705,0.13732856512069702,0,0.39003359203258536,-0.02804899066437169,0.04499152117512293,0.11690132562958058,1892352,56,0,0,0
4320,medical_recurrent,0,,,,,,,,,,,,,,,,,,,,,,,,,,,,,,,,,0.09269185364246368,0.0,0.0,6.480425834655762,0.5874999761581421,0.1574961096048355,0,0.3979930914156925,0.055551513351799385,0.03263446796271536,0.1934966957226159,1892352,56,0,0,0
4340,medical_recurrent,0,,,,,,,,,,,,,,,,,,,,,,,,,,,,,,,,,0.060243166983127594,0.0,0.0,6.482425689697266,0.624750018119812,0.12506741285324097,0,0.42455094997538473,-0.022063225387163193,0.03939019577163789,0.10284525551020153,1892352,56,0,0,0
4360,medical_recurrent,0,,,,,,,,,,,,,,,,,,,,,,,,,,,,,,,,,0.06509056687355042,0.0,0.0,6.485199451446533,0.6500500440597534,0.12994256615638733,0,0.42393373878798996,-0.07130415264171981,0.07941623557772902,0.1210917689467943,1892352,56,0,0,0
4380,medical_recurrent,0,,,,,,,,,,,,,,,,,,,,,,,,,,,,,,,,,0.06053875759243965,0.0,0.0,6.487997531890869,0.6237499713897705,0.1254187375307083,0,0.40096400439635893,0.09522899040686232,0.03755064874828335,0.09989080523687696,1892352,56,0,0,0
4400,medical_recurrent,0,,,,,,,,,,,,,,,,,,,,,,,,,,,,,,,,,0.07659582048654556,0.0,0.0,6.489782333374023,0.5874999761581421,0.14149364829063416,0,0.40406504743772054,-0.09588036144019238,0.041557894684078674,0.16457852601177161,1892352,56,0,0,0
4420,medical_recurrent,0,,,,,,,,,,,,,,,,,,,,,,,,,,,,,,,,,0.06309053301811218,0.0,0.0,6.491939544677734,0.624750018119812,0.12800993025302887,0,0.42502268928981396,-0.0025512918052429867,0.03353744558990002,0.11002608226346118,1892352,56,0,0,0
4440,medical_recurrent,0,,,,,,,,,,,,,,,,,,,,,,,,,,,,,,,,,0.053403422236442566,0.0,0.0,6.494011878967285,0.6500500440597534,0.1183435395359993,0,0.4270240621618136,0.015947150843982984,0.024152336554187866,0.0790443380008496,1892352,56,0,0,0
4460,medical_recurrent,0,,,,,,,,,,,,,,,,,,,,,,,,,,,,,,,,,0.05037491396069527,0.0,0.0,6.49545431137085,0.6237499713897705,0.11532945930957794,0,0.405694920140579,-0.13734121381172112,0.04022367998721108,0.07740116024035074,1892352,56,0,0,0
4480,medical_recurrent,0,,,,,,,,,,,,,,,,,,,,,,,,,,,,,,,,,0.0765128880739212,0.0,0.0,6.496903419494629,0.5874999761581421,0.1414819210767746,0,0.4107283302150956,0.033216203147146316,0.024885159549081607,0.2206990659236908,1892352,56,0,0,0
4500,medical_recurrent,0,,,,,,,,,,,,,,,,,,,,,,,,,,,,,,,,,0.052009835839271545,0.0,0.0,6.49833869934082,0.624750018119812,0.11699321866035461,0,0.430266688380709,-0.023044358182232827,0.03789290752527969,0.08684308399697617,1892352,56,0,0,0
4500,,,,0.25346361637398807,1.3518974063939022,3.8647515826138874,,32,8415,0.23667549321091474,1.6078271379127338,4.991952610398211,,32,14382,0.3468780517578125,0.24591401807304955,1.343516019008086,3.832494968866905,,0.24070737027488642,0.9231403475638768,2.51718281989988,32,6174,,-0.3746700845089517,1.4911991841618306,4.4424196053165526,,32,3861,0,0.0,,,,,,,,,,,,,,,,
4520,medical_recurrent,0,,,,,,,,,,,,,,,,,,,,,,,,,,,,,,,,,0.04692932963371277,0.0,0.0,6.499619960784912,0.6500500440597534,0.11192552745342255,0,0.42992239263820675,-0.0737091256471883,0.03287098816344662,0.06839101341893039,1892352,56,0,0,0
4540,medical_recurrent,0,,,,,,,,,,,,,,,,,,,,,,,,,,,,,,,,,0.05297505855560303,0.0,0.0,6.50089693069458,0.6237499713897705,0.11798402667045593,0,0.4116432355630715,0.034258614229786745,0.03928109304388128,0.09914232408775696,1892352,56,0,0,0
4560,medical_recurrent,0,,,,,,,,,,,,,,,,,,,,,,,,,,,,,,,,,0.054901767522096634,0.0,0.0,6.502285957336426,0.5874999761581421,0.1199246197938919,0,0.41457231124268157,-0.06949093799214877,0.051989273276061766,0.12401852523168874,1892352,56,0,0,0
4580,medical_recurrent,0,,,,,,,,,,,,,,,,,,,,,,,,,,,,,,,,,0.04225199669599533,0.0,0.0,6.503983974456787,0.624750018119812,0.10729183256626129,0,0.43410160246121837,0.04870702843098635,0.03226491988946994,0.07665732475884614,1892352,56,0,0,0
4600,medical_recurrent,0,,,,,,,,,,,,,,,,,,,,,,,,,,,,,,,,,0.04496300593018532,0.0,0.0,6.505343914031982,0.6500500440597534,0.11001645028591156,0,0.4328920375058158,0.054536940142237915,0.03289592029778139,0.07511841479304528,1892352,56,0,0,0
4620,medical_recurrent,0,,,,,,,,,,,,,,,,,,,,,,,,,,,,,,,,,0.04666335880756378,0.0,0.0,6.506913661956787,0.6237499713897705,0.11173249036073685,0,0.41756250629082237,-0.08531372976098542,0.029193036683968134,0.08596176920636069,1892352,56,0,0,0
4640,medical_recurrent,0,,,,,,,,,,,,,,,,,,,,,,,,,,,,,,,,,0.04781631752848625,0.0,0.0,6.508080005645752,0.5874999761581421,0.1128971129655838,0,0.4261720835058926,0.08310299280648385,0.03593611571316918,0.10186186698930604,1892352,56,0,0,0
4660,medical_recurrent,0,,,,,,,,,,,,,,,,,,,,,,,,,,,,,,,,,0.04369020834565163,0.0,0.0,6.5088276863098145,0.624750018119812,0.10877847671508789,0,0.46914962686787753,-0.03633328715971272,0.029243661968835762,0.07975599081181581,1892352,56,0,0,0
4680,medical_recurrent,0,,,,,,,,,,,,,,,,,,,,,,,,,,,,,,,,,0.04096434265375137,0.0,0.0,6.509742736816406,0.6500500440597534,0.10606177151203156,0,0.4906288278907258,-0.02928369286070977,0.03815452831959914,0.0646110330117009,1892352,56,0,0,0
4700,medical_recurrent,0,,,,,,,,,,,,,,,,,,,,,,,,,,,,,,,,,0.04046712443232536,0.0,0.0,6.5110859870910645,0.6237499713897705,0.1055779755115509,0,0.4765540517980366,-0.06816130636330595,0.028783659597799657,0.08321668905989518,1892352,56,0,0,0
4720,medical_recurrent,0,,,,,,,,,,,,,,,,,,,,,,,,,,,,,,,,,0.04006300866603851,0.0,0.0,6.51206111907959,0.5874999761581421,0.10518361628055573,0,0.4926370086800147,-0.09279560342422753,0.05196106838624155,0.0853049046699963,1892352,56,0,0,0
4740,medical_recurrent,0,,,,,,,,,,,,,,,,,,,,,,,,,,,,,,,,,0.03628643602132797,0.0,0.0,6.513042449951172,0.624750018119812,0.10141685605049133,0,0.5071558852793449,0.16155914899094828,0.027978198839321972,0.05125264775835805,1892352,56,0,0,0
4750,,,,0.28396239436529824,1.3823961843852124,3.9844376451728896,,32,8415,0.2597874723775815,1.6309391170794005,5.108670105818637,,32,14382,0.3457489013671875,0.2457529963279257,1.3595756058620592,3.894540131020454,,0.2504522745610056,0.9328852518499959,2.5418324345514036,32,6174,,-0.37378739853715426,1.492081870133628,4.446342597913558,,32,3861,0,0.0,,,,,,,,,,,,,,,,
4760,medical_recurrent,0,,,,,,,,,,,,,,,,,,,,,,,,,,,,,,,,,0.044212955981492996,0.0,0.0,6.514568328857422,0.6500500440597534,0.10935863852500916,0,0.5067993431386247,-0.1213050356018357,0.029651164330009906,0.091757211062525,1892352,56,0,0,0
4780,medical_recurrent,0,,,,,,,,,,,,,,,,,,,,,,,,,,,,,,,,,0.043911319226026535,0.0,0.0,6.515771865844727,0.6237499713897705,0.10906903445720673,0,0.48710102415028395,-0.02499339184058564,0.01640546348625942,0.11000098422287949,1892352,56,0,0,0
4800,medical_recurrent,0,,,,,,,,,,,,,,,,,,,,,,,,,,,,,,,,,0.029874250292778015,0.0,0.0,6.516200542449951,0.5874999761581421,0.09503625333309174,0,0.4972334599002121,-0.1008199375896116,0.04625185334700204,0.0551574645430914,1892352,56,0,0,0
4820,medical_recurrent,0,,,,,,,,,,,,,,,,,,,,,,,,,,,,,,,,,0.03231068328022957,0.0,0.0,6.51679801940918,0.624750018119812,0.09747865796089172,0,0.5033609267748262,0.09511149036864351,0.02078633441087154,0.044797130702211266,1892352,56,0,0,0
4840,medical_recurrent,0,,,,,,,,,,,,,,,,,,,,,,,,,,,,,,,,,0.03692823275923729,0.0,0.0,6.517528533935547,0.6500500440597534,0.10210351645946503,0,0.5030524604619091,-0.13061810166982468,0.035249488054227736,0.04898349936341956,1892352,56,0,0,0
4860,medical_recurrent,0,,,,,,,,,,,,,,,,,,,,,,,,,,,,,,,,,0.03209744766354561,0.0,0.0,6.518588066101074,0.6237499713897705,0.09728333353996277,0,0.48544896653792274,0.11439832163575504,0.03725684308373029,0.06402977991346566,1892352,56,0,0,0
4880,medical_recurrent,0,,,,,,,,,,,,,,,,,,,,,,,,,,,,,,,,,0.03006194718182087,0.0,0.0,6.519509315490723,0.5874999761581421,0.09525703638792038,0,0.48637287091983444,-0.024277543202125735,0.027301714029754436,0.06645648790346015,1892352,56,0,0,0
4900,medical_recurrent,0,,,,,,,,,,,,,,,,,,,,,,,,,,,,,,,,,0.027148155495524406,0.0,0.0,6.520317077636719,0.624750018119812,0.09235132485628128,0,0.4912358857630378,-0.02437391645591041,0.04138254725950814,0.034085068064520045,1892352,56,0,0,0
4920,medical_recurrent,0,,,,,,,,,,,,,,,,,,,,,,,,,,,,,,,,,0.029619140550494194,0.0,0.0,6.520608425140381,0.6500500440597534,0.09482522308826447,0,0.4907583928948256,-0.032185817145675956,0.02679453410119528,0.02979608753563038,1892352,56,0,0,0
4940,medical_recurrent,0,,,,,,,,,,,,,,,,,,,,,,,,,,,,,,,,,0.03906187787652016,0.0,0.0,6.521335601806641,0.6237499713897705,0.10427522659301758,0,0.4649963722886565,-0.08978877286426723,0.02730827340338793,0.10524876371676486,1892352,56,0,0,0
4949,,,0.09375,0.2852606589214759,1.38369444894139,3.9896138586641348,0.27673410199188586,32,8415,0.2311300702891419,1.602281714990961,4.964346735836852,0.21726957280585113,32,14382,0.3468017578125,0.24580261334270037,1.3464112242053963,3.8436069061268032,0.09375,0.25216882654405703,0.9346018038330474,2.5461993690202456,32,6174,0.015625,-0.40080233961459544,1.4650669290561869,4.327832888378283,,32,3861,0,0.0,,,,,,,,,,,,,,,,
4950,,,,0.2617317041044638,1.360165494124378,3.8968381522521116,,32,8415,0.22537512813054095,1.59652677283236,4.935859258034244,,32,14382,0.3469696044921875,0.2457960738616736,1.3373002548296238,3.8087469663769364,,0.2466820091887667,0.929114986477757,2.5322670950064707,32,6174,,-0.4024755027867821,1.4633937658840002,4.3205977722268925,,32,3861,0,0.0,,,,,,,,,,,,,,,,
4960,code_revisit,0,,,,,,,,,,,,,,,,,,,,,,,,,,,,,,,,,0.14941026270389557,0.0,0.0,6.525378227233887,0.853950023651123,0.2146640419960022,0,0.2377245462458972,-0.057877228262701204,0.1417825005475491,1.6031562762364509,1892352,56,0,0,0
4980,code_revisit,0,,,,,,,,,,,,,,,,,,,,,,,,,,,,,,,,,0.05445118620991707,0.0,0.0,6.533505916595459,0.8731499910354614,0.11978624761104584,0,0.2896450968306122,-0.0317277687468699,0.12226559799312363,0.6308917688412798,1892352,56,0,0,0
5000,code_revisit,0,,,,,,,,,,,,,,,,,,,,,,,,,,,,,,,,,0.07659488916397095,0.0,0.0,6.538294315338135,0.8532500267028809,0.14197783172130585,0,0.4082795937828262,-0.0677475954008904,0.06931268671778815,0.9628097407046764,1892352,56,0,0,0
5000,,,,-0.052995575005570394,1.0454382150143438,2.8446448166287994,,32,8415,0.12076332326758288,1.491914967969402,4.4456005556370295,,32,14382,0.346710205078125,0.24555385356046716,1.20648659499562,3.3417231763020494,,0.13290788102466622,0.8153408583136565,2.259945862415019,32,6174,,-0.3926169299857043,1.473252338685078,4.36340335418741,,32,3861,0,0.0,,,,,,,,,,,,,,,,
5020,code_revisit,0,,,,,,,,,,,,,,,,,,,,,,,,,,,,,,,,,0.0622263066470623,0.0,0.0,6.542731285095215,0.8864499926567078,0.12765361368656158,0,0.37916787419498604,0.3006314099766314,0.07742050958294718,0.5750763279164122,1892352,56,0,0,0
5040,code_revisit,0,,,,,,,,,,,,,,,,,,,,,,,,,,,,,,,,,0.059304378926754,0.0,0.0,6.545412063598633,0.853950023651123,0.12475849688053131,0,0.32287833688859496,-0.2792909778904037,0.10360333874880794,0.44234832729848605,1892352,56,0,0,0
5050,,,,-0.06364174183818871,1.0347920481817254,2.81452089002768,,32,8415,0.12014848170401815,1.4913001264058372,4.442868055753748,,32,14382,0.3464508056640625,0.24552011814247182,1.1978642610883057,3.3130335866040683,,0.11551659586825802,0.7979495731572483,2.2209822948026225,32,6174,,-0.39845397206237054,1.4674152966084117,4.338008173683478,,32,3861,0,0.0,,,,,,,,,,,,,,,,
5060,code_revisit,0,,,,,,,,,,,,,,,,,,,,,,,,,,,,,,,,,0.03893575072288513,0.0,0.0,6.549389362335205,0.8731499910354614,0.10442963987588882,0,0.33942359238788483,-0.009091942943216833,0.06654855529703792,0.3961751080812916,1892352,56,0,0,0
5080,code_revisit,0,,,,,,,,,,,,,,,,,,,,,,,,,,,,,,,,,0.02753627300262451,0.0,0.0,6.551238536834717,0.8532500267028809,0.09304865449666977,0,0.3587602942778455,0.05596543131832732,0.04973816770971531,0.26695123589819386,1892352,56,0,0,0
5100,code_revisit,0,,,,,,,,,,,,,,,,,,,,,,,,,,,,,,,,,0.043659768998622894,0.0,0.0,6.5535569190979,0.8864499926567078,0.10919533669948578,0,0.3972782102794224,-0.24155595935215907,0.11153341246887095,0.30132719932922297,1892352,56,0,0,0
5100,,,,-0.03250718278255893,1.0659266072373552,2.9035281681729854,,32,8415,0.12325658096655112,1.4944082256683702,4.456698412608579,,32,14382,0.3457183837890625,0.24549616599569515,1.2058906871948634,3.339732410608636,,0.10808606730103687,0.7905190445900272,2.2045403841075544,32,6174,,-0.39316039738708186,1.4727088712837004,4.361032630969092,,32,3861,0,0.0,,,,,,,,,,,,,,,,
5120,code_revisit,0,,,,,,,,,,,,,,,,,,,,,,,,,,,,,,,,,0.01943878084421158,0.0,0.0,6.5559234619140625,0.853950023651123,0.08499801158905029,0,0.35459749876651936,0.01849061909784463,0.10803364510130552,0.1503967063826701,1892352,56,0,0,0
5140,code_revisit,0,,,,,,,,,,,,,,,,,,,,,,,,,,,,,,,,,0.03417690843343735,0.0,0.0,6.55815315246582,0.8731499910354614,0.09975843876600266,0,0.3761695297016106,0.07117865189710366,0.06634617775589938,0.3042165001056024,1892352,56,0,0,0
5150,,,,-0.04275434724079008,1.055679442779124,2.8739271597445315,,32,8415,0.11904579176390206,1.4901974364657211,4.437971649948256,,32,14382,0.3457489013671875,0.24550366563861875,1.208881466667034,3.349735765202145,,0.130692121470519,0.8131250987595093,2.254943909387584,32,6174,,-0.38934538000700103,1.4765238886637813,4.377701822661906,,32,3861,0,0.0,,,,,,,,,,,,,,,,
5160,code_revisit,0,,,,,,,,,,,,,,,,,,,,,,,,,,,,,,,,,0.014253554865717888,0.0,0.0,6.560096740722656,0.8532500267028809,0.07985452562570572,0,0.3604037024813299,0.0011922654957743362,0.03216027847180764,0.1337915960108004,1892352,56,0,0,0
5180,code_revisit,0,,,,,,,,,,,,,,,,,,,,,,,,,,,,,,,,,0.048970773816108704,0.0,0.0,6.560954570770264,0.8864499926567078,0.11458031833171844,0,0.3935256601482295,-0.1516496739433413,0.06313931044885919,0.3931385028663845,1892352,56,0,0,0
5200,code_revisit,0,,,,,,,,,,,,,,,,,,,,,,,,,,,,,,,,,0.014090253040194511,0.0,0.0,6.563202857971191,0.853950023651123,0.07972228527069092,0,0.49343641533786897,0.027486725966030332,0.035042679733375,0.07845335419156721,1892352,56,0,0,0
5200,,,,0.07276912696008808,1.1712029169800022,3.2258707602444194,,32,8415,0.1352615961194985,1.5064132408213176,4.510523584143503,,32,14382,0.3467559814453125,0.24550828479585193,1.2498925061837456,3.4899677873419024,,0.1586226922700349,0.8410556695590252,2.318813586064266,32,6174,,-0.3849710712961445,1.4808981973746378,4.396893185750132,,32,3861,0,0.0,,,,,,,,,,,,,,,,
5220,code_revisit,0,,,,,,,,,,,,,,,,,,,,,,,,,,,,,,,,,0.04577191174030304,0.0,0.0,6.5636491775512695,0.8731499910354614,0.11140840500593185,0,0.4819022745584168,0.35555119802925866,0.038511802634549515,0.49976307432802897,1892352,56,0,0,0
5240,code_revisit,0,,,,,,,,,,,,,,,,,,,,,,,,,,,,,,,,,0.02040158584713936,0.0,0.0,6.564882755279541,0.8532500267028809,0.08605040609836578,0,0.4263673103484936,-0.24906850812424505,0.07902663703712207,0.11267102266558342,1892352,56,0,0,0
5250,,,,-0.024440880977746104,1.073992909042168,2.9270436165249625,,32,8415,0.13997973846702916,1.5111313831688482,4.531855159608558,,32,14382,0.346343994140625,0.2454958805421583,1.2146539764099114,3.369128064813118,,0.11731365316308817,0.7997466304520785,2.224977115623057,32,6174,,-0.39212428569423197,1.4737449829765503,4.365553489523705,,32,3861,0,0.0,,,,,,,,,,,,,,,,
5260,code_revisit,0,,,,,,,,,,,,,,,,,,,,,,,,,,,,,,,,,0.023297347128391266,0.0,0.0,6.5669355392456055,0.8864499926567078,0.08896669745445251,0,0.44421800976740916,0.09437877013364673,0.061770328256996375,0.2181156010677417,1892352,56,0,0,0
5280,code_revisit,0,,,,,,,,,,,,,,,,,,,,,,,,,,,,,,,,,0.014072787016630173,0.0,0.0,6.56796407699585,0.853950023651123,0.07975243031978607,0,0.45799594733817406,0.11506229990378156,0.023251161949029046,0.05042508693618907,1892352,56,0,0,0
5300,code_revisit,0,,,,,,,,,,,,,,,,,,,,,,,,,,,,,,,,,0.02975958026945591,0.0,0.0,6.568617820739746,0.8731499910354614,0.09544575214385986,0,0.33378807284178463,0.05313341573803752,0.029127061359643464,0.23508582591921803,1892352,56,0,0,0
5300,,,,-0.09089963644371091,1.0075341535762032,2.738839124890406,,32,8415,0.108016379999196,1.479168024701015,4.38929237856184,,32,14382,0.3459320068359375,0.2454808553059896,1.1817671660732703,3.2601303070687866,,0.09118182519357265,0.773614802482563,2.167587509832179,32,6174,,-0.39911758513748263,1.4667516835332997,4.335130369719258,,32,3861,0,0.0,,,,,,,,,,,,,,,,
5320,code_revisit,0,,,,,,,,,,,,,,,,,,,,,,,,,,,,,,,,,0.009104409255087376,0.0,0.0,6.5700554847717285,0.8532500267028809,0.07480496168136597,0,0.547035322510882,0.02411217665316404,0.04246320887912242,0.043938844721202575,1892352,56,0,0,0
5340,code_revisit,0,,,,,,,,,,,,,,,,,,,,,,,,,,,,,,,,,0.026375917717814445,0.0,0.0,6.571723937988281,0.8864499926567078,0.09209315478801727,0,0.6029436685700468,0.30695935122535695,0.029302235921874403,0.17542995260141434,1892352,56,0,0,0
5350,,,,-0.02238788026751881,1.0760459097523953,2.9330590118411695,,32,8415,0.1347075181053139,1.505859162807133,4.508025094436096,,32,14382,0.346343994140625,0.24549616599569515,1.2221507960057476,3.394480723524901,,0.14560934251514035,0.8280423198041307,2.2888335473027324,32,6174,,-0.3872134770114506,1.4786557916593317,4.387044613714791,,32,3861,0,0.0,,,,,,,,,,,,,,,,
5360,code_revisit,0,,,,,,,,,,,,,,,,,,,,,,,,,,,,,,,,,0.020152155309915543,0.0,0.0,6.572567939758301,0.853950023651123,0.08587783575057983,0,0.5282825210502448,-0.09749835932494275,0.02937346975806923,0.12289132818372714,1892352,56,0,0,0
5380,code_revisit,0,,,,,,,,,,,,,,,,,,,,,,,,,,,,,,,,,0.013911595568060875,0.0,0.0,6.572412967681885,0.8731499910354614,0.07963572442531586,0,0.5400268224963037,0.08099324872351385,0.04111264318833867,0.3634277721364347,1892352,56,0,0,0
5399,,,0.0625,-0.06029593818469614,1.038137851835218,2.8239534953276397,,32,8415,0.12169278743883427,1.4928444321406533,4.449734502953537,0.1078322899555435,32,14382,0.3463287353515625,0.24553470222317442,1.201018096737368,3.323498844212757,0.109375,0.12466587601721313,0.8070988533062035,2.241395926641165,32,6174,0.015625,-0.39987801900338527,1.465991249667397,4.3318350428708845,0.0009243206112101721,32,3861,0,0.0,,,,,,,,,,,,,,,,
5400,mixed_tail,0,,,,,,,,,,,,,,,,,,,,,,,,,,,,,,,,,0.6183744668960571,0.0,0.0,6.572969436645508,0.8862999677658081,0.6841041445732117,0,0.05577108100765941,0.17136417788320354,0.0962874208192622,3.000618773036533,1892352,56,0,0,0
5420,mixed_tail,0,,,,,,,,,,,,,,,,,,,,,,,,,,,,,,,,,1.0366805791854858,0.0,0.0,6.583324909210205,0.7821500301361084,1.1025137901306152,0,0.45091223115960893,0.029804192267225256,0.06857907845978699,0.34437109255010173,1892352,56,0,0,0
5440,mixed_tail,0,,,,,,,,,,,,,,,,,,,,,,,,,,,,,,,,,0.8238800764083862,0.0,0.0,6.589938163757324,0.8551000356674194,0.8897794485092163,0,0.5153230922721949,0.14139704385472993,0.05663404884260325,0.850790303709015,1892352,56,0,0,0
5460,mixed_tail,0,,,,,,,,,,,,,,,,,,,,,,,,,,,,,,,,,1.1089781522750854,0.0,0.0,6.596981048583984,0.7953000068664551,1.17494797706604,0,0.44051271527886243,0.028791147799763297,0.053645943538359706,0.4404025506878656,1892352,56,0,0,0
5480,mixed_tail,0,,,,,,,,,,,,,,,,,,,,,,,,,,,,,,,,,0.8100312948226929,0.0,0.0,6.605655193328857,0.8328999876976013,0.8760878443717957,0,0.4940457433502138,-0.0035401475886049283,0.04261601550268039,0.9040805401310088,1892352,56,0,0,0
5500,mixed_tail,0,,,,,,,,,,,,,,,,,,,,,,,,,,,,,,,,,0.4169853925704956,0.0,0.0,6.6110639572143555,0.3343999981880188,0.48309603333473206,0,0.44093835271914844,0.007117245594729736,0.06294567436718988,0.5517161071063981,1892352,56,0,0,0
5500,,,,-0.12803243907944328,0.9704013509404709,2.6390034133356974,,32,8415,0.05053250054592984,1.4216841452477489,4.144093822426189,,32,14382,0.138427734375,0.09215890793573288,1.0969564289415779,2.9950365313584175,,-0.065808473221878,0.6166245040671123,1.8526638161835496,32,6174,,-0.48675355315980307,1.3791157155109792,3.9713882372873472,,32,3861,0,0.0,,,,,,,,,,,,,,,,
5520,mixed_tail,0,,,,,,,,,,,,,,,,,,,,,,,,,,,,,,,,,0.875045657157898,0.0,0.0,6.617530345916748,0.6294500231742859,0.9412209391593933,0,0.23162920579745713,0.031352407259484086,0.03651533675128742,0.8281183269761857,1892352,56,0,0,0
5540,mixed_tail,0,,,,,,,,,,,,,,,,,,,,,,,,,,,,,,,,,0.4231443703174591,0.0,0.0,6.623114109039307,0.8891000151634216,0.489375501871109,0,0.2793489358316605,-0.0015867315897984163,0.052156243391985456,0.642193545684928,1892352,56,0,0,0
5560,mixed_tail,0,,,,,,,,,,,,,,,,,,,,,,,,,,,,,,,,,0.9693261384963989,0.0,0.0,6.6304545402526855,0.796049952507019,1.035630702972412,0,0.39661999443702584,0.03485930586508142,0.05076376611573829,0.40411409736862264,1892352,56,0,0,0
5580,mixed_tail,0,,,,,,,,,,,,,,,,,,,,,,,,,,,,,,,,,0.4341537356376648,0.0,0.0,6.638756275177002,0.9056999683380127,0.5005413293838501,0,0.29058358930572387,0.032212686724960804,0.06166341845389633,0.6634091775568705,1892352,56,0,0,0
5600,mixed_tail,0,,,,,,,,,,,,,,,,,,,,,,,,,,,,,,,,,0.9217591285705566,0.0,0.0,6.644885540008545,0.6389000415802002,0.988207995891571,0,0.2877460930207604,0.00039494290415729793,0.03265811764369054,3.761303759851153,1892352,56,0,0,0
5620,mixed_tail,0,,,,,,,,,,,,,,,,,,,,,,,,,,,,,,,,,0.929053544998169,0.0,0.0,6.651627063751221,0.7738000154495239,0.9955698251724243,0,0.512553834438732,-0.032880804708318986,0.03673349560149724,0.6368824395868513,1892352,56,0,0,0
5640,mixed_tail,0,,,,,,,,,,,,,,,,,,,,,,,,,,,,,,,,,0.910515546798706,0.0,0.0,6.658199787139893,0.8064000010490417,0.9770975112915039,0,0.5294418758950409,0.05914354604361246,0.05139937500750262,0.9240682274103165,1892352,56,0,0,0
5660,mixed_tail,0,,,,,,,,,,,,,,,,,,,,,,,,,,,,,,,,,0.9899268746376038,0.0,0.0,6.664203643798828,0.8125499486923218,1.0565688610076904,0,0.4049795351868854,0.011521183362284708,0.04624177640126575,0.45703118138370064,1892352,56,0,0,0
5680,mixed_tail,0,,,,,,,,,,,,,,,,,,,,,,,,,,,,,,,,,1.1338270902633667,0.0,0.0,6.669352054595947,0.8077000379562378,1.200520634651184,0,0.4427273800959649,0.005315326001956626,0.04891368703295788,0.4786242567121036,1892352,56,0,0,0
5700,mixed_tail,0,,,,,,,,,,,,,,,,,,,,,,,,,,,,,,,,,0.4961332082748413,0.0,0.0,6.673440456390381,0.8340499997138977,0.5628676414489746,0,0.34355918114417117,-0.01841476136178244,0.04920184658988128,0.6952847588629949,1892352,56,0,0,0
5720,mixed_tail,0,,,,,,,,,,,,,,,,,,,,,,,,,,,,,,,,,1.2174588441848755,0.0,0.0,6.679374694824219,0.8477500081062317,1.284252643585205,0,0.37391351591340793,0.04035969914444389,0.049292136461193126,0.5535057316164649,1892352,56,0,0,0
5740,mixed_tail,0,,,,,,,,,,,,,,,,,,,,,,,,,,,,,,,,,0.8097970485687256,0.0,0.0,6.682680130004883,0.6450999975204468,0.8766238689422607,0,0.35362942400463526,0.010194596605288098,0.042815654448396155,1.2529893903268707,1892352,56,0,0,0
5750,,,,-0.14738607423615746,0.9510477157837567,2.5884201678114445,,32,8415,0.03629063306672409,1.4074422777685431,4.08549247421327,,32,14382,0.1304931640625,0.08642899908987031,1.0570929601620649,2.8779923781937384,,-0.15098878732575616,0.5314441899632342,1.701387662178598,32,6174,,-0.5274316115380568,1.3384376571327254,3.8130815085402507,,32,3861,0,0.0,,,,,,,,,,,,,,,,
5760,mixed_tail,0,,,,,,,,,,,,,,,,,,,,,,,,,,,,,,,,,1.234444499015808,0.0,0.0,6.686159133911133,0.866599977016449,1.301306128501892,0,0.39242061070575573,0.013674933111490515,0.04795002415037108,0.5380118443261063,1892352,56,0,0,0
5780,mixed_tail,0,,,,,,,,,,,,,,,,,,,,,,,,,,,,,,,,,0.7725169062614441,0.0,0.0,6.69120979309082,0.8416000008583069,0.8394290208816528,0,0.4256264930449843,0.023305701447368068,0.050397207083860564,0.7659582481261283,1892352,56,0,0,0
5800,mixed_tail,0,,,,,,,,,,,,,,,,,,,,,,,,,,,,,,,,,0.7192284464836121,0.0,0.0,6.694474697113037,0.7038500308990479,0.7861732244491577,0,0.19741437980643622,-0.02529664451971517,0.05430194553106077,1.8398878296689383,1892352,56,0,0,0
5820,mixed_tail,0,,,,,,,,,,,,,,,,,,,,,,,,,,,,,,,,,1.0542705059051514,0.0,0.0,6.697632789611816,0.826449990272522,1.1212468147277832,0,0.47451178476185546,0.026229993003653362,0.03034451795845396,0.43094318486040545,1892352,56,0,0,0
5840,mixed_tail,0,,,,,,,,,,,,,,,,,,,,,,,,,,,,,,,,,0.7346143126487732,0.0,0.0,6.702202320098877,0.6465499997138977,0.8016363382339478,0,0.42202087191349735,-0.01339004237836759,0.04917940951676832,0.6823912129160903,1892352,56,0,0,0
5860,mixed_tail,0,,,,,,,,,,,,,,,,,,,,,,,,,,,,,,,,,0.7940282821655273,0.0,0.0,6.705580234527588,0.8545500040054321,0.8610841035842896,0,0.4138403032132116,0.007637370756128803,0.03800463593520579,1.0371702599383537,1892352,56,0,0,0
5880,mixed_tail,0,,,,,,,,,,,,,,,,,,,,,,,,,,,,,,,,,1.0447438955307007,0.0,0.0,6.709751605987549,0.777999997138977,1.1118414402008057,0,0.430483767743487,0.023182119644064057,0.05215021429199075,0.4530406004852719,1892352,56,0,0,0
5900,mixed_tail,0,,,,,,,,,,,,,,,,,,,,,,,,,,,,,,,,,0.5254495143890381,0.0,0.0,6.7129034996032715,0.8579000234603882,0.5925785303115845,0,0.33135083157557066,0.025811811501625925,0.04266600544815735,1.0589221216383433,1892352,56,0,0,0
5920,mixed_tail,0,,,,,,,,,,,,,,,,,,,,,,,,,,,,,,,,,0.2733948826789856,0.0,0.0,6.717240333557129,0.9255000352859497,0.34056729078292847,0,0.3095853998707031,-0.010514413684307198,0.05495548096766311,0.6208799903000158,1892352,56,0,0,0
5940,mixed_tail,0,,,,,,,,,,,,,,,,,,,,,,,,,,,,,,,,,0.3324683606624603,0.0,0.0,6.72035551071167,0.3206000030040741,0.39967191219329834,0,0.26770032675161454,0.016546652961031732,0.04016052466625023,0.48305495510262153,1892352,56,0,0,0
5960,mixed_tail,0,,,,,,,,,,,,,,,,,,,,,,,,,,,,,,,,,0.7991530299186707,0.0,0.0,6.72288179397583,0.6498500108718872,0.866381824016571,0,0.4140302804007557,-0.025312577819152336,0.06327863476786112,1.159319663662759,1892352,56,0,0,0
5980,mixed_tail,0,,,,,,,,,,,,,,,,,,,,,,,,,,,,,,,,,0.7854426503181458,0.0,0.0,6.727212429046631,0.6042500138282776,0.8527147769927979,0,0.2622776065626804,0.002140108137869642,0.03960437813685054,1.1294555229090508,1892352,56,0,0,0
5999,mixed_tail,0,,,,,,,,,,,,,,,,,,,,,,,,,,,,,,,,,0.6743961572647095,0.0,0.0,6.730719566345215,0.8126000165939331,0.7417033314704895,0,0.4254504399492713,0.01738400656280906,0.06278748880214398,0.7748070097513615,1892352,56,0,0,0
5999,,,0.125,-0.15125253352110246,0.9471812564988117,2.5784314695117536,,32,8415,0.036883075551253475,1.4080347202530725,4.087913610646445,,32,14382,0.127532958984375,0.08487888258330677,1.0419176970716633,2.8346478011727356,0.03125,-0.17693042415301308,0.5055025531359773,1.657818453009329,32,6174,0.015625,-0.5589170102719907,1.3069522583987916,3.694895447754137,,32,3861,0,0.0,,,,,,,,,,,,,,,,
