step,phase,consolidation/count,eval/code/exact_match,eval/code/forgetting_delta,eval/code/loss,eval/code/ppl,eval/code/retention_delta,eval/code/samples,eval/code/tokens,eval/general/forgetting_delta,eval/general/loss,eval/general/ppl,eval/general/retention_delta,eval/general/samples,eval/general/tokens,eval/lora/sparsity_max,eval/lora/sparsity_mean,eval/macro_loss,eval/macro_ppl,eval/math/exact_match,eval/math/forgetting_delta,eval/math/loss,eval/math/ppl,eval/math/retention_delta,eval/math/samples,eval/math/tokens,eval/medical/exact_match,eval/medical/forgetting_delta,eval/medical/loss,eval/medical/ppl,eval/medical/retention_delta,eval/medical/samples,eval/medical/tokens,eval/retrieval/buffer_size,eval/retrieval/hit_rate,loss/ce,loss/kd,loss/kd_row_hit_frac,loss/reg,loss/teacher_conf_mean,loss/total,retrieval/buffer_size,signals/repetition_mean,signals/stability_C_mean,signals/stability_adam_mean,signals/surprise_mean,write/coords_opened,write/f_count,write/p_count,write/r_count,write/replay_count
0,general_warm,0,,,,,,,,,,,,,,,,,,,,,,,,,,,,,,,,,,1.3859089612960815,0.0,0.0,5.839632511138916,0.8518500328063965,1.4443053007125854,6,0.022727272727272728,0.0,0.0,17.804274341795182,0,0,0,6,0
20,general_warm,0,,,,,,,,,,,,,,,,,,,,,,,,,,,,,,,,,,1.0551620721817017,0.0,0.0,5.8396148681640625,0.8286000490188599,1.1135581731796265,90,0.30793856109296913,0.25455356538960977,0.056011986101253165,0.6564861074090004,0,0,0,6,0
40,general_warm,0,,,,,,,,,,,,,,,,,,,,,,,,,,,,,,,,,,1.39888334274292,0.0,0.0,5.8428826332092285,0.7856999635696411,1.4573121070861816,72,0.3902131265651912,0.2518288815127952,0.03977140275140604,0.48891925837785477,0,5,0,1,1
60,general_warm,0,,,,,,,,,,,,,,,,,,,,,,,,,,,,,,,,,,1.097223162651062,0.0,0.0,5.84585428237915,0.7939499616622925,1.1556817293167114,64,0.3497326153197653,0.09922530537421283,0.03231277178292946,0.5355951533904151,0,4,0,2,1
80,general_warm,0,,,,,,,,,,,,,,,,,,,,,,,,,,,,,,,,,,1.2698633670806885,0.0,0.0,5.847803592681885,0.7663999795913696,1.3283413648605347,44,0.37487846176423345,0.08723131322351817,0.030461693457549528,0.5385084132471728,0,5,0,1,1
100,general_warm,0,,,,,,,,,,,,,,,,,,,,,,,,,,,,,,,,,,1.2855768203735352,0.0,0.0,5.849381446838379,0.8627499938011169,1.3440706729888916,41,0.15982047726912516,0.07223552907817066,0.030648505235356945,0.6008224241790316,0,2,0,4,1
120,general_warm,0,,,,,,,,,,,,,,,,,,,,,,,,,,,,,,,,,,1.114336609840393,0.0,0.0,5.8506340980529785,0.8041000366210938,1.1728429794311523,52,0.22400531316160177,0.08582057470942216,0.033604785625541964,0.604668507003595,0,1,0,5,1
140,general_warm,0,,,,,,,,,,,,,,,,,,,,,,,,,,,,,,,,,,1.0195302963256836,0.0,0.0,5.851869583129883,0.8096500039100647,1.0780489444732666,60,0.36403546901666933,0.06788485398283228,0.03248965910576757,0.5172455322647852,0,5,0,1,1
160,general_warm,0,,,,,,,,,,,,,,,,,,,,,,,,,,,,,,,,,,1.148843765258789,0.0,0.0,5.8526482582092285,0.840999960899353,1.2073702812194824,71,0.3543353325295799,0.05530385989030557,0.031050716320584926,0.6067858415227088,0,3,0,3,1
180,general_warm,0,,,,,,,,,,,,,,,,,,,,,,,,,,,,,,,,,,1.1026256084442139,0.0,0.0,5.853308200836182,0.8158000111579895,1.1611586809158325,96,0.30723304294983655,0.08319770474086649,0.03498025225800654,0.5392167296674516,0,6,0,0,1
200,general_warm,0,,,,,,,,,,,,,,,,,,,,,,,,,,,,,,,,,,0.9371926188468933,0.0,0.0,5.854060173034668,0.7732000350952148,0.9957332015037537,99,0.24469114609867879,0.06740274791237814,0.03364276617824558,0.5251868876318136,0,5,0,1,1
220,general_warm,0,,,,,,,,,,,,,,,,,,,,,,,,,,,,,,,,,,1.4461448192596436,0.0,0.0,5.854902744293213,0.8312000036239624,1.504693865776062,128,0.361194015245715,0.13256746422432894,0.03865420614620523,0.7136118798265382,0,0,0,6,0
240,general_warm,0,,,,,,,,,,,,,,,,,,,,,,,,,,,,,,,,,,1.0648802518844604,0.0,0.0,5.855706214904785,0.7965999841690063,1.1234372854232788,117,0.33571818083583904,0.10161666859390348,0.037408224537613846,0.4991035954701522,0,5,0,1,1
250,,,,,1.114764248354408,3.048849323205165,,32,8415,,1.4313196875325929,4.184217409509893,,32,14382,0.7510986328125,0.45549299279037786,1.3218502920348167,3.7503542119246234,,,0.7800139639421617,2.1815027276634296,,32,6174,,,1.9613032683101042,7.108585424896693,,32,3861,115,0.1826086956521739,,,,,,,,,,,,,,,,
260,general_warm,0,,,,,,,,,,,,,,,,,,,,,,,,,,,,,,,,,,1.045947551727295,0.0,0.0,5.856870174407959,0.8145999908447266,1.1045162677764893,113,0.38716785611086274,0.08412795606792704,0.03614721375236672,0.5494081994843861,0,4,0,2,1
280,general_warm,0,,,,,,,,,,,,,,,,,,,,,,,,,,,,,,,,,,1.0987681150436401,0.0,0.0,5.857737064361572,0.855650007724762,1.1573455333709717,105,0.33346730096197985,0.04387555874044275,0.035951552840156685,0.6052970384084989,0,4,0,2,1
300,general_warm,0,,,,,,,,,,,,,,,,,,,,,,,,,,,,,,,,,,1.2211049795150757,0.0,0.0,5.858399391174316,0.8218500018119812,1.2796889543533325,115,0.4079135530610195,0.07441838266095147,0.03396265031769872,0.5362151802768783,0,4,0,2,1
320,general_warm,0,,,,,,,,,,,,,,,,,,,,,,,,,,,,,,,,,,1.1100975275039673,0.0,0.0,5.859131336212158,0.8156499862670898,1.1686888933181763,122,0.3635824571451617,0.05846782943990547,0.03657922401787743,0.748930832495292,0,1,0,5,0
340,general_warm,0,,,,,,,,,,,,,,,,,,,,,,,,,,,,,,,,,,1.1630442142486572,0.0,0.0,5.859838962554932,0.8394500017166138,1.2216426134109497,128,0.3974521255988332,0.13661438395034306,0.033974934690114526,0.6708576924744107,0,1,0,5,1
360,general_warm,0,,,,,,,,,,,,,,,,,,,,,,,,,,,,,,,,,,1.288356065750122,0.0,0.0,5.860636234283447,0.8440499901771545,1.3469624519348145,147,0.41796251550741575,0.13387700278378492,0.03734595872580059,0.7304233029484749,0,1,0,5,1
380,general_warm,0,,,,,,,,,,,,,,,,,,,,,,,,,,,,,,,,,,1.1966400146484375,0.0,0.0,5.861187934875488,0.8213000297546387,1.2552518844604492,168,0.4333053115002956,0.16152369459658594,0.03646283844515445,0.6146263720733779,0,1,0,5,1
400,general_warm,0,,,,,,,,,,,,,,,,,,,,,,,,,,,,,,,,,,1.1050441265106201,0.0,0.0,5.861827850341797,0.7973999977111816,1.1636624336242676,172,0.43694390957252743,0.12402813610554274,0.03915509769752149,0.4764817469768108,0,5,0,1,1
420,general_warm,0,,,,,,,,,,,,,,,,,,,,,,,,,,,,,,,,,,1.229703664779663,0.0,0.0,5.862381935119629,0.8286999464035034,1.2883274555206299,185,0.41091162169425977,0.07123912531824317,0.035279216803610326,0.6125418142193839,0,3,0,3,1
440,general_warm,0,,,,,,,,,,,,,,,,,,,,,,,,,,,,,,,,,,1.3808432817459106,0.0,0.0,5.86314058303833,0.8730999827384949,1.4394747018814087,201,0.2896920083479764,0.10947778197753776,0.03899654074616376,0.8722943911476742,0,0,0,6,0
460,general_warm,0,,,,,,,,,,,,,,,,,,,,,,,,,,,,,,,,,,1.378434181213379,0.0,0.0,5.863834857940674,0.8292499780654907,1.437072515487671,214,0.1840985592337753,0.14576774283445307,0.03539539404390823,0.8223647755762887,0,0,0,6,0
480,general_warm,0,,,,,,,,,,,,,,,,,,,,,,,,,,,,,,,,,,1.1867386102676392,0.0,0.0,5.86429500579834,0.8049499988555908,1.2453815937042236,200,0.4403124546537871,0.07202438833025683,0.035568758023400156,0.548529109973756,0,5,0,1,1
499,,,0.03125,0.02074295198074494,1.135507200335153,3.1127519314145613,,32,8415,-0.004948991211344955,1.426370696321248,4.163560910899693,,32,14382,0.7510986328125,0.43923060099283856,1.3340085140534401,3.796230171006604,0.0625,0.02116339670866485,0.8011773606508266,2.228162735912066,,32,6174,0.03125,0.011675530596429118,1.9729787989065333,7.192068336818703,,32,3861,222,0.23198198198198197,,,,,,,,,,,,,,,,
500,code_recurrent,0,,,,,,,,,,,,,,,,,,,,,,,,,,,,,,,,,,0.9654727578163147,0.0,0.0,5.865285396575928,0.8567500114440918,1.024125576019287,228,0.22563708679209968,0.09920324329245236,0.037754814294240775,2.3715478918382096,0,0,0,6,0
500,,,,0.01922772068107559,1.1339919690354836,3.1080389637797317,,32,8415,-0.0052321668361494655,1.4260875206964434,4.162382058856297,,32,14382,0.7510986328125,0.43923060099283856,1.3334493202243802,3.794107935946962,,0.021107786405345275,0.801121750347507,2.2280388305517156,,32,6174,,0.011292772507982551,1.9725960408180867,7.189316041255421,,32,3861,228,0.03070175438596491,,,,,,,,,,,,,,,,
520,code_recurrent,0,,,,,,,,,,,,,,,,,,,,,,,,,,,,,,,,,,0.9736265540122986,0.0,0.0,5.865318775177002,0.8783999681472778,1.0322797298431396,341,0.3419347825397388,0.2291035774064117,0.09901919001269908,1.2439980295915452,0,0,0,6,0
540,code_recurrent,0,,,,,,,,,,,,,,,,,,,,,,,,,,,,,,,,,,1.1246514320373535,0.0,0.0,5.8654632568359375,0.8715000152587891,1.183306097984314,437,0.3731741291908386,0.18516586230336024,0.06880121380608115,1.4055143691244578,0,0,0,6,0
560,code_recurrent,0,,,,,,,,,,,,,,,,,,,,,,,,,,,,,,,,,,0.8583590388298035,0.0,0.0,5.865801811218262,0.9085999727249146,0.9170170426368713,511,0.3888143849717044,0.10281935930418383,0.06440402144891402,1.0666815956197087,0,0,0,6,0
580,code_recurrent,0,,,,,,,,,,,,,,,,,,,,,,,,,,,,,,,,,,0.646645188331604,0.0,0.0,5.866255283355713,0.8567500114440918,0.7053077220916748,555,0.4023445812609023,0.0009418109901681808,0.054979553423999315,0.6171635776876457,0,2,0,4,1
600,code_recurrent,0,,,,,,,,,,,,,,,,,,,,,,,,,,,,,,,,,,0.692324161529541,0.0,0.0,5.86746072769165,0.8783999681472778,0.7509987950325012,524,0.39665014177545904,0.025850561454717536,0.03902484490462239,0.7018994772481539,0,1,0,5,1
620,code_recurrent,0,,,,,,,,,,,,,,,,,,,,,,,,,,,,,,,,,,0.8366672992706299,0.0,0.0,5.868330478668213,0.8715000152587891,0.8953505754470825,517,0.39952785675585345,0.07289069447454365,0.04490782332990969,0.8665973814470427,0,1,0,5,1
640,code_recurrent,0,,,,,,,,,,,,,,,,,,,,,,,,,,,,,,,,,,0.66838538646698,0.0,0.0,5.8693461418151855,0.9085999727249146,0.7270788550376892,535,0.4030035916195169,0.031534176977792025,0.0435018674877014,0.6773181370562977,0,2,0,4,1
660,code_recurrent,0,,,,,,,,,,,,,,,,,,,,,,,,,,,,,,,,,,0.4681728184223175,0.0,0.0,5.870609283447266,0.8567500114440918,0.5268788933753967,554,0.40777947441302015,-0.002171551659038024,0.04361126773754164,0.5217882499335305,0,2,0,4,1
680,code_recurrent,0,,,,,,,,,,,,,,,,,,,,,,,,,,,,,,,,,,0.5115338563919067,0.0,0.0,5.872026443481445,0.8783999681472778,0.5702541470527649,543,0.4125937518725146,0.01939893559756456,0.04791197770289958,0.5627827660668464,0,2,0,4,1
700,code_recurrent,0,,,,,,,,,,,,,,,,,,,,,,,,,,,,,,,,,,0.5665202140808105,0.0,0.0,5.8733978271484375,0.8715000152587891,0.625254213809967,576,0.4155263304720512,0.02067181874216268,0.048480749582605696,0.7516162623843503,0,0,0,6,0
720,code_recurrent,0,,,,,,,,,,,,,,,,,,,,,,,,,,,,,,,,,,0.5241727828979492,0.0,0.0,5.874770641326904,0.9085999727249146,0.582920491695404,599,0.4184037810770116,0.022184665653704933,0.047286216354381946,0.7223147220081753,0,1,0,5,1
740,code_recurrent,0,,,,,,,,,,,,,,,,,,,,,,,,,,,,,,,,,,0.36334851384162903,0.0,0.0,5.876506328582764,0.8567500114440918,0.4221135675907135,641,0.4225671237789041,-0.00935372412277502,0.06374166940915442,0.6443648749932883,0,0,0,6,0
750,,,,-0.054860726694797135,1.0599035216596109,2.886092530418006,,32,8415,0.08330881232562826,1.5146284998582211,4.547731330151301,,32,14382,0.7510986328125,0.42698254228449195,1.3961526490375287,4.039628163653176,,0.11868329136202471,0.8986972553041864,2.456400962494052,,32,6174,,0.15007805101799243,2.1113813193280966,8.25964261236025,,32,3861,655,0.6030534351145038,,,,,,,,,,,,,,,,
760,code_recurrent,0,,,,,,,,,,,,,,,,,,,,,,,,,,,,,,,,,,0.43238064646720886,0.0,0.0,5.877590179443359,0.8783999681472778,0.49115654826164246,677,0.42547086101424847,0.011790153679612558,0.05419394817528507,0.5047042905870411,0,1,0,5,1
780,code_recurrent,0,,,,,,,,,,,,,,,,,,,,,,,,,,,,,,,,,,0.4984094798564911,0.0,0.0,5.879269599914551,0.8715000152587891,0.557202160358429,721,0.4299347624390383,0.05264943039427245,0.0516741997614089,1.1078736567189769,0,0,0,6,0
800,code_recurrent,0,,,,,,,,,,,,,,,,,,,,,,,,,,,,,,,,,,0.45334815979003906,0.0,0.0,5.880250453948975,0.9085999727249146,0.5121506452560425,802,0.4349491247049696,0.034516093231754245,0.08127487698008143,0.6930749018159178,0,0,0,6,0
820,code_recurrent,0,,,,,,,,,,,,,,,,,,,,,,,,,,,,,,,,,,0.33518797159194946,0.0,0.0,5.881643772125244,0.8567500114440918,0.3940044045448303,859,0.4413431214324648,0.013973951129758331,0.09828639587623969,0.7445145888224481,0,0,0,6,0
840,code_recurrent,0,,,,,,,,,,,,,,,,,,,,,,,,,,,,,,,,,,0.3496318757534027,0.0,0.0,5.883089065551758,0.8783999681472778,0.4084627628326416,903,0.4409599436102137,0.011385912040298405,0.0646611909426394,0.5377423657429597,0,2,0,4,1
860,code_recurrent,0,,,,,,,,,,,,,,,,,,,,,,,,,,,,,,,,,,0.43833503127098083,0.0,0.0,5.884681701660156,0.8715000152587891,0.49718183279037476,957,0.44064020309892626,0.028444653052637086,0.0832921207091579,1.4759843841549896,0,0,0,6,0
880,code_recurrent,0,,,,,,,,,,,,,,,,,,,,,,,,,,,,,,,,,,0.4118606746196747,0.0,0.0,5.885885715484619,0.9085999727249146,0.47071951627731323,995,0.44152125979890267,0.002606995528497334,0.0853202639687215,0.6429684849603782,0,1,0,5,1
900,code_recurrent,0,,,,,,,,,,,,,,,,,,,,,,,,,,,,,,,,,,0.3021406829357147,0.0,0.0,5.887282371520996,0.8567500114440918,0.3610135018825531,993,0.45211601093138004,0.0722074920756443,0.10760571267973218,0.6037072513725549,0,1,0,5,1
920,code_recurrent,0,,,,,,,,,,,,,,,,,,,,,,,,,,,,,,,,,,0.29851657152175903,0.0,0.0,5.888637542724609,0.8783999681472778,0.3574029505252838,996,0.45018480346917306,0.00365222901746165,0.07119659211279618,0.5052217332498422,0,2,0,4,1
940,code_recurrent,0,,,,,,,,,,,,,,,,,,,,,,,,,,,,,,,,,,0.4010906219482422,0.0,0.0,5.889629364013672,0.8715000152587891,0.45998692512512207,1000,0.3871279084383628,0.05851093488308834,0.05889012227795781,1.3064880718432723,0,0,0,6,0
960,code_recurrent,0,,,,,,,,,,,,,,,,,,,,,,,,,,,,,,,,,,0.36178022623062134,0.0,0.0,5.890795707702637,0.9085999727249146,0.4206881821155548,1000,0.37846243636303406,0.028542045004931942,0.07116977086231586,0.9549169630403557,0,0,0,6,0
980,code_recurrent,0,,,,,,,,,,,,,,,,,,,,,,,,,,,,,,,,,,0.23927563428878784,0.0,0.0,5.891714096069336,0.8567500114440918,0.2981927692890167,990,0.4029979071801301,-0.002063296832992429,0.058056588127233445,0.379121538718778,0,6,0,0,1
1000,code_recurrent,0,,,,,,,,,,,,,,,,,,,,,,,,,,,,,,,,,,0.2786097228527069,0.0,0.0,5.893679618835449,0.8783999681472778,0.33754652738571167,988,0.4324317977912999,0.034444968752463216,0.09396777720456677,0.48277276984992484,0,5,0,1,1
1000,,,,0.09116036136874262,1.2059246097231506,3.339845704697407,,32,8415,0.19684185038155322,1.628161537914146,5.094500058494759,,32,14382,0.7510986328125,0.4185403317821269,1.5500837915784582,4.711864980654345,,0.2371003027675913,1.017114266709753,2.7652035992441237,,32,6174,,0.3878314836566792,2.3491347519667833,10.476501030046991,,32,3861,988,0.888663967611336,,,,,,,,,,,,,,,,
1020,code_recurrent,0,,,,,,,,,,,,,,,,,,,,,,,,,,,,,,,,,,0.3342783749103546,0.0,0.0,5.894992351531982,0.8715000152587891,0.39322829246520996,1000,0.41587336964624994,-0.016741332961828448,0.06808701850592144,0.9800083852121755,0,0,0,6,0
1040,code_recurrent,0,,,,,,,,,,,,,,,,,,,,,,,,,,,,,,,,,,0.32525524497032166,0.0,0.0,5.896015644073486,0.9085999727249146,0.38421541452407837,1000,0.42671340855213796,0.0015799711088350574,0.0850183120455652,0.89881412734588,0,0,0,6,0
1060,code_recurrent,0,,,,,,,,,,,,,,,,,,,,,,,,,,,,,,,,,,0.22949561476707458,0.0,0.0,5.897129058837891,0.8567500114440918,0.2884669005870819,1000,0.43901736401943287,0.028453970174138834,0.08031397257591523,0.583698698718633,0,0,0,6,0
1080,code_recurrent,0,,,,,,,,,,,,,,,,,,,,,,,,,,,,,,,,,,0.2316889762878418,0.0,0.0,5.898443698883057,0.8783999681472778,0.2906734049320221,999,0.45558326949735184,0.011649980188979368,0.08896265358826706,0.49615702150714774,0,4,0,2,1
1100,code_recurrent,0,,,,,,,,,,,,,,,,,,,,,,,,,,,,,,,,,,0.30054622888565063,0.0,0.0,5.899683952331543,0.8715000152587891,0.3595430552959442,1000,0.41944794735851954,0.044908531590148675,0.10895247442854775,0.8565886638467274,0,0,0,6,0
1120,code_recurrent,0,,,,,,,,,,,,,,,,,,,,,,,,,,,,,,,,,,0.26553478837013245,0.0,0.0,5.901472091674805,0.9085999727249146,0.32454949617385864,994,0.4087228400408782,-0.010919838547124527,0.08947990794946988,0.5061368685688764,0,2,0,4,1
1140,code_recurrent,0,,,,,,,,,,,,,,,,,,,,,,,,,,,,,,,,,,0.19482289254665375,0.0,0.0,5.903061389923096,0.8567500114440918,0.2538534998893738,990,0.42638049815095785,0.011279093728392451,0.07940582398857389,0.40765614256499305,0,6,0,0,1
1160,code_recurrent,0,,,,,,,,,,,,,,,,,,,,,,,,,,,,,,,,,,0.19322118163108826,0.0,0.0,5.904904842376709,0.8783999681472778,0.2522702217102051,984,0.47010842193228497,0.029482540987373795,0.08252709172887816,0.45529522254826527,0,5,0,1,1
1180,code_recurrent,0,,,,,,,,,,,,,,,,,,,,,,,,,,,,,,,,,,0.2321363389492035,0.0,0.0,5.906281471252441,0.8715000152587891,0.2911991477012634,987,0.4642132746252337,-0.03283494294633523,0.07755567431228147,0.5473051763184014,0,0,0,6,0
1200,code_recurrent,0,,,,,,,,,,,,,,,,,,,,,,,,,,,,,,,,,,0.2786273956298828,0.0,0.0,5.907919406890869,0.9085999727249146,0.337706595659256,995,0.48883754702816523,0.00017157243148955916,0.07730465549236488,0.7198562919265694,0,0,0,6,0
1220,code_recurrent,0,,,,,,,,,,,,,,,,,,,,,,,,,,,,,,,,,,0.1739387810230255,0.0,0.0,5.909735202789307,0.8567500114440918,0.2330361306667328,989,0.4828701655830666,0.008239711732520456,0.08412944760750092,0.31783959951310875,0,6,0,0,1
1240,code_recurrent,0,,,,,,,,,,,,,,,,,,,,,,,,,,,,,,,,,,0.18070736527442932,0.0,0.0,5.91071081161499,0.8783999681472778,0.23981447517871857,996,0.4465949502820045,-0.00742523540975526,0.1263446761945647,0.5326962036213704,0,2,0,4,1
1250,,,,0.1348492935733716,1.2496135419277796,3.4889943468586244,,32,8415,0.2634306201979906,1.6947503077305834,5.445286149595824,,32,14382,0.7510986328125,0.3963351606511745,1.6114698464849901,5.010169999139102,,0.28070048093409605,1.0607144448762578,2.888433879054992,,32,6174,,0.47949782309523514,2.4408010914053393,11.482235379507497,,32,3861,1000,0.8795,,,,,,,,,,,,,,,,
1260,code_recurrent,0,,,,,,,,,,,,,,,,,,,,,,,,,,,,,,,,,,0.21829922497272491,0.0,0.0,5.911953926086426,0.8715000152587891,0.27741876244544983,992,0.45513855646356827,-0.005370943243698483,0.06855530293569678,0.6313225473439882,0,0,0,6,0
1280,code_recurrent,0,,,,,,,,,,,,,,,,,,,,,,,,,,,,,,,,,,0.24503105878829956,0.0,0.0,5.91365385055542,0.9085999727249146,0.30416759848594666,955,0.47378474655116387,-0.04709465474713527,0.07063985473757226,0.44959764479999503,0,6,0,0,1
1300,code_recurrent,0,,,,,,,,,,,,,,,,,,,,,,,,,,,,,,,,,,0.16945916414260864,0.0,0.0,5.915058612823486,0.8567500114440918,0.22860974073410034,936,0.4823950584838644,-0.06565920530036758,0.06249805584195114,0.261455286187785,0,6,0,0,1
1320,code_recurrent,0,,,,,,,,,,,,,,,,,,,,,,,,,,,,,,,,,,0.1735711693763733,0.0,0.0,5.916760444641113,0.8783999681472778,0.23273877799510956,948,0.4990223362071079,0.017931506416061893,0.1062038685476023,0.5806406815787629,0,1,0,5,1
1340,code_recurrent,0,,,,,,,,,,,,,,,,,,,,,,,,,,,,,,,,,,0.17273426055908203,0.0,0.0,5.918073654174805,0.8715000152587891,0.23191499710083008,960,0.5186162266791042,-0.029324751085368916,0.10483107468822882,0.3580750744671576,0,6,0,0,1
1360,code_recurrent,0,,,,,,,,,,,,,,,,,,,,,,,,,,,,,,,,,,0.21390393376350403,0.0,0.0,5.919347286224365,0.9085999727249146,0.2730973958969116,964,0.48864252352509807,-0.07777177345789303,0.0768691044818196,0.4032138580722468,0,6,0,0,1
1380,code_recurrent,0,,,,,,,,,,,,,,,,,,,,,,,,,,,,,,,,,,0.1614062637090683,0.0,0.0,5.92049503326416,0.8567500114440918,0.22061121463775635,940,0.4932128654191485,-0.09367673691927589,0.0764317052882342,0.21950995985950741,0,6,0,0,1
1400,code_recurrent,0,,,,,,,,,,,,,,,,,,,,,,,,,,,,,,,,,,0.17934367060661316,0.0,0.0,5.922514915466309,0.8783999681472778,0.23856881260871887,895,0.5446975320913812,-0.04203848346826687,0.05542499662583901,0.3506609699496674,0,6,0,0,1
1420,code_recurrent,0,,,,,,,,,,,,,,,,,,,,,,,,,,,,,,,,,,0.1789754033088684,0.0,0.0,5.923402309417725,0.8715000152587891,0.23820942640304565,869,0.5458201110516989,-0.0723334554183696,0.05199334587207034,0.2865579559748608,0,6,0,0,1
1440,code_recurrent,0,,,,,,,,,,,,,,,,,,,,,,,,,,,,,,,,,,0.21738453209400177,0.0,0.0,5.92491340637207,0.9085999727249146,0.27663367986679077,830,0.5260135445811381,-0.015211397881752678,0.06439010475185655,0.36686597374814844,0,6,0,0,1
1460,code_recurrent,0,,,,,,,,,,,,,,,,,,,,,,,,,,,,,,,,,,0.1629597693681717,0.0,0.0,5.9258809089660645,0.8567500114440918,0.2222185730934143,820,0.4724997892397746,-0.09909764841930675,0.05648847410662307,0.22802656233192437,0,6,0,0,1
1480,code_recurrent,0,,,,,,,,,,,,,,,,,,,,,,,,,,,,,,,,,,0.15023422241210938,0.0,0.0,5.927151203155518,0.8783999681472778,0.20950573682785034,796,0.48459567585320035,0.07213609185419045,0.060908353234094284,0.4148401486613448,0,6,0,0,1
1500,code_recurrent,0,,,,,,,,,,,,,,,,,,,,,,,,,,,,,,,,,,0.1586970090866089,0.0,0.0,5.9282684326171875,0.8715000152587891,0.21797969937324524,776,0.49266683824609775,-0.06781908197444864,0.05850631128109637,0.26702091815689255,0,6,0,0,1
1500,,,,0.12353448533473532,1.2382987336891433,3.449739543960263,,32,8415,0.2864770572319131,1.717796744764506,5.572237867332292,,32,14382,0.7510986328125,0.3911837882736102,1.6363947537683945,5.136617319483715,,0.3007344553916247,1.0807484193337864,2.9468842310830126,,32,6174,,0.5474318489760386,2.5087351172861427,12.289375606535462,,32,3861,776,0.7216494845360825,,,,,,,,,,,,,,,,
1520,code_recurrent,0,,,,,,,,,,,,,,,,,,,,,,,,,,,,,,,,,,0.21900326013565063,0.0,0.0,5.9286298751831055,0.9085999727249146,0.2782895565032959,751,0.5203095658464924,0.012744328389609498,0.031692282510330044,0.2562194496925388,0,6,0,0,1
1540,code_recurrent,0,,,,,,,,,,,,,,,,,,,,,,,,,,,,,,,,,,0.16329710185527802,0.0,0.0,5.929829120635986,0.8567500114440918,0.22259539365768433,716,0.5137426746124034,0.030231226973618113,0.03727480960595939,0.2509612392397627,0,6,0,0,1
1560,code_recurrent,0,,,,,,,,,,,,,,,,,,,,,,,,,,,,,,,,,,0.15222281217575073,0.0,0.0,5.930373191833496,0.8783999681472778,0.2115265429019928,688,0.5327115976370347,-0.005212280604090276,0.0350158728215666,0.2768394023032179,0,6,0,0,1
1580,code_recurrent,0,,,,,,,,,,,,,,,,,,,,,,,,,,,,,,,,,,0.1643790304660797,0.0,0.0,5.93082332611084,0.8715000152587891,0.22368726134300232,690,0.5018155065498358,0.03422991021943744,0.030245020753511837,0.23339125824766974,0,6,0,0,1
1600,code_recurrent,0,,,,,,,,,,,,,,,,,,,,,,,,,,,,,,,,,,0.1967674344778061,0.0,0.0,5.931249141693115,0.9085999727249146,0.25607991218566895,684,0.526978727274519,-0.016719553041704267,0.045433984107027446,0.18458793852773922,0,6,0,0,1
1620,code_recurrent,0,,,,,,,,,,,,,,,,,,,,,,,,,,,,,,,,,,0.15284481644630432,0.0,0.0,5.931649684906006,0.8567500114440918,0.21216131746768951,680,0.524948369495643,0.016258227727251193,0.028782571710291364,0.18574020107173259,0,6,0,0,1
1640,code_recurrent,0,,,,,,,,,,,,,,,,,,,,,,,,,,,,,,,,,,0.12341134250164032,0.0,0.0,5.932040214538574,0.8783999681472778,0.1827317476272583,677,0.5011393388759027,0.011900324409777698,0.039856011671058476,0.15262147480888028,0,6,0,0,1
1660,code_recurrent,0,,,,,,,,,,,,,,,,,,,,,,,,,,,,,,,,,,0.14439651370048523,0.0,0.0,5.932343006134033,0.8715000152587891,0.20371994376182556,679,0.5306750706473644,0.0056128770977790865,0.056892538902216724,0.1793922656112247,0,6,0,0,1
1680,code_recurrent,0,,,,,,,,,,,,,,,,,,,,,,,,,,,,,,,,,,0.16772615909576416,0.0,0.0,5.932750225067139,0.9085999727249146,0.2270536571741104,682,0.5165330118510477,-0.0615293263357931,0.04060169601635564,0.15921935683914595,0,6,0,0,1
1700,code_recurrent,0,,,,,,,,,,,,,,,,,,,,,,,,,,,,,,,,,,0.13316866755485535,0.0,0.0,5.933368682861328,0.8567500114440918,0.19250234961509705,680,0.46873414846510786,-0.05495727200676421,0.037464107877560084,0.16134574192147408,0,6,0,0,1
1720,code_recurrent,0,,,,,,,,,,,,,,,,,,,,,,,,,,,,,,,,,,0.12175077199935913,0.0,0.0,5.9335479736328125,0.8783999681472778,0.1810862421989441,681,0.48250573031307914,-0.012808042291518567,0.04530112600279233,0.21628941085248712,0,6,0,0,1
1740,code_recurrent,0,,,,,,,,,,,,,,,,,,,,,,,,,,,,,,,,,,0.12401744723320007,0.0,0.0,5.933907508850098,0.8715000152587891,0.18335652351379395,685,0.5475546851305378,0.05948345345677808,0.025343184715639504,0.1482141069742659,0,6,0,0,1
1750,,,,0.07579200640365058,1.1905562547580586,3.2889101705824313,,32,8415,0.23467364024094794,1.6659933277735408,5.290926264352327,,32,14382,0.7510986328125,0.3880600961698156,1.6223596057564018,5.06502769577812,,0.2728630191962387,1.0528769831384004,2.865884369929753,,32,6174,,0.6187085890455031,2.5800118573556072,13.197294643746256,,32,3861,685,0.7416058394160584,,,,,,,,,,,,,,,,
1760,code_recurrent,0,,,,,,,,,,,,,,,,,,,,,,,,,,,,,,,,,,0.1643429845571518,0.0,0.0,5.9344024658203125,0.9085999727249146,0.22368700802326202,685,0.5252667741571412,0.023523966598856662,0.03568166426811663,0.1643508619022748,0,6,0,0,1
1780,code_recurrent,0,,,,,,,,,,,,,,,,,,,,,,,,,,,,,,,,,,0.13654424250125885,0.0,0.0,5.934776306152344,0.8567500114440918,0.19589200615882874,673,0.5325962964355312,-0.0012777885505264358,0.04081163462325339,0.16598522993957712,0,6,0,0,1
1800,code_recurrent,0,,,,,,,,,,,,,,,,,,,,,,,,,,,,,,,,,,0.11677611619234085,0.0,0.0,5.935128211975098,0.8783999681472778,0.17612740397453308,672,0.5235815874078954,-0.008408447231756457,0.03538196741765927,0.20728673393586797,0,6,0,0,1
1820,code_recurrent,0,,,,,,,,,,,,,,,,,,,,,,,,,,,,,,,,,,0.13432209193706512,0.0,0.0,5.9352312088012695,0.8715000152587891,0.19367440044879913,672,0.544237465379482,0.12741258091201807,0.03592437907964701,0.15603545650485015,0,6,0,0,1
1840,code_recurrent,0,,,,,,,,,,,,,,,,,,,,,,,,,,,,,,,,,,0.18372569978237152,0.0,0.0,5.935640811920166,0.9085999727249146,0.24308210611343384,664,0.5561732855720731,0.13422059374196188,0.026401320756930444,0.28350732300489667,0,6,0,0,1
1860,code_recurrent,0,,,,,,,,,,,,,,,,,,,,,,,,,,,,,,,,,,0.1614358127117157,0.0,0.0,5.9358110427856445,0.8567500114440918,0.2207939177751541,652,0.5705256264175615,0.0908599478654131,0.02968905859863356,0.18977792908452334,0,6,0,0,1
1880,code_recurrent,0,,,,,,,,,,,,,,,,,,,,,,,,,,,,,,,,,,0.13723257184028625,0.0,0.0,5.935787200927734,0.8783999681472778,0.19659043848514557,640,0.5567136889427526,0.18632612244359084,0.03274388023918228,0.1580761990436013,0,6,0,0,1
1900,code_recurrent,0,,,,,,,,,,,,,,,,,,,,,,,,,,,,,,,,,,0.15079373121261597,0.0,0.0,5.935856819152832,0.8715000152587891,0.2101522982120514,652,0.55541796592149,0.21268301104594553,0.03176992662650134,0.19769457965675327,0,6,0,0,0
1920,code_recurrent,0,,,,,,,,,,,,,,,,,,,,,,,,,,,,,,,,,,0.2055809497833252,0.0,0.0,5.935909271240234,0.9085999727249146,0.2649400532245636,655,0.5174774474785375,0.31145699644860414,0.02365898517078705,0.19221672490239142,0,6,0,0,1
1940,code_recurrent,0,,,,,,,,,,,,,,,,,,,,,,,,,,,,,,,,,,0.1541292369365692,0.0,0.0,5.935940265655518,0.8567500114440918,0.2134886384010315,675,0.5360054528667807,0.3010773032770625,0.02564742224852717,0.1528579452385505,0,6,0,0,0
1960,code_recurrent,0,,,,,,,,,,,,,,,,,,,,,,,,,,,,,,,,,,0.13258515298366547,0.0,0.0,5.935940265655518,0.8783999681472778,0.19194455444812775,699,0.5282965032225313,0.2277889203812395,0.025810996198376256,0.1540819798670118,0,6,0,0,0
1980,code_recurrent,0,,,,,,,,,,,,,,,,,,,,,,,,,,,,,,,,,,0.14320413768291473,0.0,0.0,5.936087131500244,0.8715000152587891,0.2025650143623352,700,0.5239741651821509,0.17836399257690314,0.034308277720969824,0.14719038299979673,0,6,0,0,0
1999,,,0.03125,-0.03744725155391215,1.0773169968004959,2.936789555583077,,32,8415,0.15448734780509055,1.5858070353376834,4.883230728461543,0.1594363390164355,32,14382,0.7510986328125,0.3871114302654656,1.5299881853160286,4.618122260322418,0.03125,0.18115697526452912,0.9611709392066908,2.6147564023655874,,32,6174,0.015625,0.5343545016091402,2.4956577699192444,12.129709453144407,,32,3861,707,0.7715700141442716,,,,,,,,,,,,,,,,
2000,novel_inject,0,,,,,,,,,,,,,,,,,,,,,,,,,,,,,,,,,,1.1714202165603638,0.0,0.0,5.936160564422607,0.8246999979019165,1.2307817935943604,711,0.07981296919672176,-0.068310399978405,0.03219702044457552,0.8026487848943188,0,2,0,4,0
2000,,,,-0.036479175225369476,1.0782850731290385,2.9396339686160693,,32,8415,0.154589208868942,1.5859088964015349,4.883728164872847,,32,14382,0.7510986328125,0.3871114302654656,1.5301252460528718,4.618755266941436,,0.18164226604890465,0.9616562299910664,2.6160256274977627,,32,6174,,0.5333475163797432,2.4946507846898474,12.11750116270391,,32,3861,711,0.0028129395218002813,,,,,,,,,,,,,,,,
2020,novel_inject,0,,,,,,,,,,,,,,,,,,,,,,,,,,,,,,,,,,1.2312047481536865,0.0,0.0,5.936160564422607,0.8252000212669373,1.290566325187683,789,0.3033457003435506,0.3763398705050349,0.06968726715930397,0.6721797895691698,0,2,0,4,0
2040,novel_inject,0,,,,,,,,,,,,,,,,,,,,,,,,,,,,,,,,,,1.159733772277832,0.0,0.0,5.936160564422607,0.7865500450134277,1.2190953493118286,846,0.3033247031072902,0.2620695745572448,0.05408997187642233,0.6127689678517598,0,3,0,3,0
2060,novel_inject,0,,,,,,,,,,,,,,,,,,,,,,,,,,,,,,,,,,1.1639654636383057,0.0,0.0,5.936160564422607,0.8284000158309937,1.2233270406723022,900,0.30291985562302,0.24201721219079836,0.05125508292001628,0.4797990747742237,0,5,0,1,0
2080,novel_inject,0,,,,,,,,,,,,,,,,,,,,,,,,,,,,,,,,,,1.1483752727508545,0.0,0.0,5.936160564422607,0.788349986076355,1.207736849784851,943,0.2968826667209356,0.24455707340634295,0.04690249876252243,0.49815320468374663,0,5,0,1,0
2100,novel_inject,0,,,,,,,,,,,,,,,,,,,,,,,,,,,,,,,,,,1.162102460861206,0.0,0.0,5.936160564422607,0.7880499958992004,1.2214640378952026,974,0.29165855156557197,0.26116431813820135,0.03888273980202419,0.5296994118581689,0,5,0,1,0
2120,novel_inject,0,,,,,,,,,,,,,,,,,,,,,,,,,,,,,,,,,,1.2392799854278564,0.0,0.0,5.936160564422607,0.7863500118255615,1.298641562461853,998,0.2846241650675352,0.192428746094395,0.03077474989566124,0.4742800416927489,0,5,0,1,0
2140,novel_inject,0,,,,,,,,,,,,,,,,,,,,,,,,,,,,,,,,,,1.0433932542800903,0.0,0.0,5.936160564422607,0.824999988079071,1.102754831314087,1000,0.2802671104606766,0.12564079051870586,0.03380012498458936,0.3742246992767803,0,6,0,0,0
2149,,,0.046875,-0.04613470847027257,1.0686295398841354,2.9113868251753616,-0.008687456916360414,32,8415,0.05703188318351504,1.488351570716108,4.4297873060057675,,32,14382,0.7510986328125,0.3871114302654656,1.4819081632373214,4.401336141008514,0.03125,0.15285217858534783,0.9328661425275095,2.541783862319798,,32,6174,0.0,0.4764821315114285,2.4377853998215326,11.447660658460878,,32,3861,1000,0.178,,,,,,,,,,,,,,,,
2160,math_recurrent,0,,,,,,,,,,,,,,,,,,,,,,,,,,,,,,,,,,0.6906207203865051,0.0,0.0,5.936160564422607,0.8757500052452087,0.7499822974205017,1000,0.2972206660759903,0.20156732264773122,0.09824274838828141,1.431302528769251,0,0,0,6,0
2180,math_recurrent,0,,,,,,,,,,,,,,,,,,,,,,,,,,,,,,,,,,0.918820321559906,0.0,0.0,5.936242580413818,0.8689000010490417,0.9781827330589294,1000,0.12863868156380626,0.19289818675523357,0.11114319005892391,2.3421723172778175,0,0,0,6,0
2200,math_recurrent,0,,,,,,,,,,,,,,,,,,,,,,,,,,,,,,,,,,0.4174368679523468,0.0,0.0,5.93637228012085,0.8999999761581421,0.4768005907535553,994,0.14477821101785832,0.13802155963743903,0.07963299711220084,0.8633155731927781,0,1,0,5,1
2220,math_recurrent,0,,,,,,,,,,,,,,,,,,,,,,,,,,,,,,,,,,0.617714524269104,0.0,0.0,5.93653678894043,0.8944000005722046,0.6770799160003662,1000,0.3534903837338529,0.15211736805005266,0.06609676100224966,1.165973558809076,0,0,0,6,0
2240,math_recurrent,0,,,,,,,,,,,,,,,,,,,,,,,,,,,,,,,,,,0.32001587748527527,0.0,0.0,5.936777591705322,0.8757500052452087,0.3793836534023285,960,0.3519131793000625,0.04611498296227572,0.03339608036173833,0.3953395618332757,0,5,0,1,1
2250,,,,-0.03883659739049494,1.075927650963913,2.932712172344696,,32,8415,0.05697347921881524,1.488293166751408,4.429528596419226,,32,14382,0.7510986328125,0.38604873864829137,1.3356083598196808,3.8023084146030643,,-0.17571689814551195,0.6042970657966498,1.8299654113931576,,32,6174,,0.21261228745664806,2.173915555766752,8.792644817191205,,32,3861,938,0.1162046908315565,,,,,,,,,,,,,,,,
2260,math_recurrent,0,,,,,,,,,,,,,,,,,,,,,,,,,,,,,,,,,,0.3838540017604828,0.0,0.0,5.93710470199585,0.8689000010490417,0.44322505593299866,921,0.1903092198450839,0.08249195792346395,0.03880379138337005,0.4814766658676995,0,4,0,2,1
2280,math_recurrent,0,,,,,,,,,,,,,,,,,,,,,,,,,,,,,,,,,,0.22801616787910461,0.0,0.0,5.937490463256836,0.8999999761581421,0.2873910665512085,907,0.22582056960526956,0.04778550975191008,0.03180033640108175,0.34695143340125917,0,6,0,0,1
2300,math_recurrent,0,,,,,,,,,,,,,,,,,,,,,,,,,,,,,,,,,,0.3204493522644043,0.0,0.0,5.937757968902588,0.8944000005722046,0.37982693314552307,912,0.36668994987410514,0.03342440051242842,0.03100901018488147,0.3436061027858939,0,6,0,0,1
2320,math_recurrent,0,,,,,,,,,,,,,,,,,,,,,,,,,,,,,,,,,,0.2363579273223877,0.0,0.0,5.938017845153809,0.8757500052452087,0.2957381010055542,918,0.37223855210537476,0.005811317969346419,0.027879903925996687,0.2935898199913994,0,6,0,0,1
2340,math_recurrent,0,,,,,,,,,,,,,,,,,,,,,,,,,,,,,,,,,,0.24640777707099915,0.0,0.0,5.9381561279296875,0.8689000010490417,0.30578935146331787,928,0.24178412356827844,0.00947440039349853,0.025525384162744833,0.35156500704941296,0,5,0,1,0
2360,math_recurrent,0,,,,,,,,,,,,,,,,,,,,,,,,,,,,,,,,,,0.19215314090251923,0.0,0.0,5.938532829284668,0.8999999761581421,0.2515384554862976,920,0.30669896816917813,0.01745304200449027,0.027815481389148366,0.2971702516433739,0,6,0,0,0
2380,math_recurrent,0,,,,,,,,,,,,,,,,,,,,,,,,,,,,,,,,,,0.265375554561615,0.0,0.0,5.938780307769775,0.8944000005722046,0.32476335763931274,929,0.38590084331316454,0.02315973636203645,0.037217920832335945,0.2670694464728946,0,6,0,0,1
2400,math_recurrent,0,,,,,,,,,,,,,,,,,,,,,,,,,,,,,,,,,,0.21995915472507477,0.0,0.0,5.9392828941345215,0.8757500052452087,0.27935197949409485,932,0.391694439422393,-0.008375943879530365,0.03619213296721379,0.31656432529645306,0,6,0,0,0
2420,math_recurrent,0,,,,,,,,,,,,,,,,,,,,,,,,,,,,,,,,,,0.18816198408603668,0.0,0.0,5.939690589904785,0.8689000010490417,0.24755889177322388,935,0.28374397234400545,-0.008874737106712669,0.04030764508800256,0.3168136613000007,0,6,0,0,0
2440,math_recurrent,0,,,,,,,,,,,,,,,,,,,,,,,,,,,,,,,,,,0.17273080348968506,0.0,0.0,5.939966201782227,0.8999999761581421,0.23213046789169312,949,0.345733498580724,0.026688575393304097,0.03144937681388997,0.31884861838309064,0,6,0,0,0
2460,math_recurrent,0,,,,,,,,,,,,,,,,,,,,,,,,,,,,,,,,,,0.2383822500705719,0.0,0.0,5.940139293670654,0.8944000005722046,0.29778364300727844,973,0.3985440146934322,0.043949262330508124,0.029803348595039948,0.2636877482076959,0,6,0,0,1
2480,math_recurrent,0,,,,,,,,,,,,,,,,,,,,,,,,,,,,,,,,,,0.20223623514175415,0.0,0.0,5.940483570098877,0.8757500052452087,0.26164108514785767,988,0.4004885909920165,0.009364867362039928,0.028933342345177183,0.3388382395936383,0,6,0,0,0
2500,math_recurrent,0,,,,,,,,,,,,,,,,,,,,,,,,,,,,,,,,,,0.17328906059265137,0.0,0.0,5.94054651260376,0.8689000010490417,0.23269452154636383,1000,0.31358244561375404,0.010300961174445027,0.03282832074836488,0.3854619838474762,0,5,0,1,0
2500,,,,0.024791958242814216,1.1395562065972222,3.1253810338806822,,32,8415,0.09159021612301821,1.522909903655611,4.585549306490072,,32,14382,0.7510986328125,0.3821445387236926,1.37145041493052,3.9410627282834847,,-0.1748093684437131,0.6052045954984486,1.8316269131743337,,32,6174,,0.2568276856606937,2.218130953970798,9.190138012809737,,32,3861,1000,0.0145,,,,,,,,,,,,,,,,
2520,math_recurrent,0,,,,,,,,,,,,,,,,,,,,,,,,,,,,,,,,,,0.15017768740653992,0.0,0.0,5.94092321395874,0.8999999761581421,0.20958691835403442,999,0.3722869872620785,-0.0010714102765112849,0.033314779858356194,0.3141974953638892,0,6,0,0,1
2540,math_recurrent,0,,,,,,,,,,,,,,,,,,,,,,,,,,,,,,,,,,0.21785379946231842,0.0,0.0,5.941013336181641,0.8944000005722046,0.27726393938064575,1000,0.40797364687296006,0.05500695450297956,0.04689124360207527,0.28417321897688363,0,6,0,0,0
2560,math_recurrent,0,,,,,,,,,,,,,,,,,,,,,,,,,,,,,,,,,,0.18688775599002838,0.0,0.0,5.941376209259033,0.8757500052452087,0.24630151689052582,995,0.4111562548567268,-0.007159841505719149,0.04046317084899379,0.34569768310775834,0,6,0,0,0
2580,math_recurrent,0,,,,,,,,,,,,,,,,,,,,,,,,,,,,,,,,,,0.13948151469230652,0.0,0.0,5.94158411026001,0.8689000010490417,0.1988973617553711,1000,0.34159346757245224,0.019874383204816177,0.037216048502171084,0.3330968886081661,0,6,0,0,0
2600,math_recurrent,0,,,,,,,,,,,,,,,,,,,,,,,,,,,,,,,,,,0.13548342883586884,0.0,0.0,5.942107677459717,0.8999999761581421,0.19490450620651245,998,0.39333044010094076,0.004260478044411035,0.04780461210905323,0.315067629731955,0,6,0,0,1
2620,math_recurrent,0,,,,,,,,,,,,,,,,,,,,,,,,,,,,,,,,,,0.20175693929195404,0.0,0.0,5.942407608032227,0.8944000005722046,0.2611810266971588,994,0.41710838024614855,0.05967965633109478,0.044998778986729805,0.2928030855303246,0,6,0,0,1
2640,math_recurrent,0,,,,,,,,,,,,,,,,,,,,,,,,,,,,,,,,,,0.17824293673038483,0.0,0.0,5.94289493560791,0.8757500052452087,0.2376718819141388,1000,0.42002481217983645,0.021038514119157168,0.058386277128010984,0.3913271502724716,0,5,0,1,0
2660,math_recurrent,0,,,,,,,,,,,,,,,,,,,,,,,,,,,,,,,,,,0.12297306954860687,0.0,0.0,5.943284034729004,0.8689000010490417,0.18240590393543243,1000,0.36017284782415704,-0.0008997108733248231,0.03874330200358398,0.3164707245807799,0,6,0,0,0
2680,math_recurrent,0,,,,,,,,,,,,,,,,,,,,,,,,,,,,,,,,,,0.13240604102611542,0.0,0.0,5.943498611450195,0.8999999761581421,0.1918410211801529,999,0.40721729161926484,0.031543472973031124,0.04872031047319373,0.31595056372739017,0,6,0,0,1
2700,math_recurrent,0,,,,,,,,,,,,,,,,,,,,,,,,,,,,,,,,,,0.18644389510154724,0.0,0.0,5.9437255859375,0.8944000005722046,0.24588115513324738,994,0.4240738284768502,0.047262344141407606,0.05166645666939162,0.27456529564445925,0,6,0,0,1
2720,math_recurrent,0,,,,,,,,,,,,,,,,,,,,,,,,,,,,,,,,,,0.15019622445106506,0.0,0.0,5.944050312042236,0.8757500052452087,0.20963671803474426,1000,0.4253328508166333,-0.0013415417519614234,0.050019689496340496,0.2788431617239165,0,6,0,0,0
2740,math_recurrent,0,,,,,,,,,,,,,,,,,,,,,,,,,,,,,,,,,,0.11212114989757538,0.0,0.0,5.944229602813721,0.8689000010490417,0.17156344652175903,1000,0.3765366666465848,0.02619545687671884,0.039511383907307705,0.32029631217675547,0,6,0,0,0
2750,,,,0.15272556969047102,1.267489818044879,3.5519253836176605,,32,8415,0.1560489515024206,1.5873686390350135,4.890862356860708,,32,14382,0.7510986328125,0.3815075361809763,1.473842357646758,4.365978604552404,,-0.11501888847289288,0.6649950754692688,1.9444809456570802,,32,6174,,0.4142126297277666,2.3755158980378708,10.75656104362554,,32,3861,1000,0.003,,,,,,,,,,,,,,,,
2760,math_recurrent,0,,,,,,,,,,,,,,,,,,,,,,,,,,,,,,,,,,0.12332117557525635,0.0,0.0,5.944584846496582,0.8999999761581421,0.18276701867580414,999,0.414932411901229,0.012254285355863561,0.04495982631213135,0.3248496396023603,0,6,0,0,1
2780,math_recurrent,0,,,,,,,,,,,,,,,,,,,,,,,,,,,,,,,,,,0.17988087236881256,0.0,0.0,5.944945812225342,0.8944000005722046,0.23933032155036926,994,0.42795915709522075,0.06202906303224154,0.05201439593460351,0.302556119167379,0,6,0,0,1
2800,math_recurrent,0,,,,,,,,,,,,,,,,,,,,,,,,,,,,,,,,,,0.13824737071990967,0.0,0.0,5.9452056884765625,0.8757500052452087,0.1976994276046753,1000,0.4318527409282246,-0.011581481299279923,0.05503029777697982,0.27960838626419743,0,6,0,0,0
2820,math_recurrent,0,,,,,,,,,,,,,,,,,,,,,,,,,,,,,,,,,,0.10797546803951263,0.0,0.0,5.94536018371582,0.8689000010490417,0.16742905974388123,1000,0.3904680445695727,0.032886524541286884,0.06178140145549107,0.3990399970126058,0,4,0,2,0
2840,math_recurrent,0,,,,,,,,,,,,,,,,,,,,,,,,,,,,,,,,,,0.11542844772338867,0.0,0.0,5.9459123611450195,0.8999999761581421,0.17488756775856018,993,0.4240947374478779,0.022066017868512842,0.04617593039403713,0.348367297146765,0,6,0,0,0
2860,math_recurrent,0,,,,,,,,,,,,,,,,,,,,,,,,,,,,,,,,,,0.17175732553005219,0.0,0.0,5.9459123611450195,0.8944000005722046,0.2312164455652237,998,0.43407379272683766,0.06316791953369309,0.07454394204689871,0.3157030551856946,0,6,0,0,1
2880,math_recurrent,0,,,,,,,,,,,,,,,,,,,,,,,,,,,,,,,,,,0.13283094763755798,0.0,0.0,5.946214199066162,0.8757500052452087,0.19229309260845184,1000,0.43820720022721227,0.014533552712236997,0.06069150093558525,0.3238730561402109,0,6,0,0,0
2900,math_recurrent,0,,,,,,,,,,,,,,,,,,,,,,,,,,,,,,,,,,0.10442115366458893,0.0,0.0,5.946457386016846,0.8689000010490417,0.16388572752475739,1000,0.4042219665385203,0.050530607562645206,0.06942099119344401,0.4970358840411618,0,4,0,2,0
2920,math_recurrent,0,,,,,,,,,,,,,,,,,,,,,,,,,,,,,,,,,,0.1071339100599289,0.0,0.0,5.946648120880127,0.8999999761581421,0.16660039126873016,1000,0.43112841539558217,8.578030662777434e-05,0.06548148489350246,0.2950642691599944,0,6,0,0,0
2940,math_recurrent,0,,,,,,,,,,,,,,,,,,,,,,,,,,,,,,,,,,0.15596291422843933,0.0,0.0,5.946648120880127,0.8944000005722046,0.2154293954372406,1000,0.43498883084889683,0.0742911554344963,0.056118206141723526,0.2904553337525281,0,6,0,0,0
2960,math_recurrent,0,,,,,,,,,,,,,,,,,,,,,,,,,,,,,,,,,,0.12095636129379272,0.0,0.0,5.946954727172852,0.8757500052452087,0.18042591214179993,1000,0.435307175723813,0.027427517087614563,0.06828580314056977,0.2674123784024564,0,6,0,0,0
2980,math_recurrent,0,,,,,,,,,,,,,,,,,,,,,,,,,,,,,,,,,,0.08831880241632462,0.0,0.0,5.946954727172852,0.8689000010490417,0.14778834581375122,1000,0.4084973094956741,0.005665790420607664,0.05050509598786159,0.4296975290136678,0,5,0,1,0
3000,math_recurrent,0,,,,,,,,,,,,,,,,,,,,,,,,,,,,,,,,,,0.10459274053573608,0.0,0.0,5.947151184082031,0.8999999761581421,0.16406425833702087,1000,0.43002625975692377,-0.019263855181634426,0.05519679231598736,0.26433911763486406,0,6,0,0,0
3000,,,,0.2709059662572415,1.3856702146116495,3.997504192922694,,32,8415,0.20633305907829658,1.6376527466108894,5.143083213477729,,32,14382,0.7510986328125,0.37988299415225074,1.5552001712114325,4.736034448035673,,-0.0761513322311812,0.7038626317109805,2.021546134415677,,32,6174,,0.5323118236021067,2.493615091912211,12.104957651000177,,32,3861,1000,0.159,,,,,,,,,,,,,,,,
3020,math_recurrent,0,,,,,,,,,,,,,,,,,,,,,,,,,,,,,,,,,,0.14676259458065033,0.0,0.0,5.947151184082031,0.8944000005722046,0.20623409748077393,999,0.4354441645461384,0.05385871360444331,0.05102857647848035,0.26720567578597676,0,6,0,0,1
3040,math_recurrent,0,,,,,,,,,,,,,,,,,,,,,,,,,,,,,,,,,,0.12106611579656601,0.0,0.0,5.947234153747559,0.8757500052452087,0.18053846061229706,1000,0.43672717606502054,0.011326096336623388,0.04908811300697308,0.3183164821671588,0,6,0,0,0
3060,math_recurrent,0,,,,,,,,,,,,,,,,,,,,,,,,,,,,,,,,,,0.08001968264579773,0.0,0.0,5.947368621826172,0.8689000010490417,0.13949337601661682,1000,0.4153319178284263,0.05726382991789641,0.05896580680347387,0.369699193750109,0,6,0,0,0
3080,math_recurrent,0,,,,,,,,,,,,,,,,,,,,,,,,,,,,,,,,,,0.10257425904273987,0.0,0.0,5.9474968910217285,0.8999999761581421,0.16204923391342163,1000,0.43586556184519465,-0.03899609008138733,0.07377444215355411,0.27237283738832624,0,6,0,0,0
3100,math_recurrent,0,,,,,,,,,,,,,,,,,,,,,,,,,,,,,,,,,,0.1459284871816635,0.0,0.0,5.9474968910217285,0.8944000005722046,0.20540344715118408,1000,0.4370464261940588,0.037052531892965944,0.05188058905584353,0.26822965902586776,0,6,0,0,0
3120,math_recurrent,0,,,,,,,,,,,,,,,,,,,,,,,,,,,,,,,,,,0.12711168825626373,0.0,0.0,5.9474968910217285,0.8757500052452087,0.1865866482257843,1000,0.43769417922800136,0.033570259684763314,0.055226038983239537,0.3444590496520202,0,6,0,0,0
3140,math_recurrent,0,,,,,,,,,,,,,,,,,,,,,,,,,,,,,,,,,,0.06271668523550034,0.0,0.0,5.9474968910217285,0.8689000010490417,0.1221916526556015,1000,0.41836136207224023,-0.0003276329475089109,0.04087338501306635,0.1958667664833012,0,6,0,0,0
3160,math_recurrent,0,,,,,,,,,,,,,,,,,,,,,,,,,,,,,,,,,,0.09677845984697342,0.0,0.0,5.947567939758301,0.8999999761581421,0.1562541425228119,1000,0.4443693351884175,-0.012381972915526214,0.0474690941288062,0.22721419709010257,0,6,0,0,0
3180,math_recurrent,0,,,,,,,,,,,,,,,,,,,,,,,,,,,,,,,,,,0.1355777531862259,0.0,0.0,5.947567939758301,0.8944000005722046,0.19505342841148376,1000,0.47562378629253727,0.03707843837868755,0.029116605850498356,0.23961601306994756,0,6,0,0,0
3200,math_recurrent,0,,,,,,,,,,,,,,,,,,,,,,,,,,,,,,,,,,0.10993679612874985,0.0,0.0,5.947567939758301,0.8757500052452087,0.16941247880458832,1000,0.4971749803186591,0.021476149596440206,0.04075356333087834,0.26504705102434234,0,6,0,0,0
3220,math_recurrent,0,,,,,,,,,,,,,,,,,,,,,,,,,,,,,,,,,,0.05780750885605812,0.0,0.0,5.947567939758301,0.8689000010490417,0.11728318780660629,1000,0.48770899429302406,0.040852035083974315,0.11793957858952502,0.16865822163425268,0,6,0,0,0
3240,math_recurrent,0,,,,,,,,,,,,,,,,,,,,,,,,,,,,,,,,,,0.09064194560050964,0.0,0.0,5.94762659072876,0.8999999761581421,0.15011820197105408,1000,0.4928852103946549,0.01032290025614202,0.05174964171139494,0.19478687610004156,0,6,0,0,0
3250,,,,0.2813793887287397,1.3961436370831477,4.039591758872488,,32,8415,0.21168136331438592,1.6430010508469788,5.1706636758233095,,32,14382,0.7510986328125,0.3798636092620642,1.5608326706895155,4.762785426305013,,-0.07918936850223723,0.7008245954399245,2.0154139235916815,,32,6174,,0.5420581310779065,2.5033613993880106,12.223513090663655,,32,3861,1000,0.3515,,,,,,,,,,,,,,,,
3260,math_recurrent,0,,,,,,,,,,,,,,,,,,,,,,,,,,,,,,,,,,0.12656167149543762,0.0,0.0,5.94762659072876,0.8944000005722046,0.18603792786598206,1000,0.49134312280899406,0.0033228227610899402,0.035043407853929294,0.21549698920950058,0,6,0,0,0
3280,math_recurrent,0,,,,,,,,,,,,,,,,,,,,,,,,,,,,,,,,,,0.10226130485534668,0.0,0.0,5.94762659072876,0.8757500052452087,0.1617375612258911,1000,0.4884983885056578,0.022814911025177156,0.049807512533984015,0.20982695340164123,0,6,0,0,0
3300,math_recurrent,0,,,,,,,,,,,,,,,,,,,,,,,,,,,,,,,,,,0.052879683673381805,0.0,0.0,5.94762659072876,0.8689000010490417,0.11235594749450684,1000,0.46715019532485497,0.025445615538046695,0.07224419060207547,0.14167208538523743,0,6,0,0,0
3320,math_recurrent,0,,,,,,,,,,,,,,,,,,,,,,,,,,,,,,,,,,0.08802449703216553,0.0,0.0,5.94762659072876,0.8999999761581421,0.14750075340270996,1000,0.467256346137265,-0.002334834513021633,0.04548406648996567,0.1869780948888215,0,6,0,0,0
3340,math_recurrent,0,,,,,,,,,,,,,,,,,,,,,,,,,,,,,,,,,,0.1199936494231224,0.0,0.0,5.94762659072876,0.8944000005722046,0.17946991324424744,1000,0.47433546306693936,-0.005830927070097199,0.04402228382948254,0.1922242763910502,0,6,0,0,0
3360,math_recurrent,0,,,,,,,,,,,,,,,,,,,,,,,,,,,,,,,,,,0.09630575031042099,0.0,0.0,5.94762659072876,0.8757500052452087,0.15578201413154602,1000,0.47229269729176193,-0.017108368447225075,0.040929863295917,0.19344996320054172,0,6,0,0,0
3380,math_recurrent,0,,,,,,,,,,,,,,,,,,,,,,,,,,,,,,,,,,0.04962034523487091,0.0,0.0,5.94762659072876,0.8689000010490417,0.10909660905599594,1000,0.45151044861270584,0.027589768572527516,0.027523562230081074,0.13185139663872264,0,6,0,0,0
3400,math_recurrent,0,,,,,,,,,,,,,,,,,,,,,,,,,,,,,,,,,,0.08701195567846298,0.0,0.0,5.94762659072876,0.8999999761581421,0.146488219499588,1000,0.45437409473321766,-0.023150661694152013,0.028246871234908228,0.18895066618209794,0,6,0,0,0
3420,math_recurrent,0,,,,,,,,,,,,,,,,,,,,,,,,,,,,,,,,,,0.11698939651250839,0.0,0.0,5.94762659072876,0.8944000005722046,0.17646566033363342,1000,0.4641941124376355,0.03690533386127624,0.07386378478111019,0.19096166063395756,0,6,0,0,0
3440,math_recurrent,0,,,,,,,,,,,,,,,,,,,,,,,,,,,,,,,,,,0.08978213369846344,0.0,0.0,5.94762659072876,0.8757500052452087,0.14925840497016907,1000,0.4645844055197853,-0.015632814343137267,0.03495033553077115,0.17014924304648524,0,6,0,0,0
3460,math_recurrent,0,,,,,,,,,,,,,,,,,,,,,,,,,,,,,,,,,,0.04993676766753197,0.0,0.0,5.94762659072876,0.8689000010490417,0.1094130277633667,1000,0.4471610603111322,0.02708814676796984,0.052759982008368726,0.1490584877896167,0,6,0,0,0
3480,math_recurrent,0,,,,,,,,,,,,,,,,,,,,,,,,,,,,,,,,,,0.08261234313249588,0.0,0.0,5.94762659072876,0.8999999761581421,0.1420886069536209,1000,0.45024818607129485,-0.024818884061200412,0.03743959921633914,0.18139840562842666,0,6,0,0,0
3500,math_recurrent,0,,,,,,,,,,,,,,,,,,,,,,,,,,,,,,,,,,0.10978088527917862,0.0,0.0,5.94762659072876,0.8944000005722046,0.16925714910030365,1000,0.46201905493895346,0.03474223859042728,0.024125787724430362,0.17358561306009215,0,6,0,0,0
3500,,,,0.2812037830046792,1.3959680313590872,4.03888244571831,,32,8415,0.2122892110010559,1.6436088985336488,5.173807607196111,,32,14382,0.7510986328125,0.3798636092620642,1.5605363498084321,4.761374322611149,,-0.0808678105845203,0.6991461533576414,2.0120340053411025,,32,6174,,0.5421190476732469,2.503422315983351,12.224257728144398,,32,3861,1000,0.1655,,,,,,,,,,,,,,,,
3520,math_recurrent,0,,,,,,,,,,,,,,,,,,,,,,,,,,,,,,,,,,0.08568485826253891,0.0,0.0,5.94762659072876,0.8757500052452087,0.14516112208366394,1000,0.46351018963110857,-0.03914213649321547,0.04926293337688087,0.16834961776695553,0,6,0,0,0
3540,math_recurrent,0,,,,,,,,,,,,,,,,,,,,,,,,,,,,,,,,,,0.04689778760075569,0.0,0.0,5.94762659072876,0.8689000010490417,0.10637405514717102,1000,0.4445940696101132,0.025568992118808507,0.04474635514548965,0.19814861791563176,0,6,0,0,0
3560,math_recurrent,0,,,,,,,,,,,,,,,,,,,,,,,,,,,,,,,,,,0.08007706701755524,0.0,0.0,5.94762659072876,0.8999999761581421,0.13955333828926086,1000,0.4498383124528396,0.0008532265409095478,0.03403752610634362,0.17488658015749284,0,6,0,0,0
3580,math_recurrent,0,,,,,,,,,,,,,,,,,,,,,,,,,,,,,,,,,,0.10934892296791077,0.0,0.0,5.947672367095947,0.8944000005722046,0.1688256412744522,1000,0.461262134244727,-0.008021470545957397,0.03091766947052545,0.21718999466134442,0,6,0,0,0
3600,math_recurrent,0,,,,,,,,,,,,,,,,,,,,,,,,,,,,,,,,,,0.08228754997253418,0.0,0.0,5.947672367095947,0.8757500052452087,0.14176426827907562,1000,0.4671862182987317,-0.025564039932630424,0.04751016818696545,0.16637060028752162,0,6,0,0,0
3620,math_recurrent,0,,,,,,,,,,,,,,,,,,,,,,,,,,,,,,,,,,0.051145005971193314,0.0,0.0,5.947672367095947,0.8689000010490417,0.11062172800302505,1000,0.4473086617326389,0.003070081691216079,0.041245570550450965,0.2444495599539507,0,6,0,0,0
3640,math_recurrent,0,,,,,,,,,,,,,,,,,,,,,,,,,,,,,,,,,,0.07679753005504608,0.0,0.0,5.947672367095947,0.8999999761581421,0.13627424836158752,1000,0.45321266222230167,-0.043023564877720286,0.04025773227820912,0.16284307020583322,0,6,0,0,0
3649,,,0.015625,0.2784032992783998,1.3931675476328078,4.027587444272539,0.31585055083231195,32,8415,0.21231108384178143,1.6436307713743743,5.173920774303487,0.1552792006582664,32,14382,0.7510986328125,0.37985984646544163,1.5593443534527376,4.755702163038879,0.015625,-0.08961623982391509,0.6903977241182466,1.9945086397039051,,32,6174,0.015625,0.548878102375417,2.510181370685521,12.307162016510352,,32,3861,1000,0.2495,,,,,,,,,,,,,,,,
3660,medical_recurrent,0,,,,,,,,,,,,,,,,,,,,,,,,,,,,,,,,,,1.3126410245895386,0.0,0.0,5.947672367095947,0.6283000111579895,1.3721177577972412,1000,0.2937206119747714,0.5367461336510522,0.3365743774743307,1.9738032578948945,0,0,0,6,0
3680,medical_recurrent,0,,,,,,,,,,,,,,,,,,,,,,,,,,,,,,,,,,1.555801272392273,0.0,0.0,5.947713851928711,0.5972999930381775,1.6152783632278442,1000,0.13814293663111762,0.25388243752032785,0.19128044653861295,5.471448289307337,0,0,0,6,0
3700,medical_recurrent,0,,,,,,,,,,,,,,,,,,,,,,,,,,,,,,,,,,1.0824220180511475,0.0,0.0,5.947734832763672,0.5471500158309937,1.1418993473052979,1000,0.3595128874865067,0.27461990802216213,0.1494275019489347,1.2046268745074198,0,0,0,6,0
3720,medical_recurrent,0,,,,,,,,,,,,,,,,,,,,,,,,,,,,,,,,,,1.2666109800338745,0.0,0.0,5.947873115539551,0.5892499685287476,1.3260897397994995,1000,0.3067250733996259,0.2293501873999568,0.10897803678517304,1.5422209963439002,0,0,0,6,0
3740,medical_recurrent,0,,,,,,,,,,,,,,,,,,,,,,,,,,,,,,,,,,0.5984848141670227,0.0,0.0,5.947949409484863,0.6283000111579895,0.657964289188385,994,0.3628120207352475,0.035084910229280855,0.07797212793772657,0.4909027733973094,0,6,0,0,1
3750,,,,0.19432401334113192,1.30908826169554,3.7027961916152123,,32,8415,0.19472927517361116,1.626048962706204,5.083748904283755,,32,14382,0.7510986328125,0.37980267790710037,1.3480918390895613,3.850071960213488,,-0.10947922390566167,0.6705347400365,1.9552826090259738,,32,6174,,-0.1746078763901029,1.7866953919200013,5.9696923410852225,,32,3861,1000,0.048,,,,,,,,,,,,,,,,
3760,medical_recurrent,0,,,,,,,,,,,,,,,,,,,,,,,,,,,,,,,,,,0.8596777319908142,0.0,0.0,5.947935581207275,0.5972999930381775,0.919157087802887,1000,0.1972864594519086,0.0677204159728717,0.052305416097598416,2.1036000527559766,0,0,0,6,0
3780,medical_recurrent,0,,,,,,,,,,,,,,,,,,,,,,,,,,,,,,,,,,0.6383074522018433,0.0,0.0,5.948491096496582,0.5471500158309937,0.6977923512458801,994,0.36639684167443176,0.07016816502540937,0.0525696669867824,0.6187102261516783,0,2,0,4,1
3800,medical_recurrent,0,,,,,,,,,,,,,,,,,,,,,,,,,,,,,,,,,,0.765371561050415,0.0,0.0,5.949292182922363,0.5892499685287476,0.8248645067214966,994,0.36175556064748504,0.09870117847666345,0.05607522403052639,0.6421413247547453,0,2,0,4,1
3820,medical_recurrent,0,,,,,,,,,,,,,,,,,,,,,,,,,,,,,,,,,,0.32786160707473755,0.0,0.0,5.9499406814575195,0.6283000111579895,0.3873610198497772,968,0.37664022110373463,0.026470395183423534,0.0441946766117499,0.3844851563137675,0,6,0,0,1
3840,medical_recurrent,0,,,,,,,,,,,,,,,,,,,,,,,,,,,,,,,,,,0.3542361557483673,0.0,0.0,5.9506354331970215,0.5972999930381775,0.4137425124645233,963,0.24494127091061738,0.004026224255669929,0.04365922003127043,1.1604581313000786,0,0,0,6,0
3860,medical_recurrent,0,,,,,,,,,,,,,,,,,,,,,,,,,,,,,,,,,,0.4210681617259979,0.0,0.0,5.951217174530029,0.5471500158309937,0.48058032989501953,928,0.38193836089281546,0.008454286270924578,0.04071619307090129,0.38025012850051837,0,6,0,0,1
3880,medical_recurrent,0,,,,,,,,,,,,,,,,,,,,,,,,,,,,,,,,,,0.45042353868484497,0.0,0.0,5.951902389526367,0.5892499685287476,0.5099425315856934,931,0.3835145696303203,0.00469635255389481,0.04338973517130528,0.42229527887843904,0,6,0,0,1
3900,medical_recurrent,0,,,,,,,,,,,,,,,,,,,,,,,,,,,,,,,,,,0.23266683518886566,0.0,0.0,5.952630519866943,0.6283000111579895,0.29219314455986023,901,0.39019753338905655,0.006686796080819997,0.03179237570406662,0.2653888136739769,0,6,0,0,1
3920,medical_recurrent,0,,,,,,,,,,,,,,,,,,,,,,,,,,,,,,,,,,0.23933665454387665,0.0,0.0,5.953247547149658,0.5972999930381775,0.29886913299560547,880,0.2863882114052509,0.035858771463348864,0.042626108824911094,0.7314913653192067,0,0,0,6,0
3940,medical_recurrent,0,,,,,,,,,,,,,,,,,,,,,,,,,,,,,,,,,,0.30654844641685486,0.0,0.0,5.953718662261963,0.5471500158309937,0.36608561873435974,845,0.40082684156341486,0.030180979310119125,0.04436528874590756,0.3036060760300311,0,6,0,0,1
3960,medical_recurrent,0,,,,,,,,,,,,,,,,,,,,,,,,,,,,,,,,,,0.34833961725234985,0.0,0.0,5.954502582550049,0.5892499685287476,0.4078846573829651,848,0.40398153712379015,0.008036210794151495,0.03360463477198094,0.42645797369972105,0,3,0,3,0
3980,medical_recurrent,0,,,,,,,,,,,,,,,,,,,,,,,,,,,,,,,,,,0.18522892892360687,0.0,0.0,5.954979419708252,0.6283000111579895,0.24477872252464294,848,0.40826231753862713,-0.017729015060467646,0.08408291276307807,0.2433899287843988,0,6,0,0,0
4000,medical_recurrent,0,,,,,,,,,,,,,,,,,,,,,,,,,,,,,,,,,,0.14118428528308868,0.0,0.0,5.955445766448975,0.5972999930381775,0.20073874294757843,865,0.3260034645735569,0.06592103602763798,0.07697305383367671,0.373764140691076,0,6,0,0,1
4000,,,,0.5868050188233438,1.7015692671777518,5.482544221298805,,32,8415,0.433214357641605,1.8645340451741979,6.452928412237945,,32,14382,0.7510986328125,0.3693302180491337,1.5907165449312548,4.90726394394828,,0.11319538162177067,0.8932093455639324,2.442957378055195,,32,6174,,-0.05774974650096709,1.903553521809137,6.709695177163395,,32,3861,865,0.028323699421965318,,,,,,,,,,,,,,,,
4020,medical_recurrent,0,,,,,,,,,,,,,,,,,,,,,,,,,,,,,,,,,,0.2510838210582733,0.0,0.0,5.955663204193115,0.5471500158309937,0.31064045429229736,883,0.419486455385132,0.04613475625020718,0.04274345824554089,0.3089873483611478,0,6,0,0,1
4040,medical_recurrent,0,,,,,,,,,,,,,,,,,,,,,,,,,,,,,,,,,,0.25826725363731384,0.0,0.0,5.956036567687988,0.5892499685287476,0.31782761216163635,908,0.42273287516448604,-0.007458579948953619,0.08111139359100471,0.25190727325185897,0,6,0,0,1
4060,medical_recurrent,0,,,,,,,,,,,,,,,,,,,,,,,,,,,,,,,,,,0.14785486459732056,0.0,0.0,5.956354141235352,0.6283000111579895,0.20741841197013855,910,0.42149455599428265,-0.04497814662421921,0.04125958337108531,0.1758770436137205,0,6,0,0,0
4080,medical_recurrent,0,,,,,,,,,,,,,,,,,,,,,,,,,,,,,,,,,,0.11466537415981293,0.0,0.0,5.956429481506348,0.5972999930381775,0.1742296665906906,928,0.34550040938506077,0.04743468182069981,0.09452268316277436,0.48127636256672085,0,4,0,2,0
4100,medical_recurrent,0,,,,,,,,,,,,,,,,,,,,,,,,,,,,,,,,,,0.23266442120075226,0.0,0.0,5.9565887451171875,0.5471500158309937,0.2922303080558777,951,0.42076026825001256,0.0007331412572446945,0.0776555571113787,0.27602057367090194,0,6,0,0,1
4120,medical_recurrent,0,,,,,,,,,,,,,,,,,,,,,,,,,,,,,,,,,,0.23366910219192505,0.0,0.0,5.956821441650391,0.5892499685287476,0.2932373285293579,971,0.4228674427211376,-0.0014171664245493179,0.09308967619010854,0.20074372424611026,0,6,0,0,0
4140,medical_recurrent,0,,,,,,,,,,,,,,,,,,,,,,,,,,,,,,,,,,0.12762238085269928,0.0,0.0,5.956888675689697,0.6283000111579895,0.18719126284122467,999,0.4239130279175925,-0.0046033798945635295,0.06705678821142232,0.13340628040392719,0,6,0,0,0
4160,medical_recurrent,0,,,,,,,,,,,,,,,,,,,,,,,,,,,,,,,,,,0.10127277672290802,0.0,0.0,5.956888675689697,0.5972999930381775,0.1608416587114334,1000,0.36383046255234996,0.021018448198447004,0.06104151879304222,0.2201698005554222,0,6,0,0,0
4180,medical_recurrent,0,,,,,,,,,,,,,,,,,,,,,,,,,,,,,,,,,,0.1898980289697647,0.0,0.0,5.956888675689697,0.5471500158309937,0.2494669109582901,1000,0.4248267477767559,-0.04184219064856214,0.0730171276862541,0.19617110714907685,0,6,0,0,0
4200,medical_recurrent,0,,,,,,,,,,,,,,,,,,,,,,,,,,,,,,,,,,0.21188059449195862,0.0,0.0,5.956888675689697,0.5892499685287476,0.271449476480484,1000,0.4237934782517632,-0.024508743019396206,0.06838270656114061,0.17625083085740842,0,6,0,0,0
4220,medical_recurrent,0,,,,,,,,,,,,,,,,,,,,,,,,,,,,,,,,,,0.11874443292617798,0.0,0.0,5.956950664520264,0.6283000111579895,0.1783139407634735,1000,0.42505804001197084,-0.011228387290819748,0.034190908508996164,0.12447945664799402,0,6,0,0,0
4240,medical_recurrent,0,,,,,,,,,,,,,,,,,,,,,,,,,,,,,,,,,,0.08556840568780899,0.0,0.0,5.957002639770508,0.5972999930381775,0.1451384276151657,994,0.3764932150855486,0.011617225245572627,0.02278325668210903,0.162789817136668,0,6,0,0,0
4250,,,,0.661886435297367,1.776650683651775,5.910028676771144,,32,8415,0.47309761116325966,1.9044172986958525,6.715493360582239,,32,14382,0.7510986328125,0.3691563249445286,1.6259630162411496,5.083311992811975,,0.15054607978328982,0.9305600437254515,2.5359290111271924,,32,6174,,-0.06907922941858469,1.8922240388915195,6.634106797424044,,32,3861,1000,0.201,,,,,,,,,,,,,,,,
4260,medical_recurrent,0,,,,,,,,,,,,,,,,,,,,,,,,,,,,,,,,,,0.16837404668331146,0.0,0.0,5.957002639770508,0.5471500158309937,0.22794407606124878,1000,0.4247821517436457,-0.04378263139369665,0.05714357611797159,0.1883807697702968,0,6,0,0,0
4280,medical_recurrent,0,,,,,,,,,,,,,,,,,,,,,,,,,,,,,,,,,,0.1945813149213791,0.0,0.0,5.957002639770508,0.5892499685287476,0.2541513442993164,1000,0.4243591768782003,-0.040437776027829386,0.03533414434937258,0.1695406049578672,0,6,0,0,0
4300,medical_recurrent,0,,,,,,,,,,,,,,,,,,,,,,,,,,,,,,,,,,0.10750958323478699,0.0,0.0,5.957049369812012,0.6283000111579895,0.1670800745487213,1000,0.4250566151607192,-0.05209226980722243,0.05147875221889643,0.10958996491713656,0,6,0,0,0
4320,medical_recurrent,0,,,,,,,,,,,,,,,,,,,,,,,,,,,,,,,,,,0.07371534407138824,0.0,0.0,5.957049369812012,0.5972999930381775,0.13328583538532257,1000,0.3873416714721372,0.005254471472913532,0.039150113640500916,0.12699265920571864,0,6,0,0,0
4340,medical_recurrent,0,,,,,,,,,,,,,,,,,,,,,,,,,,,,,,,,,,0.15105418860912323,0.0,0.0,5.957049369812012,0.5471500158309937,0.21062467992305756,1000,0.4272872781499978,-0.0606127397477394,0.03761858564343244,0.15699344013654998,0,6,0,0,0
4360,medical_recurrent,0,,,,,,,,,,,,,,,,,,,,,,,,,,,,,,,,,,0.17607201635837555,0.0,0.0,5.957049369812012,0.5892499685287476,0.23564250767230988,1000,0.4268057500231213,-0.06512450835102104,0.06895946273580193,0.15566525068429726,0,6,0,0,0
4380,medical_recurrent,0,,,,,,,,,,,,,,,,,,,,,,,,,,,,,,,,,,0.09692896157503128,0.0,0.0,5.957049369812012,0.6283000111579895,0.156499445438385,1000,0.42893790417933575,-0.04378026185025062,0.05858130593089357,0.09079423639923334,0,6,0,0,0
4400,medical_recurrent,0,,,,,,,,,,,,,,,,,,,,,,,,,,,,,,,,,,0.07073795050382614,0.0,0.0,5.957049369812012,0.5972999930381775,0.13030844926834106,1000,0.39751772507700533,-0.0039897546313503495,0.05065374134758872,0.11665314628136536,0,6,0,0,0
4420,medical_recurrent,0,,,,,,,,,,,,,,,,,,,,,,,,,,,,,,,,,,0.14236027002334595,0.0,0.0,5.957049369812012,0.5471500158309937,0.20193076133728027,1000,0.43005089058699664,-0.03683212416113487,0.04555285063291353,0.14769746709674125,0,6,0,0,0
4440,medical_recurrent,0,,,,,,,,,,,,,,,,,,,,,,,,,,,,,,,,,,0.16425064206123352,0.0,0.0,5.957033634185791,0.5892499685287476,0.2238209843635559,1000,0.42996899176806924,-0.040856460980389135,0.049238651120177813,0.1374836326207197,0,6,0,0,0
4460,medical_recurrent,0,,,,,,,,,,,,,,,,,,,,,,,,,,,,,,,,,,0.09076666086912155,0.0,0.0,5.957033634185791,0.6283000111579895,0.15033699572086334,1000,0.4306949159996996,-0.04543943333971713,0.05302400157328636,0.07669506962780678,0,6,0,0,0
4480,medical_recurrent,0,,,,,,,,,,,,,,,,,,,,,,,,,,,,,,,,,,0.06565365195274353,0.0,0.0,5.957033634185791,0.5972999930381775,0.12522399425506592,1000,0.4092947281269198,0.0026500411331653595,0.06340138157977472,0.09228790550241395,0,6,0,0,0
4500,medical_recurrent,0,,,,,,,,,,,,,,,,,,,,,,,,,,,,,,,,,,0.13002249598503113,0.0,0.0,5.957033634185791,0.5471500158309937,0.18959283828735352,1000,0.431135766918012,-0.07959866072841189,0.046324277861369036,0.12073337220779014,0,6,0,0,0
4500,,,,0.6541543943571748,1.7689186427115828,5.86450830256713,,32,8415,0.4747483104015653,1.9060679979341582,6.726587774608611,,32,14382,0.7510986328125,0.369153626111089,1.616515294721081,5.03551243072627,,0.15038447106660746,0.9303984350087692,2.53551921600823,,32,6174,,-0.1006271650802899,1.8606761032298142,6.428081349133785,,32,3861,1000,0.267,,,,,,,,,,,,,,,,
4520,medical_recurrent,0,,,,,,,,,,,,,,,,,,,,,,,,,,,,,,,,,,0.1558455526828766,0.0,0.0,5.957033634185791,0.5892499685287476,0.21541589498519897,1000,0.43115639971501246,-0.031061504222244758,0.061514003879375875,0.1359289697415772,0,6,0,0,0
4540,medical_recurrent,0,,,,,,,,,,,,,,,,,,,,,,,,,,,,,,,,,,0.08950116485357285,0.0,0.0,5.957033634185791,0.6283000111579895,0.14907149970531464,1000,0.43158978356827066,-0.06120881973350022,0.05130973100100482,0.07978220816760782,0,6,0,0,0
4560,medical_recurrent,0,,,,,,,,,,,,,,,,,,,,,,,,,,,,,,,,,,0.061091359704732895,0.0,0.0,5.957033634185791,0.5972999930381775,0.12066169083118439,1000,0.4134878592666981,-0.027199237512832042,0.02710680641559145,0.07497984447945205,0,6,0,0,0
4580,medical_recurrent,0,,,,,,,,,,,,,,,,,,,,,,,,,,,,,,,,,,0.12474139779806137,0.0,0.0,5.957033634185791,0.5471500158309937,0.18431173264980316,1000,0.4316300770224603,-0.08504631739301008,0.07447964528959895,0.12190658845421341,0,6,0,0,0
4600,medical_recurrent,0,,,,,,,,,,,,,,,,,,,,,,,,,,,,,,,,,,0.14299732446670532,0.0,0.0,5.957033634185791,0.5892499685287476,0.2025676667690277,1000,0.43187417833643676,-0.052880147316110584,0.04396732573707899,0.12165608381822943,0,6,0,0,0
4620,medical_recurrent,0,,,,,,,,,,,,,,,,,,,,,,,,,,,,,,,,,,0.08944886922836304,0.0,0.0,5.956934452056885,0.6283000111579895,0.14901821315288544,988,0.43297623999516155,-0.08677323433637087,0.01568286644280075,0.07683209434949925,0,6,0,0,0
4640,medical_recurrent,0,,,,,,,,,,,,,,,,,,,,,,,,,,,,,,,,,,0.06154675781726837,0.0,0.0,5.956934452056885,0.5972999930381775,0.12111610174179077,1000,0.4180006766824595,-0.03835805571205648,0.04321156650604237,0.0697392952731914,0,6,0,0,0
4660,medical_recurrent,0,,,,,,,,,,,,,,,,,,,,,,,,,,,,,,,,,,0.13018032908439636,0.0,0.0,5.956934452056885,0.5471500158309937,0.18974967300891876,1000,0.4495169841462519,-0.037094711421689554,0.0557656161841892,0.1296504253580693,0,6,0,0,0
4680,medical_recurrent,0,,,,,,,,,,,,,,,,,,,,,,,,,,,,,,,,,,0.1398196816444397,0.0,0.0,5.956934452056885,0.5892499685287476,0.1993890255689621,1000,0.5291903378447492,-0.019154102564373585,0.039644319815413345,0.118276453668636,0,6,0,0,0
4700,medical_recurrent,0,,,,,,,,,,,,,,,,,,,,,,,,,,,,,,,,,,0.0831020250916481,0.0,0.0,5.956934452056885,0.6283000111579895,0.1426713764667511,1000,0.5431821784788473,-0.006425040528743661,0.03240028457302186,0.06419870515634853,0,6,0,0,0
4720,medical_recurrent,0,,,,,,,,,,,,,,,,,,,,,,,,,,,,,,,,,,0.062415339052677155,0.0,0.0,5.956934452056885,0.5972999930381775,0.12198468297719955,1000,0.5356983552964939,-0.026136550792476294,0.04829097347156632,0.07873836771570264,0,6,0,0,0
4740,medical_recurrent,0,,,,,,,,,,,,,,,,,,,,,,,,,,,,,,,,,,0.1184321865439415,0.0,0.0,5.956934452056885,0.5471500158309937,0.1780015230178833,1000,0.5349134105512107,-0.04408107195091101,0.03141468698602347,0.11282019047510057,0,6,0,0,0
4750,,,,0.574630641200609,1.689394889555017,5.41620231274492,,32,8415,0.4364932976251781,1.867812985157771,6.474121904325877,,32,14382,0.7510986328125,0.3691779415623671,1.5596949599844643,4.757369835611552,,0.11267238625593468,0.8926863501980964,2.4416800567132237,,32,6174,,-0.17241765328313163,1.7888856150269725,5.982781628189184,,32,3861,1000,0.075,,,,,,,,,,,,,,,,
4760,medical_recurrent,0,,,,,,,,,,,,,,,,,,,,,,,,,,,,,,,,,,0.13612113893032074,0.0,0.0,5.956925868988037,0.5892499685287476,0.19569039344787598,1000,0.5445200187568479,-0.01481302791424761,0.04162187274279339,0.12144873320819839,0,6,0,0,0
4780,medical_recurrent,0,,,,,,,,,,,,,,,,,,,,,,,,,,,,,,,,,,0.08160822838544846,0.0,0.0,5.956925868988037,0.6283000111579895,0.1411774903535843,1000,0.5384430042189233,-0.001105026718245686,0.03772060321643949,0.05860264993878821,0,6,0,0,0
4800,medical_recurrent,0,,,,,,,,,,,,,,,,,,,,,,,,,,,,,,,,,,0.0599471852183342,0.0,0.0,5.956925868988037,0.5972999930381775,0.11951644718647003,1000,0.5196693702699396,0.0026376989470528705,0.03860465759588849,0.06661178102007224,0,6,0,0,0
4820,medical_recurrent,0,,,,,,,,,,,,,,,,,,,,,,,,,,,,,,,,,,0.12185008823871613,0.0,0.0,5.956925868988037,0.5471500158309937,0.18141934275627136,1000,0.5206776840110791,-0.029017168450601667,0.0407520552357984,0.11685322891211226,0,6,0,0,0
4840,medical_recurrent,0,,,,,,,,,,,,,,,,,,,,,,,,,,,,,,,,,,0.12596909701824188,0.0,0.0,5.956925868988037,0.5892499685287476,0.18553835153579712,1000,0.5221068899391303,-0.05683791539403111,0.041485852613631226,0.11240721143900402,0,6,0,0,0
4860,medical_recurrent,0,,,,,,,,,,,,,,,,,,,,,,,,,,,,,,,,,,0.07728633284568787,0.0,0.0,5.956925868988037,0.6283000111579895,0.1368555873632431,1000,0.5151406988444008,-0.003111288546019101,0.04463978054238454,0.053322328246449904,0,6,0,0,0
4880,medical_recurrent,0,,,,,,,,,,,,,,,,,,,,,,,,,,,,,,,,,,0.06137622892856598,0.0,0.0,5.956831455230713,0.5972999930381775,0.120944544672966,1000,0.4952882796387857,-0.04623504618315825,0.05048508551563063,0.0667148528857127,0,6,0,0,0
4900,medical_recurrent,0,,,,,,,,,,,,,,,,,,,,,,,,,,,,,,,,,,0.12093552201986313,0.0,0.0,5.956831455230713,0.5471500158309937,0.18050383031368256,1000,0.49875245228003096,-0.00834552018204704,0.037595849345246006,0.11777272119763352,0,6,0,0,0
4920,medical_recurrent,0,,,,,,,,,,,,,,,,,,,,,,,,,,,,,,,,,,0.12108571082353592,0.0,0.0,5.956831455230713,0.5892499685287476,0.18065401911735535,1000,0.4992009184516509,0.01784677268213792,0.03473525517324488,0.1063951989221904,0,6,0,0,0
4940,medical_recurrent,0,,,,,,,,,,,,,,,,,,,,,,,,,,,,,,,,,,0.07772305607795715,0.0,0.0,5.956741809844971,0.6283000111579895,0.13729047775268555,1000,0.4976191895641942,-0.015021031782712921,0.03289804951997385,0.05296788953155989,0,6,0,0,0
4949,,,0.078125,0.5091382865883096,1.6239025349427176,5.072848706921036,0.5465855381422218,32,8415,0.4043829743776943,1.8357026619102872,6.269537963578993,0.3473510911941793,32,14382,0.7510986328125,0.3691304524739583,1.517595695479727,4.561245378138833,0.046875,0.08381765530570484,0.8638316192478666,2.3722327950254285,0.17343389512961993,32,6174,0.03125,-0.21435730249206797,1.7469459658180362,5.737054732378738,,32,3861,1000,0.23,,,,,,,,,,,,,,,,
4950,,,,0.5102428307082776,1.6250070790626856,5.0784549877540375,,32,8415,0.404930083978128,1.8362497715107209,6.272969026487295,,32,14382,0.7510986328125,0.3691304524739583,1.517443325246829,4.560550433064076,,0.08304408857804657,0.8630580525202083,2.370398424260507,,32,6174,,-0.21584487041640354,1.7454583978937006,5.728526818277023,,32,3861,1000,0.012,,,,,,,,,,,,,,,,
4960,code_revisit,0,,,,,,,,,,,,,,,,,,,,,,,,,,,,,,,,,,0.45694872736930847,0.0,0.0,5.956741809844971,0.8968499898910522,0.5165161490440369,1000,0.37749606580600087,0.355021860949429,0.2535119899119886,3.1044525855117375,0,0,0,6,0
4980,code_revisit,0,,,,,,,,,,,,,,,,,,,,,,,,,,,,,,,,,,0.4025295376777649,0.0,0.0,5.956753730773926,0.8968000411987305,0.46209707856178284,994,0.40473860760836544,0.19068574852177075,0.19511664584426888,0.8454577217735941,0,1,0,5,1
5000,code_revisit,0,,,,,,,,,,,,,,,,,,,,,,,,,,,,,,,,,,0.355948269367218,0.0,0.0,5.956696510314941,0.8841999769210815,0.4155152440071106,1000,0.39305975104246427,0.26205150304096086,0.1342846802036677,1.5652756925140108,0,0,0,6,0
5000,,,,0.22917227334233892,1.343936521696747,3.8341068821887845,,32,8415,0.33420918909867803,1.765528876631271,5.844662646314646,,32,14382,0.7510986328125,0.36876180220623406,1.4092565415681586,4.092911363188715,,0.034676697943872514,0.8146906618860342,2.2584769312872925,,32,6174,,-0.24843316225152146,1.7128701060585827,5.544852977695057,,32,3861,1000,0.2205,,,,,,,,,,,,,,,,
5020,code_revisit,0,,,,,,,,,,,,,,,,,,,,,,,,,,,,,,,,,,0.26498740911483765,0.0,0.0,5.95668363571167,0.9069499969482422,0.3245542347431183,1000,0.3970031224281321,0.16930925636552274,0.11218254373127978,1.597029241150807,0,0,0,6,0
5040,code_revisit,0,,,,,,,,,,,,,,,,,,,,,,,,,,,,,,,,,,0.22560547292232513,0.0,0.0,5.957395076751709,0.8968499898910522,0.2851794362068176,965,0.40006160943978974,-0.029484013186967268,0.07824724422442535,0.27245471052943715,0,6,0,0,1
5050,,,,0.12741105186748003,1.242175300221888,3.4631386432932114,,32,8415,0.2645969255596188,1.6959166130922116,5.4516407209927165,,32,14382,0.7510986328125,0.3666464617463196,1.3331540813478533,3.7929879331248544,,-0.041308725231629095,0.7387052387105326,2.0932235343872727,,32,6174,,-0.3054840949433233,1.6558191733667809,5.237368478172161,,32,3861,927,0.3155339805825243,,,,,,,,,,,,,,,,
5060,code_revisit,0,,,,,,,,,,,,,,,,,,,,,,,,,,,,,,,,,,0.2808836102485657,0.0,0.0,5.9585862159729,0.8968000411987305,0.34046947956085205,913,0.3911938359087997,-0.015654026281221638,0.07022610677642718,0.44531839890849023,0,3,0,3,1
5080,code_revisit,0,,,,,,,,,,,,,,,,,,,,,,,,,,,,,,,,,,0.20714667439460754,0.0,0.0,5.9598002433776855,0.8841999769210815,0.2667446732521057,862,0.40962576495286246,-0.015568197526070955,0.03738215049684402,0.2948825258643381,0,6,0,0,1
5100,code_revisit,0,,,,,,,,,,,,,,,,,,,,,,,,,,,,,,,,,,0.15811803936958313,0.0,0.0,5.961068630218506,0.9069499969482422,0.21772871911525726,836,0.42090078566221445,0.03874478283978533,0.05093796903060542,0.4276831891594662,0,6,0,0,1
5100,,,,0.15683236532953626,1.2715966136839443,3.566542409318144,,32,8415,0.26672312354961925,1.6980428110822121,5.463244319938891,,32,14382,0.7510986328125,0.36364956291354433,1.3446926751551573,3.8370071517539075,,-0.0336036200194364,0.7464103439227253,2.109414337772045,,32,6174,,-0.29858233637835685,1.6627209319317473,5.273640557508661,,32,3861,836,0.21889952153110048,,,,,,,,,,,,,,,,
5120,code_revisit,0,,,,,,,,,,,,,,,,,,,,,,,,,,,,,,,,,,0.19514848291873932,0.0,0.0,5.961721897125244,0.8968499898910522,0.25476568937301636,814,0.4012386165590414,-0.07807743042940274,0.04628339531861009,0.18078705122073493,0,6,0,0,1
5140,code_revisit,0,,,,,,,,,,,,,,,,,,,,,,,,,,,,,,,,,,0.22966431081295013,0.0,0.0,5.962579250335693,0.8968000411987305,0.28929010033607483,765,0.3811266074822573,-0.04774628710531813,0.04555712167343628,0.17426686369710498,0,6,0,0,1
5150,,,,0.05504077133931218,1.1698050196937202,3.2213644746587904,,32,8415,0.22914909709728293,1.6604687846298758,5.26177690651535,,32,14382,0.7510986328125,0.35526581848559735,1.299147152510192,3.6661686512169696,,-0.06369355661721532,0.7163204073249464,2.0468876241066503,,32,6174,,-0.31130886991787854,1.6499943983922256,5.20695065980286,,32,3861,744,0.15591397849462366,,,,,,,,,,,,,,,,
5160,code_revisit,0,,,,,,,,,,,,,,,,,,,,,,,,,,,,,,,,,,0.18916192650794983,0.0,0.0,5.963663578033447,0.8841999769210815,0.24879856407642365,732,0.3683957617511259,-0.02507387219312867,0.04571939039354523,0.221166138439661,0,6,0,0,1
5180,code_revisit,0,,,,,,,,,,,,,,,,,,,,,,,,,,,,,,,,,,0.17587532103061676,0.0,0.0,5.964196681976318,0.9069499969482422,0.23551729321479797,694,0.3679549748322106,0.07766715749000598,0.0343579866357946,0.3068144352308341,0,6,0,0,1
5200,code_revisit,0,,,,,,,,,,,,,,,,,,,,,,,,,,,,,,,,,,0.210203155875206,0.0,0.0,5.964921951293945,0.8968499898910522,0.2698523700237274,662,0.4049476351908782,0.14337967085053346,0.02587952685786322,0.16699349306937722,0,6,0,0,1
5200,,,,0.0007880353105969018,1.115552283665005,3.051252871044441,,32,8415,0.2077282186907896,1.6390479062233825,5.150263643218944,,32,14382,0.7510986328125,0.35214469546363464,1.2711655732097462,3.5650054164636455,,-0.0856585711153881,0.6943553928267736,2.0024178848986227,,32,6174,,-0.32559655818627986,1.6357067101238243,5.13308431815139,,32,3861,662,0.09214501510574018,,,,,,,,,,,,,,,,
5220,code_revisit,0,,,,,,,,,,,,,,,,,,,,,,,,,,,,,,,,,,0.2620878517627716,0.0,0.0,5.96514892578125,0.8968000411987305,0.3217393457889557,629,0.4514931414120325,0.0708741965063382,0.030201648410394907,0.17450220739794156,0,6,0,0,1
5240,code_revisit,0,,,,,,,,,,,,,,,,,,,,,,,,,,,,,,,,,,0.2408006489276886,0.0,0.0,5.965351104736328,0.8841999769210815,0.30045416951179504,622,0.4810391288552965,0.2597990350332111,0.021673902288256656,0.21231426107031956,0,6,0,0,1
5250,,,,-0.041990613569054425,1.0727736347853536,2.9234769224257717,,32,8415,0.16653149981041837,1.5978511873430112,4.942400712500542,,32,14382,0.7510986328125,0.3521048098194356,1.2391874812170507,3.4528068542822163,,-0.11620889854616512,0.6638050653959966,1.9421683700115266,,32,6174,,-0.33898323096626304,1.6223200373438411,5.064827284637624,,32,3861,619,0.029079159935379646,,,,,,,,,,,,,,,,
5260,code_revisit,0,,,,,,,,,,,,,,,,,,,,,,,,,,,,,,,,,,0.2005891501903534,0.0,0.0,5.965475082397461,0.9069499969482422,0.26024389266967773,619,0.502048300236763,0.3751452393730038,0.024271670388915235,0.24970841989926404,0,6,0,0,1
5280,code_revisit,0,,,,,,,,,,,,,,,,,,,,,,,,,,,,,,,,,,0.2372422069311142,0.0,0.0,5.965541839599609,0.8968499898910522,0.29689761996269226,619,0.5141435772589589,0.37002595301185337,0.020614725222722403,0.15488484432063407,0,6,0,0,0
5300,code_revisit,0,,,,,,,,,,,,,,,,,,,,,,,,,,,,,,,,,,0.2704218327999115,0.0,0.0,5.96563720703125,0.8968000411987305,0.33007821440696716,621,0.5001274946447384,0.31106092082336545,0.02245770024564413,0.16988296594234215,0,6,0,0,1
5300,,,,-0.05555241494680252,1.0592118334076055,2.8840969443617936,,32,8415,0.1536687501629641,1.584988437695557,4.879234962986494,,32,14382,0.7510986328125,0.35209868554355334,1.2283492473468045,3.4155865913899963,,-0.13040027674016041,0.6496136872020013,1.9148009739934917,,32,6174,,-0.3417202372280497,1.6195830310820545,5.05098377417416,,32,3861,621,0.0322061191626409,,,,,,,,,,,,,,,,
5320,code_revisit,0,,,,,,,,,,,,,,,,,,,,,,,,,,,,,,,,,,0.24472548067569733,0.0,0.0,5.965747833251953,0.8841999769210815,0.30438295006752014,621,0.5978772405586147,0.3424763529827552,0.02819492846047358,0.1950012181663797,0,6,0,0,1
5340,code_revisit,0,,,,,,,,,,,,,,,,,,,,,,,,,,,,,,,,,,0.20121753215789795,0.0,0.0,5.965900421142578,0.9069499969482422,0.26087653636932373,626,0.6490607973512584,0.38976484833152164,0.025095885734458173,0.24959800886138092,0,6,0,0,0
5350,,,,-0.06479192995557592,1.049972318398832,2.8575720147994943,,32,8415,0.14363875831388628,1.5749584458464791,4.830540884902138,,32,14382,0.7510986328125,0.3516367698202328,1.2208505320532073,3.390069870860316,,-0.14226228240086958,0.6377516815412921,1.8922217760417899,,32,6174,,-0.3405835858838788,1.6207196824262253,5.056728245782671,,32,3861,614,0.021986970684039087,,,,,,,,,,,,,,,,
5360,code_revisit,0,,,,,,,,,,,,,,,,,,,,,,,,,,,,,,,,,,0.24820734560489655,0.0,0.0,5.966162204742432,0.8968499898910522,0.30786895751953125,621,0.6616787151540605,0.3931278396131737,0.02580032614429319,0.15893349086363165,0,6,0,0,1
5380,code_revisit,0,,,,,,,,,,,,,,,,,,,,,,,,,,,,,,,,,,0.2767627239227295,0.0,0.0,5.966470718383789,0.8968000411987305,0.3364274203777313,627,0.6480072713385147,0.32199567042490734,0.022329099335530327,0.18564021269539518,0,6,0,0,0
5399,,,0.0625,-0.06511149958918216,1.0496527487652259,2.856658967456594,,32,8415,0.1400529789569862,1.571372666489579,4.81325064912587,0.08302109577347117,32,14382,0.7510986328125,0.3503706795828683,1.2179940121195298,3.3803998865245024,0.03125,-0.14819244740655757,0.6318215165356041,1.881033794757214,-0.05857620758264248,32,6174,0.015625,-0.34217415162239373,1.6191291166877104,5.04869158020274,-0.12781684913032576,32,3861,618,0.021035598705501618,,,,,,,,,,,,,,,,
5400,mixed_tail,0,,,,,,,,,,,,,,,,,,,,,,,,,,,,,,,,,,0.8438444137573242,0.0,0.0,5.966701030731201,0.6410499811172485,0.9035114049911499,614,0.26714820847416626,0.013169417118011293,0.020412259320506738,0.7876901386157861,0,4,0,2,1
5420,mixed_tail,0,,,,,,,,,,,,,,,,,,,,,,,,,,,,,,,,,,1.0367547273635864,0.0,0.0,5.966763496398926,0.7836500406265259,1.0964223146438599,687,0.2980535791308011,0.10168802197689988,0.05102180890029385,0.2948307846746747,0,5,0,1,1
5440,mixed_tail,0,,,,,,,,,,,,,,,,,,,,,,,,,,,,,,,,,,0.399336040019989,0.0,0.0,5.966807842254639,0.8948500156402588,0.45900410413742065,735,0.4108201134073656,0.08945853362508517,0.044699837477315985,0.6589280173182487,0,5,0,1,0
5460,mixed_tail,0,,,,,,,,,,,,,,,,,,,,,,,,,,,,,,,,,,1.1332646608352661,0.0,0.0,5.9668402671813965,0.7942500114440918,1.1929330825805664,777,0.33262929757205134,0.11760323210702543,0.03984366374179011,0.3472984265417806,0,5,0,1,1
5480,mixed_tail,0,,,,,,,,,,,,,,,,,,,,,,,,,,,,,,,,,,0.7585260272026062,0.0,0.0,5.966906547546387,0.8691499829292297,0.818195104598999,818,0.5379582746889897,0.05723771336488426,0.044124299003964376,0.686983338885364,0,0,0,6,0
5500,mixed_tail,0,,,,,,,,,,,,,,,,,,,,,,,,,,,,,,,,,,1.2120978832244873,0.0,0.0,5.966997146606445,0.805649995803833,1.2717678546905518,883,0.40862900074878267,0.06668153704543199,0.05077181821836839,0.3210553762636014,0,5,0,1,0
5500,,,,-0.0942417228639798,1.0205225254904282,2.7746442075710283,,32,8415,0.09717686387498259,1.5284965514075755,4.611238847607727,,32,14382,0.7510986328125,0.3503268494897959,1.181069881977616,3.257857862417737,,-0.18539580211386086,0.5946181618283009,1.8123387926923868,,32,6174,,-0.38066097912594477,1.5806422891841594,4.858075098479557,,32,3861,883,0.039637599093997736,,,,,,,,,,,,,,,,
5520,mixed_tail,0,,,,,,,,,,,,,,,,,,,,,,,,,,,,,,,,,,0.7079984545707703,0.0,0.0,5.9672627449035645,0.8253499865531921,0.7676711082458496,908,0.4456607546981357,0.09662498292267888,0.03197927586290808,1.325873518581428,0,0,0,6,0
5540,mixed_tail,0,,,,,,,,,,,,,,,,,,,,,,,,,,,,,,,,,,0.5271400213241577,0.0,0.0,5.967988014221191,0.887499988079071,0.5868198871612549,923,0.46233870614140926,0.09667867699837578,0.032914517463613596,0.798111842277031,0,1,0,5,1
5560,mixed_tail,0,,,,,,,,,,,,,,,,,,,,,,,,,,,,,,,,,,0.5053681135177612,0.0,0.0,5.968512535095215,0.903249979019165,0.5650532245635986,940,0.29094320196726636,0.04099378176241381,0.04609564741009048,1.031590357990492,0,1,0,5,1
5580,mixed_tail,0,,,,,,,,,,,,,,,,,,,,,,,,,,,,,,,,,,0.44563278555870056,0.0,0.0,5.968934535980225,0.8596999645233154,0.5053220987319946,941,0.384354058711458,0.03003963161401251,0.037720978863921666,0.46946054368265094,0,6,0,0,1
5600,mixed_tail,0,,,,,,,,,,,,,,,,,,,,,,,,,,,,,,,,,,1.101936936378479,0.0,0.0,5.9691667556762695,0.7904000282287598,1.1616286039352417,956,0.4423691645535795,0.0816045043008801,0.04159973844264945,0.3188261413207603,0,6,0,0,0
5620,mixed_tail,0,,,,,,,,,,,,,,,,,,,,,,,,,,,,,,,,,,0.5013461709022522,0.0,0.0,5.969287872314453,0.8739500045776367,0.5610390305519104,991,0.421723052271571,0.030757709106962596,0.04029588169078269,0.7111167742382912,0,1,0,5,1
5640,mixed_tail,0,,,,,,,,,,,,,,,,,,,,,,,,,,,,,,,,,,0.34905996918678284,0.0,0.0,5.969820499420166,0.8897500038146973,0.40875816345214844,979,0.2287348583625413,0.016318290796854335,0.03049179201738702,0.49800259005574005,0,4,0,2,1
5660,mixed_tail,0,,,,,,,,,,,,,,,,,,,,,,,,,,,,,,,,,,0.48214665055274963,0.0,0.0,5.970041751861572,0.8600499629974365,0.5418470501899719,987,0.3117411971969033,0.032142417985596694,0.028682547055243972,0.5057650434710677,0,3,0,3,1
5680,mixed_tail,0,,,,,,,,,,,,,,,,,,,,,,,,,,,,,,,,,,0.8523582816123962,0.0,0.0,5.970223903656006,0.8509500026702881,0.9120604991912842,997,0.4984422674050853,0.025960900232478577,0.031026381857338407,0.43721995541145875,0,5,0,1,1
5700,mixed_tail,0,,,,,,,,,,,,,,,,,,,,,,,,,,,,,,,,,,0.41094449162483215,0.0,0.0,5.970466613769531,0.8881499767303467,0.4706491529941559,994,0.43338264791222475,0.02001021058614632,0.039739190690988115,0.5427250585503994,0,4,0,2,1
5720,mixed_tail,0,,,,,,,,,,,,,,,,,,,,,,,,,,,,,,,,,,1.126676321029663,0.0,0.0,5.970619201660156,0.7861499786376953,1.186382532119751,994,0.3340862793727675,0.08151066426736568,0.034624693332801736,0.30317120963027555,0,6,0,0,0
5740,mixed_tail,0,,,,,,,,,,,,,,,,,,,,,,,,,,,,,,,,,,0.47671952843666077,0.0,0.0,5.971022129058838,0.8856499791145325,0.536429762840271,991,0.4561981333042642,0.04513437233150138,0.03082208562908428,0.49135011904059894,0,5,0,1,0
5750,,,,-0.11432585056098676,1.0004383977934213,2.7194737784695757,,32,8415,0.06477235643675683,1.4960920439693497,4.464209004419117,,32,14382,0.7510986328125,0.34467941076577113,1.1452368941172066,3.1431858708922866,,-0.22642418725767843,0.5535897766844833,1.739486190294125,,32,6174,,-0.43047591028853227,1.5308273580215719,4.621999288994942,,32,3861,990,0.18838383838383838,,,,,,,,,,,,,,,,
5760,mixed_tail,0,,,,,,,,,,,,,,,,,,,,,,,,,,,,,,,,,,0.36194637417793274,0.0,0.0,5.971356391906738,0.9077000021934509,0.4216599464416504,1000,0.40301742905754084,0.03081799515972047,0.035756402096105,0.548180346770419,0,1,0,5,0
5780,mixed_tail,0,,,,,,,,,,,,,,,,,,,,,,,,,,,,,,,,,,0.4264777898788452,0.0,0.0,5.971529006958008,0.9188500046730042,0.48619309067726135,995,0.43296797410696575,0.04805636981057303,0.02782034914171885,0.5990601502004125,0,2,0,4,1
5800,mixed_tail,0,,,,,,,,,,,,,,,,,,,,,,,,,,,,,,,,,,0.9258536100387573,0.0,0.0,5.972004413604736,0.8548499941825867,0.9855736494064331,993,0.4377927612366734,0.07493775769086954,0.032651608395168466,0.6252365484715454,0,2,0,4,1
5820,mixed_tail,0,,,,,,,,,,,,,,,,,,,,,,,,,,,,,,,,,,1.1726292371749878,0.0,0.0,5.972257137298584,0.7840999960899353,1.2323517799377441,990,0.4457264498357251,0.07336053077597171,0.03322460066216688,0.30439857789684854,0,6,0,0,0
5840,mixed_tail,0,,,,,,,,,,,,,,,,,,,,,,,,,,,,,,,,,,0.3988821506500244,0.0,0.0,5.9725775718688965,0.898900032043457,0.45860791206359863,1000,0.41666102065175864,0.026374668070535075,0.042420663964003326,0.8450457158661078,0,0,0,6,0
5860,mixed_tail,0,,,,,,,,,,,,,,,,,,,,,,,,,,,,,,,,,,1.269232988357544,0.0,0.0,5.972982883453369,0.8784999847412109,1.328962802886963,1000,0.478419045311968,0.06668014358729124,0.029729868685235344,1.0072514050536685,0,0,0,6,0
5880,mixed_tail,0,,,,,,,,,,,,,,,,,,,,,,,,,,,,,,,,,,0.8332754969596863,0.0,0.0,5.9733405113220215,0.6473000049591064,0.8930088877677917,983,0.4390365714604875,0.050050705729518086,0.026668996880540533,0.7320845267602376,0,4,0,2,1
5900,mixed_tail,0,,,,,,,,,,,,,,,,,,,,,,,,,,,,,,,,,,0.9017540216445923,0.0,0.0,5.973795413970947,0.8578000068664551,0.9614920020103455,992,0.4643131253577942,0.013772447812828301,0.03693072530367071,0.428885167766185,0,6,0,0,0
5920,mixed_tail,0,,,,,,,,,,,,,,,,,,,,,,,,,,,,,,,,,,1.0295484066009521,0.0,0.0,5.974088668823242,0.8282500505447388,1.0892893075942993,991,0.41157803151288774,0.0024040209245868027,0.02459083700936938,0.27388603998909866,0,6,0,0,0
5940,mixed_tail,0,,,,,,,,,,,,,,,,,,,,,,,,,,,,,,,,,,0.35290226340293884,0.0,0.0,5.974530220031738,0.8896999955177307,0.4126475751399994,990,0.40788797536191257,0.05242965824644281,0.03137617563562734,0.4637233334401297,0,5,0,1,0
5960,mixed_tail,0,,,,,,,,,,,,,,,,,,,,,,,,,,,,,,,,,,0.893278956413269,0.0,0.0,5.974812030792236,0.9025999903678894,0.953027069568634,994,0.458932597331026,0.03113320482121448,0.025701111705885047,0.6584520074583236,0,0,0,6,0
5980,mixed_tail,0,,,,,,,,,,,,,,,,,,,,,,,,,,,,,,,,,,0.6973854899406433,0.0,0.0,5.975089073181152,0.77920001745224,0.7571364045143127,990,0.4856168111967963,0.020909311082505155,0.039961951602959914,0.26858744272400464,0,6,0,0,1
5999,mixed_tail,0,,,,,,,,,,,,,,,,,,,,,,,,,,,,,,,,,,0.4175882339477539,0.0,0.0,5.975488662719727,0.8863999843597412,0.4773431122303009,995,0.4221265925935289,0.037296522050123064,0.03271019724641173,0.5629787237871261,0,4,0,2,1
5999,,,0.078125,-0.12611036838978007,0.988653879964628,2.687614184923543,,32,8415,0.05437432879152326,1.4856940163241161,4.418030534344627,,32,14382,0.7510986328125,0.3398334217720291,1.1290228567863212,3.0926330777826117,0.03125,-0.2434926182852234,0.5365213456569383,1.710047838162589,,32,6174,0.015625,-0.456081083110502,1.5052221851996022,4.5051544977467195,,32,3861,995,0.019095477386934675,,,,,,,,,,,,,,,,
