spec_id,phase,aulc_mean,aulc_std,final_loss_mean,final_loss_std
full_ft,math_recurrent,1.0281811513610788,0.07442146637704952,0.8954562942186991,0.12067673862324663
gold_ce,math_recurrent,1.567367962083301,0.08163441775330153,1.4442458550135295,0.1378776002679048
lora_only,math_recurrent,1.6698516005868311,0.07770970353540706,1.6459505160649617,0.1342619205595577
molf_style,math_recurrent,1.3050247218694773,0.43288228795127126,0.9921124776204427,0.16398871253950217
no_consolidation,math_recurrent,1.584359943329751,0.09341627917129404,1.4774787425994873,0.15116299580705508
no_retrieval,math_recurrent,1.5604541344685599,0.09905763243649345,1.4408446947733562,0.16239611567464837
plateau_trigger,math_recurrent,1.6696036189526051,0.07797602818496341,1.6456942160924275,0.13419337213663823
random_routing,math_recurrent,1.4985464652916332,0.11368417947285514,1.3293304840723674,0.14635378561122003
surprise_gate,math_recurrent,1.5499805260348964,0.11026629433680905,1.4476318359375,0.16592403852975884
trihope,math_recurrent,1.5411841429031645,0.09976053978911571,1.4295241832733154,0.15533760048315293
trihope_no_hash,math_recurrent,1.5266491751950066,0.09280040708801526,1.4076743523279827,0.15276585363715606
